	Akkermansia_muciniphila	Alistipes_onderdonkii	Alistipes_putredinis	Bacteroides_caccae	Bacteroides_cellulosilyticus	Bacteroides_dorei	Bacteroides_faecis	Bacteroides_fragilis	Bacteroides_massiliensis	Bacteroides_ovatus	Bacteroides_stercoris	Bacteroides_thetaiotaomicron	Bacteroides_uniformis	Bacteroides_vulgatus	Bacteroides_xylanisolvens	Barnesiella_intestinihominis	Clostridium_bolteae	Dialister_invisus	Escherichia_coli	Eubacterium_rectale	Eubacterium_siraeum	Faecalibacterium_prausnitzii	Odoribacter_splanchnicus	Parabacteroides_distasonis	Parabacteroides_merdae	Parabacteroides_unclassified	Prevotella_copri	Roseburia_intestinalis	Ruminococcus_gnavus	Ruminococcus_torques	Subdoligranulum_unclassified	Sutterella_wadsworthensis	Veillonella_parvula
CSM5MCVL	0	0	0	0	0	0	0	3329	0	0	0	1654	0	4014	298	0	55	306	144	186	0	2	0	0	0	1	0	0	1	11	0	0	0
CSM5MCVN	0	0	0	0	0	0	0	2084	0	0	0	1165	0	5926	230	0	19	314	3	254	0	0	0	0	0	5	0	0	0	0	1	0	0
CSM5MCW6	0	0	0	0	0	9571	0	0	0	0	0	0	0	0	0	0	108	0	0	0	0	0	246	0	0	0	0	0	4	14	57	0	0
CSM5MCWC	0	0	1	0	0	0	0	0	0	1	3	0	2	6	0	0	0	0	534	1	0	5	0	0	0	0	0	7602	105	39	274	0	1425
CSM5MCWE	0	0	0	0	0	0	0	0	0	0	0	0	0	0	0	0	0	0	2547	0	0	0	0	0	0	0	0	3052	466	56	227	0	3652
CSM5MCWG	0	0	0	0	0	0	0	0	0	0	0	0	0	0	0	0	0	0	9999	0	0	0	0	0	0	0	0	0	0	0	0	0	0
CSM5MCXD	365	0	0	275	0	0	0	170	0	0	0	1702	4674	978	0	0	223	622	13	0	0	656	0	0	0	0	0	0	5	223	95	0	0
CSM5MCXT	0	9	830	585	814	3	5	0	0	6	315	696	1029	2393	38	156	7	0	0	273	1177	669	106	419	159	0	0	106	0	26	180	0	0
CSM5MCXV	0	29	907	243	988	0	2	0	0	7	217	92	1030	2747	3	271	4	0	0	14	1194	1080	128	552	262	0	0	10	0	33	186	0	1
CSM5MCY2	0	64	1229	251	1187	1	3	0	0	6	195	218	896	2887	6	169	1	0	4	161	709	1020	126	309	204	0	0	33	0	23	293	0	4
CSM5MCYS	982	0	0	4880	0	0	0	387	0	0	0	1700	1399	81	0	0	31	2	27	0	0	1	0	0	0	2	0	0	2	215	289	0	0
CSM5MCYW	0	0	0	0	0	9208	0	0	0	0	0	0	0	1	0	0	318	0	0	0	0	1	302	0	0	0	0	0	12	90	68	0	0
CSM5MCZ3	0	0	0	0	0	8588	0	0	0	0	0	0	0	0	0	0	312	0	0	0	0	1	696	0	0	0	0	0	75	142	186	0	0
CSM5MCZ5	0	0	0	0	0	9112	0	0	0	0	0	0	0	0	0	0	216	0	0	0	0	2	323	0	0	0	0	0	75	144	129	0	0
CSM5MCZ7	0	0	0	0	0	9257	0	0	0	0	0	0	0	0	0	0	287	0	0	0	0	2	323	0	0	0	0	0	6	71	53	0	2
CSM5MCZB	50	0	7	759	37	28	25	0	0	1218	3753	4	979	766	2	0	68	0	0	1114	0	553	0	192	310	0	0	0	0	16	118	0	0
CSM5MCZD	0	49	623	224	0	0	0	0	0	209	387	88	2727	531	1	0	0	0	0	1795	130	2309	55	145	182	0	0	0	0	35	511	0	0
CSM5MCZF	0	58	675	324	0	0	0	0	0	153	354	102	3564	450	1	0	0	0	0	961	162	2362	73	102	151	0	0	0	0	29	478	0	0
CSM67U9B	0	57	370	203	0	1	0	0	0	311	292	47	2327	613	0	0	0	0	0	2469	1234	1179	30	66	109	0	0	0	0	33	660	0	0
CSM67U9D	0	61	495	196	0	0	0	0	0	252	776	52	2799	470	0	0	0	0	0	1146	889	1905	45	96	138	0	0	0	0	9	671	0	1
CSM67U9J	251	0	0	281	0	0	0	285	0	0	0	1319	6639	543	0	0	88	248	55	0	0	209	0	0	0	1	0	0	0	43	39	0	0
CSM67UA2	708	1649	0	214	0	0	0	205	0	0	0	2196	3708	631	0	0	35	355	61	0	0	181	0	0	0	1	0	0	1	21	36	0	0
CSM67UAA	0	1	117	33	17	65	0	0	0	2	39	17	39	277	10	7	1	0	3020	25	9	111	0	20	3	0	0	97	876	98	7	0	5108
CSM67UAG	0	0	0	0	0	0	0	0	0	0	0	0	0	0	0	0	353	24	3375	0	0	0	0	0	0	0	0	0	1802	327	0	0	4120
CSM67UAU	0	444	1133	764	0	230	3	487	0	749	5	36	602	751	320	0	2	205	2	95	0	3105	287	10	0	178	0	47	0	9	533	0	0
CSM67UAW	0	1140	1433	691	0	335	1	529	0	583	0	48	357	880	153	0	3	368	29	42	0	2350	366	18	0	142	0	55	0	28	449	0	1
CSM67UAY	481	914	1545	609	0	260	4	440	0	393	0	31	266	666	1412	0	3	446	109	72	0	1433	406	8	0	60	0	23	0	64	355	0	0
CSM67UB1	239	1067	1567	905	0	307	3	1312	0	577	0	31	547	739	245	0	1	248	142	13	0	835	686	16	0	122	0	0	0	75	325	0	0
CSM67UB3	541	957	1677	728	0	343	1	803	0	526	0	29	168	1000	240	0	4	535	56	98	0	961	501	12	0	90	0	9	0	69	652	0	0
CSM67UB9	0	0	0	107	3	18	0	0	0	5065	34	231	2389	1301	8	0	358	0	0	0	4	446	0	1	3	4	0	0	9	0	20	0	0
CSM67UBB	43	195	0	0	0	0	0	0	3524	881	3693	0	0	0	0	0	2	0	0	21	53	1008	0	0	0	1	1	540	11	16	10	0	0
CSM67UBF	0	0	0	0	0	1	0	2254	0	0	0	3020	0	3964	111	0	37	443	10	39	0	2	0	0	0	0	0	103	0	12	4	0	0
CSM67UBH	0	0	0	0	0	0	0	1857	0	0	0	3607	0	2786	235	0	49	552	51	815	0	0	0	0	0	2	0	27	3	15	1	0	0
CSM67UBN	0	0	0	0	0	0	0	2000	0	0	0	1183	0	5540	150	0	22	335	0	755	0	0	0	0	0	1	0	10	0	5	0	0	0
CSM67UBR	0	0	0	0	0	1	0	2693	0	0	0	2336	0	3969	204	0	12	269	11	357	0	0	0	0	0	0	0	146	0	0	0	0	0
CSM67UCK	0	32	835	353	416	0	10	0	0	21	378	78	1630	1188	4	88	120	0	1	2	1552	1563	99	967	60	84	0	3	0	12	502	0	0
CSM67UGC	534	5165	0	2074	0	2	0	1042	0	0	0	349	338	211	0	0	2	37	58	0	0	12	0	0	0	0	0	0	0	144	33	0	0
CSM67UGO	0	77	601	238	0	0	0	0	0	473	406	23	1720	509	1	0	0	0	0	3799	15	1328	0	85	192	0	9	0	0	54	469	0	0
CSM79HG5	96	480	0	409	0	0	0	400	0	0	0	2275	5418	787	0	0	43	2	10	0	0	14	0	0	0	4	0	0	1	58	2	0	0
CSM79HGP	201	3731	0	240	0	0	0	161	0	0	0	805	3984	328	0	0	78	231	16	0	0	139	0	0	0	1	0	0	1	43	42	0	0
CSM79HH4	19	96	21	50	3249	0	11	0	217	195	0	2	965	1132	5	14	46	0	1688	514	0	0	468	205	43	379	0	0	0	24	658	0	0
CSM79HH8	97	749	210	72	790	115	27	4	1022	512	300	20	1388	1127	33	107	176	0	564	308	17	32	261	95	69	118	0	3	5	56	1718	5	0
CSM79HHA	207	192	27	6	5721	0	10	0	413	387	1	0	324	584	6	70	113	0	497	115	0	0	241	12	10	195	1	0	0	39	829	0	0
CSM79HHM	36	918	503	202	0	616	0	50	0	8	3308	33	1330	6	42	224	0	0	14	2	1453	504	129	5	180	0	0	136	0	10	224	68	0
CSM79HHO	33	1172	822	187	0	987	0	85	0	1	1868	55	587	0	24	840	0	0	0	24	1410	701	166	14	372	0	0	53	0	8	430	162	0
CSM79HHU	193	376	659	92	1	1067	0	91	6	8	2260	27	2014	15	35	435	0	0	0	35	1377	369	156	8	268	0	0	96	0	12	204	199	0
CSM79HHW	0	0	1460	1557	0	1440	0	428	0	1478	0	0	1	0	28	0	416	0	2	437	0	134	0	0	0	2	0	0	2098	159	350	0	8
CSM79HI3	0	0	0	0	0	0	0	0	0	0	0	0	0	0	0	0	362	0	2584	0	0	0	0	0	0	0	0	0	606	72	0	0	6376
CSM79HI7	0	0	0	0	0	0	0	0	0	0	0	0	0	0	0	0	1663	0	2841	0	0	0	0	0	0	0	0	0	1114	135	0	0	4247
CSM79HIB	0	0	0	0	0	0	0	0	0	0	0	0	0	1	0	0	418	0	1027	0	1	3	0	0	0	0	0	0	5801	375	1	0	2372
CSM79HIR	9	740	1421	956	0	356	8	518	0	959	0	56	1286	969	607	0	3	89	19	424	0	488	379	17	0	118	0	233	0	177	170	0	0
CSM79HIT	10	774	1107	1149	0	244	3	494	0	559	0	89	598	552	468	0	5	514	249	389	0	1246	813	13	0	94	0	74	0	128	429	0	0
CSM79HIV	5	747	1303	886	0	314	10	559	0	628	0	4	1447	900	895	0	8	330	75	46	0	397	444	21	0	124	0	66	0	459	335	0	0
CSM79HIX	0	1005	1108	493	0	231	12	454	0	1391	0	1082	1355	623	1115	0	2	0	0	7	0	432	294	13	0	110	0	0	11	162	100	0	0
CSM79HIZ	0	523	722	236	0	107	5	369	0	505	5	205	2582	304	455	0	9	42	0	106	0	2858	111	0	0	22	0	436	3	251	143	0	0
CSM79HJA	0	201	757	969	5	0	0	0	0	259	2163	216	1393	1129	348	0	4	0	0	442	92	622	102	331	376	0	0	0	15	39	81	454	0
CSM79HJM	824	0	975	876	0	1874	0	229	0	2950	0	0	0	0	46	0	14	0	0	1317	184	359	0	0	0	1	0	0	168	24	156	0	1
CSM79HJO	437	0	1766	2195	0	1737	0	263	0	1558	0	0	10	0	65	0	9	0	0	328	57	1334	0	0	0	3	0	0	19	5	177	0	36
CSM79HJQ	0	0	40	11	0	0	0	28	0	0	0	0	21	2	0	0	222	0	64	1237	0	0	0	0	0	0	0	6098	2142	84	52	0	0
CSM79HJS	0	1	588	563	0	1145	0	242	0	2419	87	11	48	98	19	0	8	1	14	412	3	3202	0	12	9	3	0	238	8	6	852	13	0
CSM79HJU	0	0	0	1051	0	156	0	13	0	3621	0	0	0	0	70	0	393	0	1	11	0	2782	0	0	0	0	0	0	48	17	1830	0	8
CSM79HJW	0	0	0	0	0	0	0	769	0	0	0	2763	0	6083	177	0	53	55	0	72	0	0	0	0	0	3	0	11	11	2	0	0	0
CSM79HJY	0	0	0	0	0	0	0	625	0	0	0	1808	0	6236	187	0	39	773	0	291	0	0	0	0	0	1	0	39	0	0	0	0	0
CSM79HK9	0	25	605	246	1267	0	5	0	0	2	521	380	627	2934	6	133	7	0	5	125	879	521	76	373	445	0	0	319	2	33	463	0	1
CSM79HKB	1	31	891	438	669	1	7	0	0	4	95	660	816	3504	9	207	3	0	0	44	738	538	153	392	80	27	0	7	0	4	683	0	0
CSM79HKT	0	0	0	0	0	9685	0	0	0	0	0	0	0	0	0	0	84	0	0	0	0	0	108	0	0	0	0	0	9	47	67	0	0
CSM79HKV	0	0	0	0	0	9637	0	0	0	0	0	0	0	0	0	0	117	0	0	0	0	0	169	0	0	0	0	0	8	25	44	0	0
CSM79HKX	1	0	0	0	124	0	3	16	2784	175	1035	194	1534	619	105	0	0	0	965	93	0	1232	0	9	0	101	0	995	0	10	5	0	2
CSM79HKZ	0	0	0	0	149	0	7	8	3052	215	1126	595	1635	659	115	0	0	0	1649	76	0	357	0	14	0	114	0	202	0	12	12	0	0
CSM79HL4	0	0	0	0	333	0	3	11	1474	143	812	585	2562	592	257	0	0	0	895	386	0	1151	0	72	0	62	0	635	0	8	21	0	0
CSM79HL6	1	0	0	0	374	0	2	18	1618	169	673	110	2101	463	77	0	0	0	2376	652	0	888	0	43	0	23	0	372	0	21	18	0	2
CSM79HN2	1630	565	1911	549	0	1044	0	156	0	1	177	51	709	0	12	922	0	0	46	160	57	428	483	14	477	0	0	35	0	58	401	117	0
CSM79HN6	99	549	507	202	0	672	0	102	0	39	1342	72	1900	0	38	592	0	0	0	8	2807	269	106	3	294	0	0	16	0	34	200	150	0
CSM79HNO	0	0	0	0	0	0	0	4047	0	4078	0	0	0	0	420	0	289	9	1048	0	0	0	0	0	0	0	0	0	102	6	0	0	0
CSM79HNU	0	0	0	0	0	0	0	5770	1	3149	1	0	5	4	472	0	205	0	383	0	0	4	0	0	0	1	0	0	6	0	0	0	0
CSM79HNW	0	0	0	0	0	0	0	3282	0	4374	0	0	0	0	552	0	96	0	1087	0	0	0	0	0	0	1	0	0	556	51	0	0	0
CSM79HOF	2	58	951	383	694	0	9	0	0	0	112	1086	1397	2050	10	165	1	0	0	14	533	841	116	438	41	0	0	14	0	12	1073	0	0
CSM79HOH	0	47	1026	408	268	0	5	0	0	3	129	429	912	3779	10	300	3	0	0	140	747	794	109	240	76	0	0	222	1	26	323	0	2
CSM79HOJ	0	43	305	310	0	4	6	0	7	798	327	4	5594	247	0	1	0	0	0	1083	65	575	0	21	53	0	0	0	0	20	536	0	0
CSM79HOL	0	142	942	304	0	0	0	0	0	768	604	37	3237	897	1	0	0	0	0	525	23	1444	81	166	315	0	0	0	0	8	342	164	0
CSM79HOT	0	94	799	182	0	0	0	0	0	829	1316	34	2501	843	0	0	0	0	0	478	19	1756	66	128	273	0	0	105	0	27	548	0	0
CSM79HPA	44	300	119	77	2507	62	16	260	636	431	166	39	1308	851	23	11	199	18	240	404	22	359	544	0	53	303	24	21	15	17	932	1	0
CSM79HPA_TR	62	238	17	3	2028	0	13	0	442	287	0	2	1893	1027	6	1	360	0	315	738	0	0	531	112	35	516	1	0	28	128	1216	0	0
CSM79HPC	44	428	33	35	1390	0	23	0	1030	588	0	2	1116	1239	18	0	63	0	245	1592	46	91	596	127	93	430	1	0	8	69	692	0	0
CSM79HQ9	0	0	0	0	0	9816	0	0	0	0	0	0	1	0	0	0	16	0	0	0	0	0	125	0	0	0	0	0	1	7	34	0	0
CSM79HQB	1519	0	760	0	617	71	0	7	0	134	0	39	660	54	16	0	8	0	44	3365	221	326	212	17	574	0	0	171	31	259	895	0	0
CSM79HQF	0	0	0	0	0	9595	0	0	0	0	0	0	0	1	0	0	72	0	0	0	0	0	254	0	0	0	0	0	16	23	38	0	0
CSM79HQV	0	0	0	2509	0	753	0	1	0	5091	0	0	0	0	18	0	72	0	7	0	0	214	0	0	0	0	0	1278	24	19	6	0	9
CSM79HQX	0	0	0	2253	0	1693	0	0	0	4458	0	0	0	0	73	0	11	948	0	0	0	403	0	0	0	2	0	9	35	57	61	0	0
CSM79HQZ	12	0	0	1369	0	1554	0	0	0	4209	0	0	0	1	31	0	15	699	5	0	0	1599	0	0	0	2	0	306	5	14	179	0	0
CSM79HR2	29	0	0	1063	0	1859	0	0	0	5452	0	0	1	3	84	0	11	617	0	19	0	516	0	0	0	0	0	9	15	64	259	0	0
CSM79HR4	0	0	0	1953	0	2731	0	0	0	4681	0	0	0	0	39	0	17	230	0	0	0	211	0	0	0	0	0	0	1	52	84	0	0
CSM79HR6	0	0	0	914	0	1037	0	0	0	4430	0	0	0	1	17	0	181	0	6	5	0	1873	0	0	0	0	0	0	21	21	1496	0	0
CSM79HR8	245	0	0	60	0	0	0	0	0	1202	0	0	3149	2356	0	0	0	0	0	1202	768	564	0	0	408	0	0	0	0	23	25	0	0
CSM79HRC	37	0	0	167	0	0	0	0	0	1197	0	0	1	1571	0	0	0	0	0	1860	1531	2901	0	0	461	0	0	0	0	126	147	0	0
CSM79HRE	0	0	0	591	0	0	0	0	1	3180	0	0	4	2467	0	0	0	0	0	692	41	2452	0	0	407	0	0	0	0	33	102	0	29
CSM79HRG	0	0	0	40	0	0	0	0	0	2147	0	0	0	1392	0	0	0	78	0	1776	2409	1756	0	0	249	0	0	0	0	65	82	0	5
CSM7KOJE	0	0	0	0	0	0	0	0	0	0	0	0	0	0	0	0	265	0	1927	0	0	0	0	0	0	0	0	0	938	114	0	0	6756
CSM7KOJG	0	0	0	0	0	0	0	0	0	0	0	0	1	2	0	0	337	0	2018	11	0	5	0	0	0	0	143	0	2874	217	1	0	4391
CSM7KOJO	0	0	0	0	0	0	0	0	0	0	0	0	0	0	0	0	535	0	1338	0	0	0	0	0	0	0	0	0	1003	110	0	0	7014
CSM7KOK3	0	1759	656	451	0	115	1	166	0	270	0	199	2901	1101	436	0	0	30	0	133	0	1400	0	0	0	8	0	24	0	169	182	0	0
CSM7KOK5	0	54	284	492	0	190	15	51	0	2611	1650	877	1100	417	190	0	3	136	3	155	0	843	0	505	137	0	0	0	5	100	157	26	0
CSM7KOK7	0	841	637	632	0	140	14	93	0	763	0	955	1980	341	298	0	20	47	0	0	0	2147	213	9	0	104	0	0	47	442	278	0	0
CSM7KOKB	0	83	329	913	0	145	18	147	0	2071	32	666	1685	434	1138	0	27	94	4	2	0	1666	247	17	0	269	0	0	0	0	13	0	0
CSM7KOKD	0	103	720	728	0	122	15	632	0	1350	0	1459	1903	294	866	0	14	0	0	0	0	714	630	23	0	319	0	0	0	25	82	0	0
CSM7KOKF	0	122	446	1347	2	0	0	0	0	65	1973	332	581	1974	699	0	3	0	0	742	100	594	64	233	303	0	0	0	2	28	35	355	1
CSM7KOKJ	0	28	45	658	0	10	0	3	0	78	2989	76	747	2326	170	0	1	0	0	137	0	1665	0	137	41	0	0	0	22	30	39	796	3
CSM7KOKN	0	46	220	969	4	0	0	0	1	62	3019	285	959	1459	235	0	0	0	0	858	168	623	54	174	135	0	0	0	9	13	23	613	72
CSM7KOKR	65	0	0	0	462	0	1	9	2002	69	974	144	1852	629	121	0	1	0	753	290	0	2373	0	50	0	34	0	137	0	8	26	0	0
CSM7KOKT	0	0	0	0	470	0	2	32	2250	120	1857	266	2268	514	109	0	0	0	933	77	0	809	0	9	0	85	0	174	0	12	5	0	5
CSM7KOKZ	19	0	0	0	325	0	0	10	4413	365	1348	115	640	1471	98	0	2	0	13	307	1	418	0	15	0	104	0	297	0	16	25	0	0
CSM7KOL2	9	0	0	0	316	0	2	5	4543	538	1024	171	438	1131	53	0	3	0	2	40	1	894	0	14	0	140	0	648	0	4	23	0	2
CSM7KOL4	1	64	730	474	493	0	10	0	0	3	38	1023	1299	2778	19	335	5	0	0	37	746	602	136	301	44	0	0	4	1	17	839	0	0
CSM7KOLA	0	61	543	771	474	0	2	0	0	5	370	156	984	1852	20	292	2	0	15	206	30	2355	76	234	30	0	0	1376	1	35	102	0	7
CSM7KOLE	0	22	1331	434	210	4	4	0	0	8	431	263	203	3400	12	91	2	0	4	369	100	1220	137	290	65	0	0	1279	0	14	104	0	3
CSM7KOLK	16	1769	242	347	0	634	0	85	0	84	1468	25	1466	1	42	694	0	0	0	0	2306	213	81	7	190	11	0	59	0	7	121	132	0
CSM7KOLM	10	1120	656	320	0	481	0	163	0	24	1269	115	4284	0	32	560	0	0	0	0	3	353	69	5	84	45	0	25	0	7	76	299	0
CSM7KOMB	3	19	44	484	191	382	3	2316	8	525	46	175	634	113	182	0	201	132	3196	51	0	580	0	280	0	158	0	22	176	38	40	0	2
CSM7KOMH	0	0	0	0	0	0	0	2383	0	6074	0	0	0	0	749	0	252	141	293	0	0	0	0	0	0	1	0	0	15	16	68	0	7
CSM7KOMX	0	84	817	133	0	0	0	0	0	743	1799	60	3132	805	1	0	0	0	0	245	12	982	64	99	231	0	0	106	0	14	514	161	0
CSM7KOMZ	0	253	596	354	0	0	0	1	0	1080	503	27	3455	756	0	0	0	0	0	433	6	1125	523	53	122	0	0	91	0	16	606	0	0
CSM7KON2	0	81	923	152	0	0	0	0	0	402	647	17	1883	678	1	0	0	0	0	679	10	3195	56	135	341	0	0	42	0	17	744	0	0
CSM7KON8	0	143	573	327	0	0	0	0	0	595	820	54	2518	697	1	0	0	0	0	683	12	2260	98	116	281	0	0	240	0	19	563	0	0
CSM7KONA	77	386	15	3	4241	0	20	0	753	416	0	0	1008	1076	0	6	52	0	138	113	0	0	412	48	19	626	0	0	0	54	537	0	0
CSM7KONK	23	241	86	79	2828	58	11	2	862	692	74	51	1067	1784	9	17	32	0	360	169	17	83	409	180	64	465	2	4	0	15	315	0	0
CSM7KOO5	127	0	0	506	5	2	0	0	3	3259	3	2	12	2542	1	0	19	0	0	4	369	2433	0	0	598	0	0	0	0	40	76	0	0
CSM7KOO9	745	0	0	331	0	0	0	0	0	1862	1	0	2	1979	1	0	0	0	0	267	795	1980	0	0	1936	0	0	0	0	71	30	0	0
CSM7KOOD	426	3	0	513	0	6	0	0	0	1627	20	0	7	1558	0	0	2	0	0	681	1256	2065	0	0	1719	0	0	0	0	59	58	0	0
CSM7KOOF	913	0	0	378	0	0	0	0	0	1704	0	4	2	762	0	0	8	0	0	125	485	4486	0	0	1009	0	0	9	3	31	80	0	0
CSM7KOOT	0	0	0	1368	0	1340	0	0	0	6968	0	0	0	0	53	0	105	0	2	83	0	31	0	0	0	2	0	0	19	11	13	0	2
CSM7KOOV	0	0	0	2895	0	1273	0	0	0	3876	0	0	0	0	57	0	233	125	19	832	0	148	0	0	0	1	0	0	24	263	255	0	0
CSM7KOOX	0	0	0	1349	0	557	0	0	0	2045	0	0	1	0	21	0	985	98	88	2515	0	116	0	0	0	1	0	0	165	1644	416	0	0
CSM7KOOZ	0	0	0	704	0	1821	0	0	0	5727	0	0	1	0	52	0	206	457	0	0	0	555	0	0	0	2	0	24	1	26	425	0	0
CSM7KOP2	0	0	0	1376	0	1206	0	1	0	6380	0	0	1	0	208	0	88	263	0	0	0	195	0	0	0	1	0	0	11	120	145	0	5
CSM7KOPS	0	23	0	418	0	108	8	1220	0	686	0	601	1602	277	1557	0	49	227	18	0	0	2515	359	31	0	223	0	0	0	26	27	0	24
CSM7KOPU	0	119	0	930	0	196	10	1096	0	805	0	1234	1389	635	1060	0	17	0	0	0	0	1392	563	7	0	223	0	8	26	94	26	0	169
CSM7KOPW	0	131	0	690	0	170	7	655	0	392	0	763	2328	1663	1549	0	14	144	0	0	0	747	367	15	0	136	0	47	16	95	44	0	28
CSM7KOQ1	0	20	0	1345	0	162	3	914	1	175	0	706	943	563	623	0	3	58	0	0	0	3724	0	13	0	149	0	216	94	100	31	0	158
CSM7KOQX	0	103	435	609	3	1	0	0	0	202	1567	308	1669	703	432	0	0	0	0	611	215	1203	104	305	165	0	0	974	34	72	70	213	0
CSM7KOR2	0	57	565	1366	1	2	0	0	0	105	2249	314	722	1563	282	0	8	0	0	1042	117	285	96	237	220	86	0	68	13	102	76	424	0
CSM7KORC	0	0	0	0	100	0	0	5	3939	683	967	154	414	1272	122	0	1	0	0	126	5	1084	0	187	0	149	0	731	0	16	25	0	19
CSM7KORG	290	0	0	0	335	0	1	10	3312	203	1424	199	576	1822	52	0	8	0	0	516	27	647	0	110	0	49	0	351	0	16	32	0	18
CSM7KORI	14	0	0	0	763	0	4	7	3539	511	2027	437	766	1086	112	0	0	0	0	37	0	273	0	29	0	251	0	115	0	0	5	0	26
CSM7KORK	1	0	3	0	383	20	0	21	2554	750	678	114	999	1107	33	2	1	0	7	1695	14	526	0	41	0	493	0	475	0	46	35	0	2
CSM7KOSJ	34	0	0	0	0	0	0	5198	0	2585	0	0	0	1	285	0	48	1	574	493	0	4	0	0	0	2	0	0	356	395	23	0	0
CSM7KOSL	0	0	0	0	0	0	0	6094	0	2864	0	0	0	0	223	0	204	0	455	0	0	0	0	0	0	0	0	0	118	15	25	0	2
CSM7KOSP	160	0	0	0	0	0	0	5560	0	2909	2	0	1	0	236	0	42	8	504	171	0	4	0	0	0	1	0	318	21	27	21	0	16
CSM7KOST	284	0	0	0	0	0	0	3640	0	3208	0	0	2	1	535	0	115	6	373	1345	0	0	0	0	0	4	0	73	220	168	25	0	1
CSM7KOSV	4	1480	718	395	0	912	0	34	0	92	1908	58	2581	0	71	563	0	0	0	0	145	247	121	5	329	0	0	56	0	5	83	194	0
CSM7KOSX	72	676	880	1030	0	1889	0	84	0	14	961	68	1479	0	62	729	0	0	0	0	156	579	157	5	498	0	0	23	0	5	365	268	0
CSM7KOTA	6	116	8	91	3925	0	15	0	2723	71	0	0	458	988	4	0	22	0	363	39	0	0	212	126	19	678	4	0	31	69	32	0	0
CSM7KOTC	59	405	53	60	3862	0	32	0	535	72	0	5	1808	855	0	7	178	0	163	216	0	0	455	89	23	211	0	0	0	0	914	0	0
CSM7KOTK	46	864	78	14	4611	0	24	0	711	193	35	10	888	811	18	8	145	0	82	123	0	2	468	95	26	323	0	0	0	48	373	4	0
CSM7KOTO	0	0	0	403	0	0	0	0	0	867	3558	0	1385	475	146	0	4	121	0	1706	0	1127	0	0	0	158	0	0	15	17	15	0	2
CSM7KOTQ	0	0	0	181	0	99	0	1	0	502	3244	1	735	424	114	0	6	216	8	690	0	3646	0	1	0	98	0	0	5	3	24	0	3
CSM7KOTS	0	0	0	120	2	103	0	188	0	449	2684	2	518	264	97	0	19	361	109	959	0	3979	0	6	0	56	0	0	7	16	61	0	0
CSM7KOTU	0	0	0	179	5	151	0	0	10	657	2742	8	652	471	164	0	10	461	0	802	0	3473	0	17	0	125	0	1	2	31	38	0	0
CSM9X1YV	0	0	0	277	7	203	0	0	0	633	3317	2	987	588	100	0	8	190	0	769	0	2705	48	9	0	110	0	0	8	22	17	0	0
CSM9X1Z4	6	0	0	622	0	0	0	0	0	2863	0	0	1	1049	0	0	8	0	0	961	213	943	108	0	3106	0	0	26	0	44	51	0	0
CSM9X1ZC	438	0	0	550	0	0	0	0	0	2964	0	0	1	1517	0	0	6	0	0	1624	442	935	0	0	1367	0	0	0	0	71	86	0	0
CSM9X21R	0	0	0	279	0	110	0	0	0	971	4522	0	885	649	164	0	4	52	4	502	0	1631	89	0	0	73	0	0	11	36	16	0	2
CSM9X21T	0	0	0	247	0	1	0	0	0	370	3618	0	981	574	84	0	16	577	0	695	0	2557	71	1	0	118	0	0	31	24	35	0	1
CSM9X222	0	0	0	55	0	0	0	0	0	378	2345	0	594	270	51	0	5	283	0	1160	0	4516	0	0	0	255	0	0	14	27	41	0	5
CSM9X233	0	0	0	64	0	0	0	0	0	94	1566	0	440	217	0	0	5	632	4	757	0	6085	32	0	0	43	0	0	7	8	47	0	0
CSM9X235	0	0	0	292	0	11	0	0	0	311	3461	0	847	310	38	0	89	1397	0	868	1	2153	67	4	0	69	0	0	22	4	56	0	0
CSM9X237	0	0	0	24	0	1	0	0	0	204	1440	0	388	206	34	0	3	1339	14	1409	0	4826	0	0	0	22	0	0	5	25	52	0	8
CSM9X23B	0	0	0	356	0	0	0	0	0	655	3434	0	684	338	85	0	8	298	0	942	0	2939	76	0	0	131	0	0	4	8	42	0	0
CSMA88CB	519	0	0	271	0	391	0	12	0	543	0	0	0	0	7	0	450	6323	26	89	0	509	0	0	0	0	0	67	19	261	514	0	0
CSMA9J65	2048	0	0	684	0	1081	0	1626	19	650	2	3	15	26	25	0	228	218	1163	340	0	162	0	0	0	3	0	1	95	1210	401	0	0
CSMACTZP	2884	0	0	1504	0	898	0	380	0	1783	0	0	0	0	17	0	36	978	30	85	1	724	0	0	0	0	0	23	43	44	570	0	0
CSMAF72L	1061	0	0	926	0	2142	0	298	1	4103	0	0	2	0	73	0	31	933	0	35	134	115	0	0	0	0	0	7	19	31	92	0	0
CSMAH393	1922	0	0	2327	0	977	0	1968	0	1724	0	0	0	0	25	0	222	40	76	230	221	26	0	0	0	1	0	0	51	47	143	0	0
CSMAIG7X	84	4	1	1083	23	2096	0	87	10	5490	24	7	91	4	112	0	31	452	14	1	0	150	0	11	0	2	0	7	21	89	108	0	0
ESM5GEXY	0	0	0	0	0	0	52	0	0	157	0	0	0	6589	0	0	0	15	3	888	0	1476	0	140	0	36	0	545	31	14	2	0	51
ESM5MEB7	0	17	325	209	0	0	1	0	86	62	169	18	417	45	3	0	0	0	4	144	22	1908	68	0	193	0	5923	1	0	16	113	257	1
ESM5MEBE	0	0	0	0	0	0	665	0	0	421	0	0	0	5209	4	0	6	150	79	903	0	1870	0	347	0	225	0	49	27	9	4	0	30
ESM5MEBG	0	0	0	0	0	0	968	0	0	264	0	1	0	5705	4	0	4	77	13	300	0	1821	0	255	0	166	0	285	1	11	5	0	122
ESM5MEBI	0	0	0	0	0	0	640	0	0	732	0	1	0	5548	45	0	14	0	0	1134	0	907	0	493	0	199	0	80	107	29	14	0	55
ESM5MECL	0	0	0	0	0	0	1165	0	0	761	0	1	0	4439	42	0	1	53	0	539	0	2009	0	575	0	195	0	139	9	45	3	0	23
ESM5MECQ	0	0	0	0	0	0	292	0	0	79	0	0	0	4403	0	0	0	15	0	1199	0	2494	0	137	0	99	0	1213	14	32	2	0	20
ESM5MED2	0	21	166	128	0	0	1	0	98	39	163	5	148	46	5	0	0	0	13	274	1	1587	33	0	154	0	6884	0	0	10	61	132	31
ESM5MEDD	422	245	1277	580	0	19	10	13	0	89	2861	3	927	1	51	0	49	26	53	484	0	1391	129	0	760	0	0	4	1	27	578	0	0
ESM5MEDF	564	27	159	92	0	919	0	0	0	8	1138	0	202	2	2	0	213	0	66	3307	0	1813	0	1	186	0	2	9	0	177	1107	0	6
ESM5MEDK	299	333	749	759	0	7	30	6	0	146	3357	10	861	1	42	0	4	153	9	482	0	1702	88	0	582	0	0	60	0	9	312	0	0
ESM5MEDN	364	55	692	534	0	2792	36	224	0	139	3207	8	143	3	40	0	11	0	10	254	0	1089	94	0	15	0	0	0	0	90	199	0	0
ESM718T7	0	10	266	118	0	0	0	0	60	40	111	6	149	28	2	0	0	0	0	83	3	1980	26	0	94	0	6946	23	0	14	36	5	0
ESM718T9	0	9	620	112	0	0	1	0	162	31	85	5	130	36	3	0	0	0	0	205	21	1075	93	0	75	25	7098	40	0	7	111	33	24
ESM718TF	0	2	131	80	0	18	0	0	114	36	108	8	61	66	2	0	0	0	33	351	10	1543	0	0	64	0	6600	55	0	52	14	631	19
ESM718TK	1	6	124	14	0	0	0	0	24	18	24	1	30	20	0	0	0	0	0	32	2	1077	0	0	15	1	8519	6	0	12	10	11	54
ESM718TM	0	15	582	334	0	12	1	0	136	104	163	19	97	142	10	0	0	0	0	25	9	821	0	0	97	43	7252	3	0	6	80	9	41
ESM718UH	101	24	472	555	0	19	9	7	0	119	5223	8	688	2	28	0	0	43	4	629	0	787	59	3	679	0	0	52	2	25	103	351	7
ESM718V4	1	1	52	11	0	0	0	0	15	9	27	1	31	15	1	0	0	0	16	65	0	1460	0	0	17	0	7819	59	0	15	8	333	43
ESM718V8	0	10	381	405	0	14	0	0	88	75	126	5	114	78	6	0	0	0	1	313	4	1045	25	0	80	0	7012	23	0	30	52	112	0
ESM7F5AK	115	26	435	458	0	13	12	4	0	44	1739	2	162	1	14	0	8	140	0	1597	0	4288	61	0	413	0	0	60	6	54	256	92	0
ESM7F5AM	20	29	564	1439	0	18	34	18	0	149	5034	9	334	1	77	0	1	134	0	231	0	299	89	2	977	0	0	131	0	14	52	343	0
ESM7F5C5	0	5	207	110	0	0	1	0	85	51	81	11	46	47	1	0	0	0	0	334	0	2491	0	0	64	0	6334	63	0	20	18	21	11
ESM7F5C7	0	9	469	499	0	29	2	0	116	54	146	39	237	123	5	0	0	0	77	47	5	903	42	0	168	0	6805	0	0	9	121	32	61
ESM7F5CB	0	9	363	1390	0	20	20	231	0	286	6238	6	373	0	46	0	2	0	0	0	0	309	38	0	581	26	0	0	1	24	35	0	0
ESM7F5CD	65	55	566	1517	0	14	25	32	0	89	5142	9	321	1	22	0	4	0	0	0	0	871	56	1	982	0	1	0	5	154	68	0	0
ESM7F5CF	19	26	561	1160	0	11	13	30	0	67	6114	5	282	0	10	0	9	0	0	0	0	651	31	29	555	0	0	0	31	341	54	0	0
ESM9IEP1	1	69	841	195	0	25	1	0	181	88	160	14	194	152	7	0	0	0	39	9	3	1225	107	0	134	0	5817	9	0	10	57	663	0
HSM5FZBZ	0	39	165	0	2	103	0	576	0	3	0	0	168	81	0	0	26	33	29	1436	0	168	0	205	0	149	6737	0	12	19	6	0	43
HSM5MD48	0	0	0	0	0	0	0	265	0	3	0	0	1539	1	292	0	260	0	12	238	0	1475	0	2947	0	1001	0	11	29	104	1708	0	113
HSM5MD4N	0	0	620	2517	0	0	0	194	0	827	1	0	903	2436	86	0	0	43	0	208	7	1541	105	51	99	50	0	200	4	97	11	0	0
HSM5MD4O	0	0	340	1693	0	0	0	845	0	383	2	0	632	2572	76	0	0	80	14	378	2	2123	81	242	358	37	0	16	6	62	37	0	23
HSM5MD4Y	2771	0	0	0	0	0	0	0	0	8	128	0	3873	13	0	0	6	104	1297	0	0	0	0	6	0	2	0	68	263	1128	330	0	4
HSM5MD53	1133	0	0	0	0	0	0	0	0	1594	3386	0	1655	356	0	0	7	34	15	0	0	240	0	371	0	197	0	102	75	508	109	0	219
HSM5MD5P	1640	96	0	0	0	0	0	1255	0	978	2163	0	1973	433	0	0	2	559	52	0	0	210	0	193	54	70	0	124	47	115	34	0	3
HSM5MD62	0	0	0	394	0	0	0	175	0	1225	0	145	557	3178	761	0	5	226	17	0	0	1413	378	1	511	0	0	114	4	0	325	489	82
HSM5MD66	0	37	117	267	0	0	0	1253	0	269	0	203	1306	1727	186	0	931	1135	1192	9	0	310	0	0	739	0	0	0	53	35	125	0	104
HSM5MD6A	0	77	607	697	0	0	0	626	0	55	0	695	1430	1580	448	0	131	1203	0	590	0	312	92	0	1073	0	0	0	48	201	132	0	4
HSM5MD6A_TR	0	97	591	816	0	0	0	676	0	61	0	786	1341	1884	444	0	103	814	0	463	0	355	154	0	1002	0	0	0	102	108	203	0	2
HSM5MD6C	0	223	808	576	0	1	0	132	0	76	9	212	677	903	293	0	134	1513	0	2557	0	1021	114	3	204	0	3	0	69	349	116	0	6
HSM5MD6Y	0	0	0	447	0	0	0	134	0	353	0	250	164	934	329	0	1	155	33	755	0	4853	219	0	173	0	0	819	0	22	116	234	9
HSM5MD71	0	0	0	619	0	0	0	346	0	317	0	241	163	1380	115	0	0	192	47	785	0	3048	167	0	406	0	0	1150	0	61	102	847	13
HSM5MD73	0	0	0	696	0	0	0	298	1	534	2	507	372	1652	165	0	1	142	31	1180	0	2422	272	0	327	0	0	505	3	25	117	720	29
HSM5MD75	37	0	0	200	0	1	0	266	0	272	12	550	464	2538	126	0	0	78	35	1090	0	2222	0	0	51	87	0	0	0	72	44	1830	25
HSM5MD79	0	149	1742	0	0	321	0	1582	0	0	0	0	680	477	0	0	15	61	55	95	0	136	0	541	0	433	3663	0	0	34	16	0	0
HSM5MD7J	0	49	232	0	0	95	0	136	0	0	0	0	153	166	0	0	11	254	93	216	0	170	0	178	0	96	8040	0	19	80	4	0	7
HSM5MD7K	11	10	0	0	0	0	0	722	149	56	261	0	907	0	210	0	27	10	36	499	0	4388	0	991	0	168	0	425	39	27	558	491	17
HSM5MD7M	0	0	0	0	0	0	0	198	0	9	18	1	221	13	49	0	0	0	0	2570	0	5919	0	77	0	26	0	744	2	114	4	0	33
HSM5MD7O	0	0	0	0	0	0	0	413	0	0	304	0	0	0	0	0	0	0	8775	0	0	508	0	0	0	0	0	0	0	0	0	0	0
HSM5MD7Q	0	0	0	0	0	0	0	0	0	0	0	0	0	1	0	0	0	0	5831	0	0	5	0	0	0	0	0	0	0	0	1	4162	0
HSM5MD7S	0	0	0	0	0	0	0	12	0	0	0	0	0	0	0	0	191	0	19	0	0	7856	0	0	0	0	0	975	46	19	105	751	27
HSM5MD7U	4	0	0	0	0	0	0	816	0	0	0	0	0	2	0	0	13	0	8	160	0	7281	0	0	1	0	0	1138	6	19	53	363	134
HSM67VCZ	199	438	2	7	0	0	4	1804	0	265	4294	302	847	11	433	0	404	19	1	137	0	61	0	0	4	581	15	24	0	83	63	0	0
HSM67VD2	1001	385	0	0	0	0	0	1833	0	901	2134	295	1546	0	346	0	119	40	1	616	0	117	0	0	0	433	0	127	0	41	66	0	0
HSM67VD4	3311	99	0	0	0	0	0	4221	0	65	1350	64	171	0	42	0	246	12	4	64	0	14	0	0	0	244	0	2	0	60	30	0	0
HSM67VD6	434	314	1	0	0	0	0	3089	0	306	2230	302	784	5	184	0	278	70	2	1045	0	200	0	0	0	500	0	41	0	112	102	0	0
HSM67VDP	0	0	0	0	0	0	0	0	0	0	3	0	1	905	0	0	0	162	4361	0	0	3	0	2811	0	1461	2	0	198	93	0	0	0
HSM67VDZ	0	2	98	0	0	76	0	44	1	1	0	0	148	170	3	0	9	60	37	25	0	136	0	91	0	87	9008	0	3	0	0	0	0
HSM67VE4	0	48	222	0	0	136	0	186	0	1	0	0	286	333	0	0	22	86	44	19	0	146	0	126	0	140	8168	0	15	20	3	0	0
HSM67VEC	1	0	0	0	0	0	0	7256	0	0	1	0	0	1	0	0	35	0	14	270	0	1353	0	1	174	0	0	35	8	29	9	713	99
HSM67VEE	35	0	0	0	0	0	0	5259	0	0	0	0	0	0	0	0	24	62	1	412	0	2109	0	0	0	0	0	1181	1	7	13	853	41
HSM67VEG	607	0	0	0	0	0	0	1956	0	0	3	0	24	1	0	0	29	767	242	1776	0	3444	0	0	146	0	0	232	0	74	50	617	31
HSM67VEI	0	0	0	0	0	0	0	303	0	0	0	0	993	1	0	0	6	74	19	1145	0	5360	0	30	548	0	0	1147	0	36	11	326	3
HSM67VEK	0	0	0	0	0	0	0	175	0	0	0	0	259	0	0	0	1	37	4	1105	0	7325	0	58	355	0	0	403	0	19	8	229	23
HSM67VEM	11	0	0	0	0	0	0	385	0	0	0	0	1389	0	0	0	7	264	1	1062	0	5547	0	110	620	0	0	237	0	11	15	328	10
HSM67VEM_TR	14	0	0	0	0	0	0	306	0	0	0	0	1028	0	0	0	5	499	4	1212	0	5968	0	67	417	0	0	233	0	13	20	197	15
HSM67VF9	0	0	0	105	1	0	0	5125	107	1	1	13	56	2115	0	0	0	0	2232	0	0	2	0	0	217	25	0	0	0	0	0	0	0
HSM67VFD	0	0	0	0	0	0	0	1	0	0	0	0	0	6512	0	0	1	0	0	0	0	1	0	0	3484	0	0	0	0	0	0	0	1
HSM67VFF	0	0	0	0	0	1	0	4591	0	632	2	0	1338	2031	0	0	150	0	275	0	0	1	0	0	38	108	0	440	219	98	76	0	0
HSM67VFH	0	0	0	0	0	0	0	3051	0	500	2	0	380	2252	0	0	37	0	2605	0	0	0	0	0	416	752	0	0	0	5	1	0	0
HSM67VFJ	0	0	0	0	0	0	0	4427	0	749	0	0	651	902	0	0	63	0	1847	0	0	0	0	0	874	397	0	0	40	40	12	0	0
HSM67VHB	52	249	3	8	0	0	0	3344	6	722	1624	438	1057	7	296	1	166	131	1	775	0	217	0	0	3	442	8	326	0	52	73	0	0
HSM67VHD	1688	736	0	0	0	0	0	1916	0	513	1523	249	1315	0	153	0	217	81	5	323	0	301	0	0	0	627	0	84	0	137	133	0	0
HSM67VHF	266	390	1	0	0	5	0	1647	0	610	2797	579	1358	0	356	0	162	49	0	629	2	392	0	0	2	542	0	47	0	63	103	0	0
HSM67VHH	1941	448	0	0	0	0	0	3067	0	372	1785	202	443	0	77	0	259	104	0	685	0	106	0	0	0	242	0	21	0	141	107	0	0
HSM67VHJ	30	244	2	6	0	1	1	3896	0	1300	1492	525	599	1	293	0	62	17	0	266	2	199	0	0	1	471	0	516	0	22	56	0	0
HSM67VHK	0	0	0	7	0	15	0	0	0	3287	23	0	8	5868	0	0	82	0	0	14	0	30	0	0	0	7	11	0	508	101	23	0	15
HSM67VHQ	0	0	451	2101	0	0	0	70	0	730	2	0	1238	2295	32	0	0	287	0	506	2	995	116	341	559	137	1	0	42	78	17	0	0
HSM67VHS	0	0	907	2811	0	0	0	6	0	723	3	0	635	2625	40	0	0	48	0	258	22	1131	184	110	464	0	1	0	5	15	9	0	3
HSM67VHW	0	0	782	1683	0	0	0	22	0	705	0	0	694	2643	26	0	0	184	2	84	7	1739	224	87	1011	0	0	0	3	44	36	0	22
HSM67VI1	0	1	870	1358	0	0	0	196	149	903	76	6	1433	2596	8	3	85	7	17	350	3	729	127	160	733	0	5	7	31	47	63	35	4
HSM67VID	0	35	282	371	0	46	7	48	0	5	1	186	343	285	10	0	0	0	75	1	1328	662	49	0	210	0	5879	0	0	15	162	0	0
HSM67VIF	3	66	425	599	0	33	7	35	0	4	0	200	449	229	5	0	0	0	40	12	223	1220	65	0	289	0	5704	0	0	57	335	0	0
HSM67VIL	0	0	2	105	0	46	0	0	1	9	7	79	216	360	1	0	13	0	15	23	0	751	0	0	511	0	7779	1	0	2	79	0	0
HSM6XRQB	0	0	0	870	0	0	0	0	532	3648	0	0	798	339	51	0	582	0	0	5	0	15	0	1	0	1	0	0	2198	433	529	0	0
HSM6XRQI	0	0	0	588	0	0	0	0	130	2100	0	0	3342	2338	2	0	206	119	0	0	0	0	0	0	0	302	0	140	240	124	361	0	8
HSM6XRQK	13	0	0	881	0	1	0	0	463	1813	0	0	3809	1631	8	0	66	0	0	7	0	5	0	0	0	13	0	249	599	139	263	0	41
HSM6XRQM	1	0	1825	897	1	395	0	108	488	1549	2	0	2131	1830	73	0	21	0	0	41	0	28	0	0	0	204	0	263	70	20	55	0	0
HSM6XRQO	0	0	801	615	0	1	0	452	971	1695	3	0	1661	1936	20	0	18	0	82	465	0	245	0	0	0	166	0	789	41	5	35	0	0
HSM6XRR3	197	47	1	0	0	0	0	2782	0	734	2923	807	247	0	665	0	175	71	7	53	0	374	0	0	0	699	0	1	0	41	175	0	0
HSM6XRRV	0	82	493	286	0	0	0	118	0	26	0	120	849	1247	109	0	138	1971	643	1321	0	2181	67	0	168	0	0	0	7	81	88	0	5
HSM6XRS2	0	8	167	93	0	0	0	96	0	10	3	32	302	430	39	0	52	6307	371	513	0	1068	0	0	119	0	0	0	22	206	162	0	0
HSM6XRS4	0	0	0	0	0	0	0	0	0	0	0	0	0	10	0	0	0	0	4006	0	0	4	0	0	0	0	0	0	0	33	0	5948	0
HSM6XRS6	0	0	0	0	0	0	0	0	0	0	0	0	0	0	0	0	0	0	6875	0	0	0	0	0	0	0	0	0	0	0	0	3125	0
HSM6XRS8	0	0	0	227	0	290	0	0	0	0	1616	0	787	3114	0	0	0	0	588	232	0	1829	0	0	0	284	668	0	0	0	366	0	0
HSM6XRSE	0	0	62	356	0	1	0	3728	9	213	8	788	151	258	1	0	5	82	128	27	0	58	0	12	66	50	0	209	163	57	9	3178	381
HSM6XRSG	4	0	0	0	0	0	0	0	0	0	2	0	3	4326	0	0	0	978	4590	0	0	6	0	0	0	4	0	0	60	27	0	0	0
HSM6XRSI	0	0	0	0	0	0	0	0	0	0	1	0	0	2569	0	0	0	970	6201	0	0	2	0	0	0	2	0	0	158	94	4	0	0
HSM6XRSN	0	0	700	2495	0	0	0	191	0	811	1	0	626	2947	45	0	0	108	6	476	9	540	114	206	449	0	0	174	29	60	12	0	1
HSM6XRST	0	0	134	2652	0	0	0	666	0	1006	0	0	611	1911	124	0	0	134	0	298	0	1462	53	272	453	101	0	0	48	32	12	0	30
HSM6XRUV	471	613	0	1	0	0	0	2099	2	487	2662	372	1367	2	252	0	146	38	0	352	0	201	0	0	0	498	15	156	0	45	220	0	0
HSM6XRVM	0	62	602	113	0	0	0	49	0	74	2	8	1318	797	74	0	129	1693	0	1730	41	2197	0	0	444	0	0	0	9	84	574	0	0
HSM6XRVO	0	18	113	61	0	0	0	110	0	22	0	11	581	864	23	0	8	422	141	2167	0	4827	0	0	500	0	0	0	15	96	20	0	0
HSM6XRVU	0	110	741	127	0	1	0	59	1	40	3	10	1378	1149	100	0	613	3054	66	19	0	1663	98	0	256	0	0	0	11	63	437	0	0
HSM6XRVW	0	92	245	53	0	0	0	834	0	55	0	82	870	829	44	0	11	1023	3544	1264	0	217	77	0	57	0	0	0	90	571	35	0	6
HSM7CYX2	1	0	0	4	0	4	0	171	1	20	0	19	648	26	0	0	2	34	0	687	0	4490	0	77	315	0	0	1206	2	31	8	2220	33
HSM7CYX4	267	0	0	0	0	0	0	838	0	0	0	0	3360	0	0	0	4	239	0	741	0	1470	0	476	1792	0	0	503	1	11	28	262	10
HSM7CYX6	17	0	0	0	0	0	0	661	0	0	0	0	1755	0	0	0	4	232	0	2568	0	2362	0	152	1049	0	0	777	3	52	16	304	49
HSM7CYX8	41	0	0	0	0	0	0	709	0	0	0	0	1744	1	0	0	12	794	0	1504	0	3301	0	111	1015	0	0	491	0	61	23	184	10
HSM7CYXA	36	0	0	0	0	0	0	659	0	0	0	0	2505	0	0	0	11	752	34	884	0	4348	0	146	87	6	0	379	0	24	27	87	15
HSM7CYXC	0	0	0	0	0	0	0	1848	0	0	0	0	1856	0	0	0	3	81	24	504	0	3268	0	293	780	0	0	647	8	26	3	623	34
HSM7CYXQ	0	0	1382	1440	0	1	0	2	0	1230	2	0	839	2123	82	0	0	278	0	105	146	326	232	233	1166	0	0	317	19	42	8	0	29
HSM7CYXS	0	0	802	2061	0	0	0	3	0	871	1	0	721	1564	38	0	0	131	7	188	116	987	158	211	882	0	0	1193	1	47	18	0	0
HSM7CYY3	0	0	0	0	0	0	0	2359	0	1925	2	0	2342	1676	0	0	324	0	564	0	0	2	0	0	171	616	0	0	0	2	15	0	0
HSM7CYY5	0	1	293	550	0	11	0	2515	81	2305	50	3	880	1422	6	1	83	2	188	158	0	342	47	78	657	21	3	104	81	52	49	12	6
HSM7CYY7	0	0	0	0	0	0	0	1695	0	1537	0	0	4858	129	0	0	99	0	131	38	0	6	0	0	407	206	0	17	258	308	309	0	0
HSM7CYY9	0	154	669	188	0	1	0	944	0	1547	1	0	1058	134	0	0	26	0	281	18	0	4	0	0	570	419	3610	0	86	152	140	0	0
HSM7CYYB	0	0	0	0	0	0	0	18	0	0	0	1	0	2	0	0	0	0	9946	0	0	1	0	0	0	0	0	0	5	15	12	0	0
HSM7CYYD	0	315	36	198	0	0	0	1799	0	2945	0	0	1219	615	0	0	85	0	68	44	0	14	0	0	1498	626	0	0	226	254	57	0	0
HSM7CYZ5	0	0	0	1711	0	0	0	4903	0	0	1	1428	0	1	0	0	0	179	29	0	0	0	0	0	0	1	0	935	7	5	2	705	92
HSM7CYZ7	0	0	0	361	0	0	0	1865	0	0	0	75	0	0	0	0	0	31	98	0	0	1	0	0	0	0	0	3985	771	85	1	2377	350
HSM7CYZ9	8	8	2	358	0	0	0	1254	0	11	54	34	24	1	6	0	0	167	58	4	0	361	0	0	0	30	0	4593	190	44	6	2757	28
HSM7CYZB	0	0	0	927	0	0	0	3768	0	1	2	916	0	4	0	0	5	221	54	836	0	1624	0	0	0	2	0	122	71	32	3	1361	50
HSM7CYZD	0	0	0	711	0	0	0	2803	0	0	2	864	1	1	0	0	10	63	60	2029	0	1641	0	0	0	2	0	624	62	24	1	1059	44
HSM7CYZF	0	3	49	528	2	32	0	1521	0	36	9	896	72	77	6	0	5	15	2962	683	33	1992	0	3	31	0	0	556	194	98	6	0	195
HSM7CYZT	0	0	0	0	0	0	0	0	0	0	0	0	0	1549	0	0	0	128	529	0	0	4	0	1202	0	580	0	0	4869	1085	0	0	54
HSM7CYZV	0	0	0	0	0	0	0	0	0	0	0	0	1	4380	0	0	0	341	527	0	0	0	0	1602	0	819	0	0	401	467	3	0	1458
HSM7CZ14	0	0	0	0	0	0	0	0	3	0	4	0	0	1795	0	0	204	1061	2459	0	0	1	0	2224	0	1114	0	0	150	108	20	0	857
HSM7CZ2Z	1301	781	1	0	0	0	0	2184	1	490	1555	459	1468	2	142	0	192	55	0	253	0	293	0	0	0	507	0	79	0	111	124	0	0
HSM7CZ32	0	76	0	33	0	90	0	2	0	35	5120	16	2438	5	0	30	42	186	81	28	4	152	0	6	61	0	0	9	425	54	18	0	1089
HSM7CZ36	6	17	0	0	0	0	0	109	0	17	4102	14	346	251	21	0	3	1084	737	7	0	2	0	0	0	816	0	0	1336	290	8	0	833
HSM7CZ38	0	0	0	0	0	0	0	0	1	0	4937	0	2290	948	0	0	0	40	101	4	0	9	0	0	1194	165	1	0	11	6	1	0	292
HSM7CZ3A	313	76	667	370	0	384	37	0	0	32	1339	1	791	2773	15	117	0	0	0	1396	6	826	98	42	433	0	0	0	0	219	61	0	4
HSM7CZ3C	22	10	532	382	0	79	207	1	0	26	1069	2	1014	2784	19	53	0	0	1	216	2	2542	82	222	471	0	0	0	13	147	104	0	0
HSM7CZ3E	130	110	1017	367	0	370	287	49	0	93	743	20	269	2604	58	795	3	0	2	972	74	240	89	101	338	0	0	21	26	870	353	0	0
HSM7CZ3G	163	23	967	701	0	37	518	3	0	483	1534	5	248	2128	98	616	0	0	0	293	36	941	200	204	487	25	0	78	1	41	170	0	0
HSM7J4GD	0	52	501	1613	0	136	9	276	0	10	1	811	439	704	3	0	3	0	75	7	0	411	99	0	304	0	4384	0	0	43	118	0	0
HSM7J4IC	0	960	1	2	0	863	0	0	0	1902	1	183	1819	6	0	344	36	23	0	1416	0	933	198	9	1151	0	0	3	0	24	37	0	88
HSM7J4IO	22	46	0	8	0	0	9	467	0	359	214	164	247	36	27	0	740	2782	0	1589	0	1184	0	0	8	72	0	0	1	366	1656	0	2
HSM7J4IP	0	212	0	0	0	0	0	3189	0	715	1789	384	684	0	212	0	5	167	0	505	0	1112	0	0	0	336	11	1	0	130	546	0	3
HSM7J4IQ	1	149	32	9	0	5	3	3889	0	536	1676	278	506	20	279	0	131	97	0	1285	1	598	0	0	8	49	0	0	16	255	177	0	0
HSM7J4IR	47	298	4	0	0	0	0	3103	0	387	2426	343	466	4	182	0	368	229	14	878	0	629	0	0	0	214	0	0	6	59	343	0	0
HSM7J4IS	6	100	0	1	0	2	1	3745	0	1376	1260	286	529	0	202	0	147	520	0	798	0	509	0	1	3	203	0	0	3	107	199	0	3
HSM7J4J7	0	0	0	1089	0	0	1517	514	1	458	4	0	771	3961	72	0	69	0	252	155	0	355	71	0	553	0	0	0	21	61	76	0	0
HSM7J4J9	0	0	0	1572	0	0	1213	512	0	284	1	0	670	3934	44	0	2	0	0	82	0	482	162	0	815	0	0	0	34	152	42	0	0
HSM7J4JD	0	0	8	1872	0	6	1122	670	0	565	1	10	1218	2275	90	0	4	0	0	177	0	907	183	0	679	0	80	0	19	74	17	0	22
HSM7J4JF	0	0	0	2297	0	0	319	220	0	1161	0	0	1602	2039	96	0	9	0	85	254	0	709	362	0	444	234	0	0	33	69	65	0	0
HSM7J4JH	27	0	0	0	0	0	0	0	0	0	2	0	2	7	0	0	6151	0	716	1792	0	9	0	0	0	0	0	365	59	99	768	0	2
HSM7J4JJ	2896	0	0	0	0	0	0	0	0	0	0	0	0	0	0	0	48	434	156	1131	0	5115	0	0	0	0	0	156	10	34	19	0	1
HSM7J4JN	6620	0	0	0	0	0	0	0	0	0	0	0	0	0	0	0	105	353	179	822	0	1789	0	0	0	0	0	0	40	30	55	0	6
HSM7J4JP	3530	0	0	0	0	0	0	0	0	0	0	0	0	0	0	0	22	145	126	1049	0	5096	0	0	0	0	0	4	6	16	4	0	2
HSM7J4L5	0	0	2	0	0	0	0	0	0	1	5566	1	1969	1547	0	1	0	25	34	6	0	3	0	1	369	62	0	334	8	33	0	0	36
HSM7J4L9	0	0	0	0	0	0	0	0	1	1	3370	0	3305	763	13	0	9	522	220	2	0	979	0	0	631	0	1	13	29	66	16	0	59
HSM7J4LP	989	0	0	0	0	0	0	0	0	0	0	0	0	0	0	0	0	0	0	0	0	0	0	0	0	0	9011	0	0	0	0	0	0
HSM7J4MK	138	17	1456	913	0	38	362	5	0	44	1609	5	118	1314	5	791	3	0	2	1945	8	321	145	79	278	0	0	0	4	218	180	0	0
HSM7J4MS	0	45	0	725	0	563	1	43	0	4391	16	7	895	0	220	79	121	4	0	47	0	499	157	33	1598	234	0	0	170	55	50	0	48
HSM7J4MW	0	414	0	14	0	1737	0	7	0	1972	0	748	1298	0	0	313	62	0	1	379	0	771	310	16	1330	0	0	525	3	22	38	0	39
HSM7J4MY	0	25	345	581	0	81	50	428	1	6	6	765	846	554	6	0	1	0	62	12	0	763	86	0	247	0	4852	1	0	25	256	0	0
HSM7J4N4	0	23	728	580	0	168	43	354	0	20	4	663	1002	669	11	0	1	0	203	27	0	1690	119	1	87	0	2787	0	0	190	629	0	2
HSM7J4N6	0	11	134	161	0	59	12	242	0	10	46	297	259	258	11	0	0	1	80	11	0	820	29	0	50	9	7256	0	0	43	201	0	0
HSM7J4N8	0	15	250	650	0	106	19	118	0	8	1	495	733	505	2	0	1	0	170	3	0	917	54	0	187	0	5477	4	0	8	278	0	0
HSM7J4NA	0	42	538	1202	0	168	46	332	0	25	1	1033	1057	793	40	0	11	0	399	3	0	1163	140	0	360	0	2071	0	0	112	466	0	0
HSM7J4OB	375	99	740	750	0	84	215	7	0	250	327	3	152	2021	32	334	0	0	5	948	3	3011	70	83	228	0	0	0	6	90	164	0	1
HSM7J4OE	103	38	807	490	0	95	93	2	0	132	485	8	201	2217	46	373	0	0	0	2856	6	1156	85	201	315	0	0	0	1	219	72	0	0
HSM7J4OL	124	50	593	802	0	75	151	4	0	333	1759	4	202	3038	40	37	1	0	0	1462	0	561	76	114	434	0	0	0	1	84	55	0	0
HSM7J4ON	0	0	0	0	0	0	0	0	0	0	5053	1	2579	950	3	0	6	287	6	0	0	660	0	0	278	60	0	52	27	21	0	0	16
HSM7J4OP	0	0	0	0	0	0	0	10	0	1	3667	1	2769	1414	2	0	14	612	3	3	0	483	0	0	710	0	0	206	34	25	3	0	43
HSM7J4OT	0	43	778	71	0	0	19	0	61	161	1125	0	548	369	11	0	0	40	0	3502	131	2178	0	163	224	0	5	0	0	165	76	0	330
HSM7J4OV	1	0	0	0	0	0	0	0	0	0	0	0	0	1	0	0	0	0	0	0	0	2	0	0	0	0	0	9770	177	46	0	0	2
HSM7J4OX	2970	0	0	0	0	0	0	0	0	0	98	1	120	1061	4	0	2	57	359	0	0	0	0	0	48	85	0	4751	289	47	9	0	100
HSM7J4OZ	0	209	0	0	0	1039	0	0	0	1693	4	1732	1066	12	0	432	18	31	0	14	0	1073	120	19	1730	0	0	696	1	6	18	0	87
HSM7J4P2	0	653	0	28	0	1254	0	0	0	1559	0	1407	1312	0	0	622	21	20	0	421	0	471	199	2	1839	0	0	78	1	22	28	0	62
HSM7J4PA	67	27	750	634	0	48	191	6	0	354	417	2	97	3353	40	651	0	0	0	1275	0	935	127	228	455	0	0	73	4	179	88	0	0
HSM7J4PO	1644	249	0	0	0	0	0	999	1	221	880	127	564	3	61	0	397	1040	0	903	0	916	0	0	0	756	92	0	0	127	1019	0	2
HSM7J4PQ	305	290	0	0	0	3	0	2366	0	196	3778	204	839	1	296	0	190	83	6	659	0	128	0	0	0	453	0	0	0	77	125	0	0
HSM7J4PS	227	406	0	0	0	0	0	3725	0	630	1731	389	724	0	241	0	114	120	0	577	0	453	0	0	0	386	0	0	0	38	239	0	0
HSM7J4PU	143	458	0	0	0	0	0	3852	0	794	1956	401	1183	0	47	0	6	24	0	94	0	338	0	0	0	544	0	0	0	21	139	0	0
HSM7J4PW	712	985	0	0	0	0	0	1256	1	488	1486	556	937	1	41	0	242	119	0	210	0	1229	0	0	0	768	0	3	0	332	628	0	4
HSM7J4PY	19	183	0	0	0	0	0	2806	0	171	2744	336	740	2	235	0	253	157	0	1257	0	512	0	0	0	314	0	0	0	69	201	0	0
HSM7J4Q1	0	1681	0	674	0	556	0	36	0	1351	0	286	518	0	27	931	0	18	0	492	15	2040	350	9	792	0	0	89	0	4	80	0	50
HSM7J4Q7	0	2555	0	414	0	756	0	6	0	1331	0	391	459	0	25	322	85	45	0	1099	10	1356	157	5	770	0	0	5	0	16	145	0	47
HSM7J4Q9	0	2171	0	972	0	772	0	22	0	1460	0	157	1490	0	30	351	0	28	0	166	132	478	312	7	1353	0	0	45	0	9	44	0	1
HSM7J4QB	0	0	0	384	0	0	0	2348	0	22	1	286	0	1	0	0	1	12	284	2096	0	1430	0	0	0	0	0	1585	492	51	16	557	434
HSM7J4QD	0	0	0	111	0	0	0	396	0	2	1	450	4	14	0	0	2	5	19	3245	0	2227	0	0	0	0	0	634	33	0	4	2664	190
HSM7J4QF	0	0	0	645	0	0	0	3125	0	0	0	1695	0	0	0	0	16	119	6	2772	0	810	0	0	0	1	0	260	32	64	7	415	35
HSM7J4QH	0	0	0	94	0	0	0	369	0	0	0	115	0	0	0	0	3	0	0	5644	0	1909	0	0	0	0	0	372	35	105	22	1026	304
HSM7J4QJ	0	0	0	0	0	0	0	0	0	0	0	0	0	0	0	0	0	0	0	4278	0	4865	0	0	0	0	0	129	0	0	729	0	0
HSM7J4QL	0	0	0	1349	0	0	0	2508	0	0	1	1332	0	1	0	0	12	50	9	1537	0	1829	0	0	0	1	0	796	22	60	16	399	78
HSM7J4QT	0	218	596	288	0	0	0	210	0	32	1	12	1840	955	57	0	43	1249	249	1865	0	1766	74	0	129	0	0	0	22	260	135	0	0
HSMA33IE	0	248	1097	1857	0	0	20	293	0	7	0	6	1597	1291	0	1410	89	2	14	23	0	7	0	0	1737	0	0	0	3	204	11	82	0
HSMA33IG	0	231	720	1202	0	0	235	240	0	513	0	54	3190	1078	0	700	0	49	0	20	0	300	0	0	1099	0	0	0	0	21	39	309	0
HSMA33IK	0	149	952	841	0	0	332	354	0	1154	0	17	1598	1868	0	364	0	22	27	306	0	324	0	0	1244	0	0	0	2	77	38	322	10
HSMA33JB	450	319	1844	714	0	45	226	2	0	245	1007	7	460	1470	87	343	0	0	0	1356	3	461	123	221	431	0	0	0	0	128	55	0	2
HSMA33JD	38	475	1227	376	0	51	347	2	0	172	482	184	168	1600	70	956	1	0	0	1805	0	988	109	345	214	14	0	1	4	219	151	0	0
HSMA33JN	85	3431	0	712	0	504	0	0	0	684	0	103	1126	0	6	1008	4	12	0	547	26	308	166	5	1186	0	0	24	1	48	11	0	0
HSMA33JP	44	2880	0	601	0	435	0	0	0	766	0	208	2187	0	6	809	8	27	0	192	24	388	134	6	1193	0	0	34	3	42	12	0	1
HSMA33JR	0	1963	0	1144	0	606	0	1	0	799	3	152	1097	2	0	824	13	15	0	791	157	571	183	10	1256	0	0	342	4	42	22	0	2
HSMA33JZ	4133	0	0	0	0	0	0	0	0	0	107	0	318	2134	207	0	0	33	286	0	0	0	0	0	132	474	0	1238	486	48	30	0	374
HSMA33KE	0	0	0	713	0	1	492	868	0	588	1	0	1458	2155	31	0	7	0	0	1500	0	217	187	0	827	0	0	0	7	758	191	0	0
HSMA33KM	0	0	0	1424	0	1	135	3783	0	152	0	0	1236	871	4	0	28	0	0	572	0	317	114	0	1018	0	0	0	42	175	126	0	0
HSMA33KO	0	0	0	1363	0	0	964	807	0	794	0	0	3001	1098	111	0	5	0	0	276	0	402	276	0	590	236	0	0	0	50	27	0	0
HSMA33KQ	0	0	0	0	0	0	0	0	0	0	0	0	0	0	0	0	102	182	281	980	0	2863	0	0	0	0	0	5166	93	269	62	0	3
HSMA33KS	0	0	0	0	0	0	0	0	0	0	0	0	0	1	0	0	928	934	945	44	0	5387	0	0	0	0	0	744	285	427	306	0	0
HSMA33KU	0	0	0	0	0	0	0	0	0	0	0	0	0	1	0	0	286	184	301	3155	0	3860	0	0	0	0	0	1713	59	172	268	0	1
HSMA33L1	0	0	0	0	0	0	0	0	0	0	0	0	0	1	0	0	249	366	477	1617	0	5250	0	0	0	0	0	955	228	226	629	0	2
HSMA33LP	0	527	1292	844	0	0	263	177	0	388	0	65	1636	1186	0	787	0	16	16	501	0	582	0	0	1185	0	0	4	1	58	94	368	9
HSMA33MV	7	2783	0	711	0	615	0	0	0	914	0	166	1465	0	2	620	4	39	0	96	0	1028	205	7	1241	0	0	66	2	11	17	0	0
HSMA33NA	0	0	1	1329	0	0	992	51	1	899	7	0	2260	2123	95	0	2	0	5	122	0	959	238	0	604	230	1	0	4	22	56	0	0
HSMA33NC	0	0	0	3417	0	0	328	398	0	314	0	0	680	652	20	0	50	0	0	185	0	442	275	0	1023	0	0	0	4	101	2111	0	0
HSMA33NO	7313	0	0	0	0	0	0	0	0	0	0	0	0	0	0	0	25	70	90	447	0	977	0	0	0	0	0	1035	6	19	17	0	2
HSMA33NQ	9161	0	0	0	0	0	0	0	0	0	0	0	0	0	0	0	57	53	238	12	0	365	0	0	0	0	0	41	12	12	50	0	0
HSMA33PL	0	0	0	0	0	0	0	0	0	0	0	0	0	0	0	0	408	581	1468	251	0	4495	0	0	0	0	0	1443	473	311	567	0	3
HSMA33PN	0	0	0	0	0	0	0	0	0	0	0	0	0	1	0	0	240	654	340	1001	0	4908	0	0	0	1	0	1627	129	148	951	0	0
HSMA33PX	0	0	0	2621	0	0	459	1627	0	705	0	0	388	2459	99	0	3	0	0	202	0	237	241	0	481	0	0	0	131	197	149	0	0
HSMA33PZ	3	0	10	3	0	0	0	0	43	72	3	0	5469	1916	150	3	669	0	0	302	0	450	654	0	2	3	26	28	0	109	87	0	0
HSMA33Q6	0	0	0	0	0	0	4121	0	0	1181	0	0	1799	1100	121	0	6	0	0	263	0	912	414	0	0	3	1	1	4	21	48	0	4
HSMA33QY	0	318	973	1429	0	0	261	644	0	1207	0	26	1103	705	1	753	2	2	12	485	0	1057	0	0	734	0	0	0	0	15	193	74	5
HSMA33R1	0	636	1162	1165	0	0	274	201	0	261	0	27	2272	1311	1	1021	0	12	0	49	0	131	0	0	1179	0	0	0	0	10	20	264	3
HSMA33R5	0	317	1371	299	0	0	547	197	0	199	0	13	1754	1394	2	1203	0	9	4	273	0	1039	0	0	991	0	1	0	0	13	208	163	2
HSMA33R7	0	124	773	436	0	0	236	302	0	421	0	1	1460	3301	1	410	0	65	45	331	0	524	0	0	954	0	1	0	0	15	180	415	4
HSMA33R9	0	438	1197	713	0	0	261	220	0	467	0	13	1525	963	2	379	0	16	0	1307	0	1089	0	0	883	0	0	93	8	28	113	272	15
HSMA33S4	0	349	815	819	0	0	200	347	0	263	0	13	2934	1215	0	640	0	31	78	83	0	528	0	0	1325	0	0	25	0	2	95	230	8
MSM5LLDA	0	99	930	205	313	0	20	616	0	106	3945	0	0	15	26	0	0	202	38	47	451	2324	0	383	241	0	0	0	3	2	30	0	2
MSM5LLDC	0	11	289	104	9	0	6	401	0	183	3770	0	0	327	29	0	1	28	0	299	214	3520	0	658	87	8	0	0	2	12	13	29	0
MSM5LLDE	0	9	588	79	22	2	14	323	0	65	2920	0	2	79	4	0	0	264	14	272	189	4528	0	382	174	0	0	0	0	32	37	0	2
MSM5LLDI	0	141	1431	295	975	0	148	802	0	353	4174	0	0	0	89	0	2	55	29	60	0	141	0	1081	179	0	0	0	13	18	17	0	0
MSM5LLDK	0	274	1113	210	33	0	239	1772	0	263	3845	0	0	0	94	0	5	51	458	89	63	940	0	315	212	0	0	0	3	3	19	0	0
MSM5LLDM	0	71	1017	325	401	0	102	866	0	272	3640	0	0	0	102	0	1	151	60	16	249	981	0	997	723	0	0	2	8	2	14	0	0
MSM5LLDQ	0	25	651	200	380	0	53	1033	0	219	4762	0	0	0	77	0	0	100	7	32	76	1220	0	470	543	0	0	0	16	3	14	114	3
MSM5LLDS	0	70	848	248	349	0	206	913	0	420	5399	0	0	0	134	0	0	16	2	18	184	323	0	451	315	0	0	0	0	4	6	93	0
MSM5LLDU	0	0	727	0	590	0	0	481	0	459	7272	0	0	0	0	0	0	0	0	0	0	304	0	167	0	0	0	0	0	0	0	0	0
MSM5LLEP	0	28	489	687	1595	248	0	84	0	185	0	213	203	767	18	164	17	92	0	1227	3	1978	191	103	877	765	0	0	0	46	19	0	0
MSM5LLER	0	39	1394	603	2014	76	0	638	0	572	0	520	137	884	110	360	14	0	0	0	2	1331	329	35	842	4	0	0	0	59	37	0	0
MSM5LLF4	0	0	0	0	0	0	0	0	0	0	0	0	0	0	0	0	0	0	2104	0	0	1	0	0	0	0	7	210	583	243	42	0	6809
MSM5LLF6	38	36	3	43	0	9	0	0	0	33	1	13	42	29	0	3	66	0	568	5	364	1690	0	58	3	1	0	5612	415	100	17	0	851
MSM5LLF8	0	0	0	0	0	0	0	0	0	0	6	0	8	0	0	0	60	0	121	0	283	674	0	0	0	0	0	8388	161	56	1	0	241
MSM5LLGL	40	0	0	0	0	2129	0	0	0	200	0	158	2188	769	0	0	1	56	0	589	0	2624	0	0	0	1	1	1197	0	14	28	0	2
MSM5LLHC	50	0	4	92	2	74	8	15	0	52	1	11	298	208	15	39	0	0	2	71	10	2095	59	0	24	15	6391	0	0	22	365	77	1
MSM6J2IE	0	0	1	1264	0	0	0	0	0	1876	1517	110	396	989	0	0	547	0	15	233	211	981	0	0	1554	0	0	0	5	67	233	0	0
MSM6J2IG	0	0	1618	1607	0	0	0	0	0	2650	352	499	110	399	0	0	410	0	450	162	91	125	0	0	1203	0	1	0	69	186	65	0	5
MSM6J2II	0	0	1579	484	0	0	0	0	0	174	449	128	225	123	0	0	1420	0	0	308	153	3619	0	0	313	0	0	0	1	318	705	0	0
MSM6J2IK	0	0	1119	684	0	0	0	0	0	477	445	371	217	446	0	0	430	0	0	689	62	3741	0	0	736	0	0	1	7	401	165	0	9
MSM6J2IM	0	0	1254	1394	0	0	0	0	0	1007	639	819	241	359	0	0	806	0	135	225	47	1679	0	0	589	0	0	0	17	569	218	0	0
MSM6J2IO	0	0	1714	1240	0	0	0	0	1	1361	633	643	132	709	0	0	222	0	14	183	6	1047	0	0	1688	0	4	0	22	252	125	0	3
MSM6J2IQ	121	0	0	0	0	2080	0	0	0	60	0	433	2030	222	0	0	1	127	1	632	0	3939	0	0	0	0	0	325	0	6	22	0	0
MSM6J2IY	108	0	0	0	0	57	1	303	0	32	0	64	3639	553	0	0	3	91	6	1932	0	2447	0	18	4	30	1	651	0	27	25	0	8
MSM6J2J1	2	0	0	0	0	0	0	508	0	51	0	80	2358	1744	1	0	3	64	7	1270	0	2768	0	41	4	64	2	990	0	21	11	0	11
MSM6J2J3	68	36	178	254	35	0	0	0	735	47	64	28	1140	287	2	300	3	1162	0	166	2	4860	78	102	0	50	0	0	0	23	378	0	0
MSM6J2J5	0	100	955	0	236	0	0	0	2129	289	27	159	970	946	0	691	1	428	0	267	0	1622	236	165	0	0	0	481	0	55	238	0	3
MSM6J2JB	0	84	665	0	207	1	0	0	1884	71	64	329	3693	607	2	346	2	94	0	394	0	719	204	226	0	0	4	234	0	32	138	0	0
MSM6J2JD	157	268	453	0	364	0	0	0	1141	34	30	174	4263	510	4	369	2	460	0	261	0	839	198	146	0	0	0	70	0	11	248	0	0
MSM6J2KC	79	0	1	97	16	70	5	18	0	77	0	12	330	175	16	38	0	0	4	32	3	960	52	0	14	54	7585	0	0	12	262	86	0
MSM6J2KE	22	0	0	69	8	41	5	23	0	41	0	9	199	209	15	13	0	0	0	54	2	1069	35	1	11	41	7799	0	0	13	208	115	0
MSM6J2KM	13	0	3	229	7	42	18	77	0	26	1	23	506	346	26	35	0	0	6	32	1	1527	62	0	68	118	6370	0	0	11	258	194	0
MSM6J2LB	0	97	1035	131	692	0	28	344	0	154	4548	0	0	856	34	0	2	36	5	279	422	1015	0	206	72	0	0	0	0	10	33	0	0
MSM6J2LH	0	0	0	0	0	0	0	0	0	0	0	0	0	0	0	0	154	5	462	0	649	2156	0	0	0	0	0	5014	825	280	2	0	453
MSM6J2LJ	0	0	0	0	0	0	0	0	0	0	0	0	0	0	0	0	46	1	244	0	1767	985	0	0	0	0	0	6557	131	77	2	0	190
MSM6J2LL	0	0	0	0	0	0	0	0	0	0	0	0	0	0	0	0	740	0	2054	0	168	1511	0	0	0	0	0	4620	536	238	0	0	133
MSM6J2LN	0	0	0	0	0	0	0	0	0	0	0	0	0	0	0	0	417	22	1768	649	1232	2246	0	0	0	0	0	1947	190	168	1	0	1360
MSM6J2LR	0	0	0	0	1	0	0	0	2	0	0	0	3	0	0	2	113	0	167	882	1317	457	0	0	0	0	12	6554	282	61	2	0	143
MSM6J2LT	0	219	906	357	4431	103	0	140	0	89	1	319	150	626	18	136	10	173	0	0	27	1368	261	54	92	378	0	1	0	48	95	0	0
MSM6J2MB	0	0	0	0	0	0	0	0	0	0	0	0	2	2	0	0	164	1	631	2853	1558	1226	0	0	0	0	49	2404	226	443	3	0	436
MSM6J2MD	0	0	0	0	0	0	0	0	0	0	0	0	1	0	0	0	75	0	1133	341	4754	1307	0	0	0	0	0	435	1303	548	1	0	104
MSM6J2MF	0	0	0	0	0	0	0	0	0	0	0	0	1	0	0	1	63	74	470	4120	816	1073	0	0	0	0	5	2421	158	225	3	0	570
MSM6J2MH	0	0	0	0	0	0	0	0	0	0	0	0	0	0	0	0	118	98	688	5748	674	1302	0	0	0	0	0	462	339	502	1	0	67
MSM6J2MJ	0	0	0	0	0	0	0	0	0	0	0	0	0	0	0	0	67	147	198	1238	744	1712	0	0	0	0	0	5121	70	140	2	0	561
MSM6J2ML	0	0	0	0	0	0	0	0	0	0	0	0	0	0	0	0	570	1	6488	889	0	0	0	0	0	0	0	9	1307	120	0	0	616
MSM6J2PK	50	307	838	0	319	0	0	0	1968	57	98	308	3490	374	4	1185	0	97	0	39	0	265	204	242	0	23	0	80	0	0	52	0	0
MSM6J2PM	6	79	1808	0	252	0	0	0	1278	415	544	525	775	1079	6	1619	1	126	1	81	0	536	432	201	0	21	0	47	0	13	157	0	0
MSM6J2Q3	0	0	1105	1748	0	0	0	0	0	1697	583	412	317	1059	0	0	335	0	67	940	10	283	0	0	937	0	0	0	1	335	170	0	1
MSM6J2Q5	0	0	1688	1382	0	0	0	0	0	382	817	357	374	583	0	0	1269	0	1187	131	21	443	0	0	820	0	0	13	77	334	110	0	12
MSM6J2Q7	0	0	3146	880	0	0	0	0	0	946	1991	131	63	279	0	0	705	0	0	477	35	549	0	0	355	0	0	0	87	285	72	0	0
MSM6J2Q9	0	0	1939	2291	0	0	0	0	0	1793	2714	46	100	243	0	0	17	0	0	77	0	2	0	0	682	0	0	1	29	25	41	0	0
MSM6J2QB	0	3	1257	715	0	0	0	0	0	1155	1981	337	187	490	0	1	1093	0	0	1485	36	231	0	2	516	0	0	0	36	361	112	0	0
MSM6J2QD	0	0	1732	1220	0	0	0	0	0	1806	2251	249	365	392	0	0	478	0	0	106	134	444	0	0	379	0	0	0	25	192	228	0	0
MSM6J2QR	155	0	0	0	0	0	0	251	0	65	0	152	2915	2651	0	0	2	228	27	524	0	2174	0	94	23	137	0	548	0	5	45	0	5
MSM6J2R2	2	0	2	94	1	29	8	28	0	15	0	10	224	240	7	53	0	0	37	2	0	1144	43	0	42	23	7506	21	0	8	127	331	0
MSM6J2R8	4	1	7	153	12	8	14	53	0	48	8	13	617	468	19	110	0	0	1	11	8	959	72	0	45	18	6812	4	3	37	211	286	0
MSM6J2RA	38	0	4	232	53	100	24	30	0	81	1	58	759	631	52	165	0	0	29	56	9	577	126	0	50	86	6008	12	0	27	458	333	1
MSM6J2RC	8	1	14	583	0	141	43	21	0	55	1	41	823	914	48	370	1	0	63	1	2	814	106	0	130	35	4994	2	0	10	233	544	0
MSM79H63	0	0	1459	851	0	0	0	0	0	2220	1678	693	171	813	0	0	17	0	0	249	107	821	0	0	725	0	0	9	9	109	70	0	0
MSM79H65	0	0	1077	1005	0	0	0	0	0	2008	734	208	79	383	0	0	450	0	27	2315	13	167	0	0	876	0	0	1	49	420	189	0	0
MSM79H67	0	0	466	1043	0	0	0	0	0	1097	461	388	155	1886	0	0	1196	20	0	457	131	1585	0	0	486	0	0	20	6	537	50	0	16
MSM79H69	0	0	1011	712	0	1	0	0	0	1138	1653	316	505	492	0	0	443	0	10	2437	66	240	0	0	551	0	0	10	20	182	213	0	0
MSM79H6B	0	0	1940	626	0	0	0	0	0	1353	1413	791	322	441	0	0	31	0	3	674	642	553	0	0	951	0	0	0	18	61	181	0	0
MSM79H98	0	60	1023	450	71	205	0	1	0	858	437	431	2963	608	0	774	0	0	0	0	373	845	131	212	355	0	0	5	2	40	96	56	2
MSM79HBN	0	0	0	0	0	0	0	0	0	0	0	0	0	0	0	0	44	338	366	422	0	0	0	0	0	0	0	7723	237	442	1	0	427
MSM79HBP	0	14	0	117	0	0	0	0	0	691	718	193	0	607	8	0	25	4	2021	802	0	1950	0	614	169	0	0	752	559	462	84	0	210
MSM79HBR	0	0	0	0	0	0	0	0	0	0	0	0	0	0	0	0	0	732	9016	0	0	0	0	0	0	0	0	0	71	180	0	0	0
MSM79HBT	0	0	0	0	0	0	0	0	0	0	0	0	0	0	0	0	17	0	6181	0	0	0	0	0	0	0	0	0	913	401	1	0	2486
MSM79HBV	0	0	0	1	0	0	0	0	1	0	0	0	0	2	0	2	33	0	3050	0	0	4	0	0	0	0	13	0	4127	338	4	0	2424
MSM79HDK	0	0	120	250	47	2	0	8	0	193	484	389	1790	279	0	57	77	1764	15	0	0	1023	125	876	1341	0	0	0	0	28	84	689	358
MSM79HDM	0	1	1006	602	456	9	0	27	0	131	463	78	2538	487	0	335	0	63	0	0	1	609	241	688	1412	0	0	0	27	140	96	465	123
MSM79HDO	0	283	1396	458	1071	4	0	99	0	93	55	175	718	311	0	1785	2	0	0	0	0	1194	200	1184	263	0	0	0	28	455	104	122	0
MSM79HDQ	0	96	970	608	30	61	0	28	0	339	439	136	1580	825	0	1124	5	0	0	0	94	2266	175	300	600	0	0	0	34	143	98	50	0
MSM79HDQ_TR	0	74	1328	578	27	20	0	43	0	222	382	93	1846	789	0	977	6	0	0	0	82	2138	227	301	516	0	0	0	44	105	144	58	0
MSM79HDS	0	166	1061	444	157	10	0	14	0	554	229	555	2107	743	0	1156	4	0	31	0	220	774	257	734	470	0	0	0	44	155	109	6	0
MSM79HDU	0	62	665	477	54	95	0	4	0	589	290	765	4077	745	0	743	0	0	30	0	97	452	122	209	389	0	0	0	9	53	50	17	6
MSM7J16J	0	250	0	3001	49	6	0	3	0	772	860	56	285	385	0	325	108	0	10	0	2417	262	118	243	152	3	0	0	5	386	305	0	0
MSM7J16L	0	242	0	3280	19	370	0	7	0	932	461	76	332	1239	0	575	51	0	12	0	236	624	81	630	249	0	0	10	28	341	203	0	0
MSM7J16N	0	169	0	729	103	25	0	0	0	1336	494	22	442	598	0	197	1031	0	0	0	43	2986	0	238	136	0	0	43	23	709	674	0	0
MSM7J16P	0	295	0	2775	301	313	0	4	0	1885	556	30	496	606	0	350	4	0	1	0	309	642	115	511	294	0	0	4	2	337	170	0	0
MSM7J16R	0	237	0	3268	29	347	0	20	0	1070	711	53	333	685	0	727	18	0	16	0	16	597	146	765	351	0	0	43	6	334	112	116	0
MSM9VZEK	0	27	171	189	150	6	0	0	0	1051	322	771	4314	702	0	645	2	0	0	0	704	155	52	119	163	11	0	7	16	192	198	32	0
MSM9VZEK_TR	0	16	185	113	30	2	0	0	7	299	119	318	1666	298	0	351	2785	0	0	0	518	148	269	69	190	0	0	107	34	300	2169	8	0
MSM9VZEM	0	396	0	0	733	2	0	0	0	119	177	156	6189	768	1	53	24	0	13	0	111	236	0	0	467	0	0	0	344	78	133	0	0
MSM9VZEO	0	316	0	233	55	0	0	0	0	458	395	457	6384	481	0	328	3	0	0	0	361	81	21	132	180	0	0	0	3	50	61	0	0
MSM9VZEQ	0	283	0	589	54	1	0	0	0	1403	1223	513	2158	1419	2	864	24	0	1	0	21	307	90	350	373	0	0	0	17	233	76	0	0
MSM9VZES	0	740	0	700	187	17	0	1	0	749	1228	143	1499	213	1	1040	222	0	0	0	1836	87	109	259	171	15	0	0	39	466	278	0	0
MSM9VZIY	0	0	1415	0	281	147	0	1171	0	280	0	0	2215	32	1	0	3	437	3	276	0	3061	99	0	0	6	0	61	17	32	462	0	0
MSM9VZJ3	0	0	1251	0	153	290	0	1137	0	267	0	0	5743	61	0	0	4	131	0	343	0	187	97	0	0	6	0	21	13	111	186	0	0
MSM9VZJB	134	352	0	694	59	641	0	9	0	1868	1249	87	1098	1131	1	484	1	0	0	0	147	562	137	685	432	0	0	61	8	82	76	0	0
MSM9VZPH	0	0	699	0	280	128	0	679	1	141	0	0	4028	27	6	0	2	1241	0	766	2	1283	113	0	0	3	0	36	60	150	353	0	0
MSM9VZPL	0	0	609	0	376	108	0	475	0	245	0	0	1352	32	0	0	1	182	0	661	35	5135	59	0	0	0	0	70	25	93	542	0	0
MSM9VZPN	0	0	930	0	157	147	0	904	0	205	0	0	2150	32	0	0	0	93	0	946	6	3804	87	0	0	1	0	84	22	39	392	0	0
MSMA26AL	547	300	0	670	31	319	0	0	0	1056	1517	63	322	690	0	489	137	0	26	2	797	240	130	525	402	0	0	233	72	675	407	348	0
MSMA26AN	534	161	0	2743	44	17	0	0	0	231	819	40	387	875	0	88	39	0	2	0	1507	198	0	352	163	0	0	178	306	970	346	0	0
MSMA26AP	349	196	0	3618	12	246	0	31	0	332	466	210	354	884	1	702	103	0	1	2	1040	80	381	528	125	20	0	23	21	113	165	0	0
MSMA26AR	83	666	0	1308	612	147	0	225	0	67	38	178	373	497	0	1001	29	0	58	0	3082	320	176	232	273	0	0	14	32	392	196	0	0
MSMA26AT	93	263	0	1206	173	381	0	0	0	813	1684	126	755	953	0	1365	12	0	0	0	73	520	188	321	664	0	0	22	2	244	140	0	0
MSMA26CV	0	0	959	0	689	237	0	1055	0	423	0	0	4152	53	0	0	0	154	0	273	19	1345	97	0	0	15	0	9	30	35	454	0	0
MSMA26CX	0	0	761	0	340	216	0	1178	0	387	0	0	5503	52	0	0	5	129	1	331	23	443	106	0	0	27	0	40	26	73	359	0	0
MSMAPC6A	0	0	1401	0	203	102	0	704	0	72	0	0	2780	20	0	0	5	336	0	661	4	2219	95	0	0	11	0	24	41	903	419	0	0
MSMAPC6C	0	0	1206	0	88	55	0	401	0	165	0	0	5661	9	0	0	0	64	0	222	6	1450	63	0	0	5	0	7	58	92	448	0	0
MSMAPC6E	0	0	1206	0	255	178	0	843	0	299	0	0	4571	34	0	0	1	227	3	299	23	1400	105	0	0	8	0	46	53	66	382	0	0
MSMAPC6G	0	0	931	0	208	87	0	462	0	138	0	0	3306	23	2	0	1	482	2	1159	7	2442	75	0	0	8	0	7	56	195	408	0	0
MSMB4LXY	0	0	1397	0	358	130	0	1611	0	274	0	0	1733	21	0	0	30	1186	1	597	1	1143	167	0	0	7	0	87	221	783	246	0	7
MSMB4LYB	0	0	1106	0	77	89	0	823	0	131	0	0	3294	25	5	0	2	1129	21	938	3	1367	79	0	0	3	0	150	170	105	484	0	0
PSM6XBQS	1	133	577	1079	67	1097	50	0	999	72	2	42	1454	2640	5	0	0	0	0	525	0	622	0	36	0	49	0	0	0	111	239	92	109
PSM6XBQU	0	261	626	223	295	598	171	0	1949	11	0	192	2253	642	7	0	0	25	0	260	0	1755	136	41	0	54	0	0	0	184	161	127	28
PSM6XBQY	0	57	870	626	63	927	53	0	710	173	0	94	1719	1684	6	0	0	37	0	393	0	1916	0	38	0	0	0	0	0	152	371	75	36
PSM6XBQY_TR	0	102	1140	672	70	793	42	0	754	180	0	71	1703	1777	2	0	0	31	0	279	0	1809	0	45	0	25	0	0	0	75	271	128	31
PSM6XBR1	0	355	923	372	74	358	441	0	2147	1188	2	283	979	660	1	0	0	5	0	0	0	1312	161	38	0	47	0	0	0	119	334	153	46
PSM6XBRK	0	0	2	326	0	201	721	0	2616	659	1877	10	119	1083	1	102	0	0	0	467	0	727	0	887	129	5	0	0	7	37	13	0	11
PSM6XBRK_TR	0	0	2	307	0	156	598	0	2243	443	1706	26	1052	989	6	116	0	0	0	398	0	647	0	668	95	0	0	0	6	11	22	490	19
PSM6XBS4	0	0	5	0	0	4	1	0	70	68	851	0	471	1376	0	20	0	0	0	1885	0	4459	0	32	6	0	0	701	0	39	10	0	2
PSM6XBS8	0	0	166	39	0	71	141	0	1251	471	3604	1	29	1207	0	204	0	0	0	355	0	1644	0	274	55	0	0	1	2	29	18	436	3
PSM6XBSA	0	0	91	27	0	69	82	0	881	300	3314	0	44	486	0	353	0	0	0	565	0	2540	0	244	292	0	1	651	0	22	36	0	0
PSM6XBSI	0	35	663	0	245	165	987	821	0	226	0	0	4277	801	85	0	0	30	16	330	0	856	335	12	0	62	1	0	0	18	29	0	6
PSM6XBSK	29	74	365	0	177	38	391	427	0	29	0	0	1117	1086	20	0	0	201	12	4135	19	1633	56	11	0	78	0	5	1	63	28	0	5
PSM6XBSM	0	46	498	0	358	60	1603	471	0	56	0	0	1339	860	13	0	0	51	2	1308	91	2513	286	15	0	71	0	258	0	31	56	0	14
PSM6XBSO	0	27	556	1	175	30	1193	530	26	128	27	0	1502	1327	60	0	0	42	11	531	0	2289	305	37	0	22	0	1021	20	54	29	0	57
PSM6XBSS	0	388	601	291	241	109	85	0	1073	902	1	43	3777	529	1	0	0	28	0	31	0	1415	67	49	0	59	0	0	0	16	219	76	0
PSM6XBSU	0	363	937	550	140	195	162	0	686	577	1	120	2974	1661	5	0	0	45	0	142	0	1027	102	47	0	46	0	0	0	11	170	37	2
PSM6XBT1	0	162	761	445	85	118	132	0	1035	1022	0	67	1679	1194	2	349	0	18	0	71	0	2314	80	98	0	57	0	0	0	16	177	117	0
PSM6XBTL	0	0	87	8	0	75	89	0	1723	243	1988	2	125	1013	20	298	0	0	0	430	0	2049	0	344	199	0	0	602	0	21	28	655	2
PSM6XBTP	0	0	70	13	0	122	245	0	2185	377	1352	0	721	821	0	92	0	0	0	771	0	2138	0	242	288	0	0	510	0	4	49	0	0
PSM6XBUG	0	1	31	0	68	42	745	800	0	213	0	0	1244	806	1	0	100	2	0	751	0	4978	0	2	0	152	0	0	0	49	11	0	2
PSM6XBUI	0	21	58	0	114	194	353	2037	0	135	0	0	1310	1511	157	0	0	18	0	1042	0	2908	0	2	0	101	2	0	0	0	37	0	0
PSM6XBUK	0	50	585	0	289	53	1705	514	0	304	0	0	2779	460	60	0	2	63	0	891	8	1639	302	34	0	196	0	0	0	37	14	0	14
PSM6XBUM	0	182	1429	0	131	105	1104	734	0	292	0	0	1811	680	24	0	0	48	17	1106	12	1360	405	25	0	185	1	293	4	10	32	0	11
PSM6XBUO	0	13	389	0	153	95	590	691	0	240	0	0	1764	670	15	0	0	38	2	858	4	4185	65	37	0	120	0	45	0	12	10	0	5
PSM6XBUQ	0	8	248	0	122	118	573	940	0	219	0	0	2056	957	42	0	0	47	0	979	5	3433	24	82	0	104	0	0	0	8	11	0	23
PSM6XBV2	86	13	446	0	207	38	623	382	0	50	0	0	1410	2415	45	0	0	25	0	3208	16	547	201	49	0	100	0	0	0	73	68	0	1
PSM6XBV4	0	0	1	0	12	21	56	342	0	153	0	0	2390	5943	2	0	27	0	3	105	0	824	0	0	0	93	0	0	0	0	22	0	6
PSM7J12J	0	0	0	0	0	0	0	0	0	0	0	0	0	0	0	0	2	0	295	0	0	1	0	7800	0	1762	0	0	36	8	0	0	95
PSM7J12R	0	0	0	0	0	0	0	0	0	4073	0	0	0	1	1759	0	0	0	94	0	0	1	0	2816	0	886	1	0	49	8	1	0	312
PSM7J136	0	200	475	152	10	217	483	0	761	1317	0	4	3060	826	1	228	1	0	0	158	0	1607	51	151	0	102	0	21	0	17	69	82	10
PSM7J13E	0	140	566	310	0	221	454	0	1874	617	0	12	918	881	0	208	0	0	0	890	0	2172	68	71	0	95	0	2	0	76	220	185	21
PSM7J13I	0	158	485	934	0	2180	0	245	0	0	0	1261	3200	0	357	0	99	0	2	61	0	373	215	93	0	75	0	0	8	47	196	0	12
PSM7J13K	0	6	334	1180	0	2448	0	141	0	0	0	2664	1469	0	644	0	116	0	0	58	0	136	225	188	0	165	0	0	1	20	204	0	1
PSM7J13M	0	25	759	930	0	2536	0	22	0	0	0	631	3056	0	687	0	81	121	0	140	0	500	208	95	0	96	1	5	0	3	103	0	0
PSM7J13Q	0	6	591	1156	0	2096	0	20	0	0	0	490	3908	0	705	0	76	6	0	249	0	276	124	88	0	90	0	0	0	3	116	0	1
PSM7J13Y	0	0	0	782	0	55	124	0	3173	1293	1524	247	147	0	0	0	25	1	0	127	0	1062	0	777	127	45	0	208	45	5	4	228	0
PSM7J141	0	0	4	103	0	117	370	0	2856	1183	3748	56	128	0	0	0	37	0	1	33	0	436	0	325	35	19	0	0	120	27	3	399	2
PSM7J14L	0	0	0	0	0	0	0	0	0	0	0	0	0	0	0	0	0	0	9997	0	0	0	0	0	0	0	1	0	0	0	2	0	0
PSM7J14N	0	1	9	0	4	9	48	40	0	6	0	0	74	561	7	0	0	43	0	6383	0	2664	0	8	0	5	0	0	0	115	3	0	20
PSM7J14P	0	20	77	0	53	90	736	754	0	106	0	0	1385	1211	15	0	1	148	16	3109	0	1920	55	104	0	99	0	0	2	64	28	0	8
PSM7J14R	0	25	252	0	61	80	584	312	0	215	0	0	941	1246	8	0	2	207	0	2116	4	3232	86	113	0	63	1	350	0	33	68	0	2
PSM7J14T	0	13	207	0	152	22	293	220	0	80	0	0	732	934	24	0	81	2126	5	2849	90	978	83	55	0	37	0	526	19	86	265	0	123
PSM7J158	1	275	1091	510	0	104	68	78	0	279	2809	12	2294	407	265	0	318	34	1	25	206	139	161	0	580	0	0	0	22	60	259	0	0
PSM7J15A	0	0	394	350	0	0	0	25	0	97	2216	0	3367	0	104	0	1089	0	0	0	257	1097	132	0	187	0	0	1	32	56	594	0	0
PSM7J15G	0	0	89	6474	0	0	0	618	0	6	574	0	868	0	25	0	354	0	52	461	68	54	96	0	109	0	0	0	1	25	126	0	0
PSM7J15I	0	0	0	503	0	5	0	523	0	25	1512	0	3186	0	113	0	111	0	0	2169	268	550	271	0	386	0	0	1	69	63	246	0	0
PSM7J15W	0	640	0	0	0	0	0	348	0	905	1133	512	951	2412	67	0	21	0	1	0	0	1942	279	15	0	553	3	26	6	108	76	0	0
PSM7J161	0	0	0	0	0	0	0	0	0	0	0	0	1	1	0	0	0	0	9993	0	0	1	0	0	0	0	3	1	0	0	1	0	0
PSM7J163	0	0	0	0	0	0	0	0	0	0	0	0	0	0	0	0	0	0	9999	0	0	0	0	0	0	0	0	0	0	0	0	0	0
PSM7J177	0	0	0	0	0	0	0	0	0	0	0	0	0	5830	0	0	0	0	0	0	0	1458	0	0	0	0	0	0	0	0	2711	0	0
PSM7J179	173	37	363	215	0	73	69	75	0	36	0	15	735	410	0	210	0	0	0	260	212	931	0	14	0	64	5639	133	0	0	234	104	0
PSM7J17B	0	0	0	0	0	0	0	0	0	0	0	0	0	8349	0	0	0	0	0	0	0	0	0	0	0	0	1651	0	0	0	0	0	0
PSM7J17D	0	0	3575	124	0	0	0	0	0	0	1175	0	660	4072	0	0	0	0	0	0	0	0	0	0	0	395	0	0	0	0	0	0	0
PSM7J17F	0	0	0	0	0	0	0	0	0	0	0	0	0	0	0	0	0	0	9891	0	0	0	0	0	0	0	0	0	0	0	109	0	0
PSM7J17L	0	0	1030	971	0	0	0	121	0	259	3724	69	534	0	154	0	149	0	3	0	12	1878	389	128	405	0	0	1	7	67	95	0	4
PSM7J17T	0	0	614	362	0	0	0	37	0	116	2954	0	2405	0	203	0	647	0	0	0	214	1587	134	0	237	0	0	0	1	40	448	0	0
PSM7J18E	0	6	24	0	18	74	239	712	0	89	0	0	1442	622	3	0	0	49	0	1949	4	4016	20	17	0	82	0	603	0	20	4	0	4
PSM7J18G	0	0	47	0	31	75	295	662	0	315	0	0	822	929	3	0	0	43	0	1197	0	5250	32	62	0	73	0	1	28	41	4	1	87
PSM7J18I	0	0	28	0	8	36	352	592	0	91	0	0	549	811	1	0	0	41	0	2136	0	3193	20	42	0	25	0	2007	0	43	13	0	11
PSM7J18K	0	1	35	0	16	34	358	337	0	244	0	0	1208	2712	0	0	7	31	0	412	0	4465	0	57	0	79	0	0	0	2	1	0	2
PSM7J18M	0	25	175	0	285	71	889	807	0	478	0	0	1448	1401	12	0	1	79	0	1723	0	2296	99	84	0	64	1	0	0	41	9	0	14
PSM7J199	29	0	859	979	0	0	0	81	0	1297	2827	138	882	0	96	0	336	0	10	0	3	1584	119	146	535	0	1	1	0	25	52	0	0
PSM7J19B	116	0	1108	660	0	0	0	3	0	749	2839	663	731	1	248	0	143	0	3	0	10	1139	620	123	325	7	1	0	5	288	213	0	3
PSM7J19F	0	0	1868	105	0	0	0	992	0	239	3315	53	567	3	32	0	25	0	40	3	0	1199	890	154	112	147	1	0	51	82	122	0	0
PSM7J19H	0	0	1408	247	0	0	0	67	0	372	4228	41	972	60	90	0	26	0	38	0	6	1577	279	102	303	39	0	0	3	79	63	0	0
PSM7J19J	0	0	1425	611	0	1	0	47	0	503	4637	75	1089	0	173	0	240	0	10	0	17	352	262	78	192	36	0	0	1	132	118	0	0
PSM7J1BJ	0	0	0	0	0	0	0	0	0	0	0	0	0	0	0	0	0	0	8658	0	0	0	0	0	0	0	0	0	141	0	0	0	1201
PSM7J1BL	0	0	0	0	0	0	0	0	0	0	0	0	0	0	0	0	0	0	10000	0	0	0	0	0	0	0	0	0	0	0	0	0	0
PSM7J1BP	0	0	0	0	0	0	0	0	0	0	0	0	0	0	0	0	0	0	10000	0	0	0	0	0	0	0	0	0	0	0	0	0	0
PSM7J1BR	0	0	0	0	0	0	0	0	0	0	0	0	0	4	0	0	0	0	1075	0	0	0	0	7057	0	1486	5	0	35	0	3	0	335
PSM7J1C8	0	436	858	282	2	240	25	0	773	378	1	48	3192	1877	0	517	0	28	0	193	0	753	80	49	0	58	0	0	0	2	119	91	0
PSM7J1CC	0	238	513	257	125	225	36	0	1856	645	0	97	1752	1387	4	152	0	26	7	484	0	1573	72	67	0	54	0	211	0	32	101	59	27
PSM7J1CG	0	47	53	2	143	459	190	0	1569	1246	1	40	2839	1467	5	13	38	0	0	0	0	1491	39	121	0	107	1	0	0	35	78	12	2
PSM7J1CI	0	198	710	359	2	231	233	0	453	859	0	3	1951	1067	0	655	5	2	0	435	0	2052	87	145	0	219	0	2	0	78	78	173	1
PSM7J1CU	0	0	0	0	0	2283	195	0	2103	257	460	0	107	1	0	0	0	0	13	0	0	2101	0	0	127	0	0	2073	228	45	6	0	2
PSM7J4EF	0	0	215	0	0	3659	0	900	0	515	0	0	246	10	5	15	0	1083	556	1131	0	1012	0	0	0	70	0	0	0	84	460	0	40
PSMA263M	0	0	0	0	0	0	0	0	0	1737	0	0	0	0	716	0	73	0	345	0	0	0	0	5316	0	1293	0	0	357	9	1	0	153
PSMA263S	0	0	0	0	0	0	0	0	0	2738	0	0	0	0	1343	0	264	0	592	0	0	0	0	3971	0	1003	0	0	39	0	0	0	50
PSMA263U	0	0	0	0	0	0	0	0	0	2004	0	0	0	0	929	0	9	0	2024	0	0	1	0	3718	0	965	0	0	212	3	0	0	136
PSMA263W	0	0	0	0	0	0	0	0	0	3424	0	0	0	1	1483	0	269	0	339	0	0	0	0	3266	0	1043	1	0	97	23	0	0	55
PSMA2653	0	62	508	538	0	1927	0	166	0	0	0	531	3111	0	457	0	170	270	0	94	0	1421	106	77	0	74	0	0	0	41	434	0	12
PSMA2659	0	70	591	384	0	2348	0	264	0	0	0	854	3049	0	566	0	96	168	17	21	0	979	124	129	0	106	0	0	0	30	205	0	0
PSMA265B	8	72	726	333	0	2215	0	173	0	0	0	692	3526	0	821	0	2	29	26	69	0	911	98	69	0	56	0	1	1	16	154	0	0
PSMA265N	0	0	0	335	0	0	0	143	0	15	1240	0	4219	0	59	0	26	0	0	1155	452	1013	387	0	758	0	2	0	7	35	154	0	0
PSMA265T	0	0	0	3410	0	0	0	221	0	42	1644	0	818	1	131	0	197	0	0	1334	193	56	314	0	162	0	0	0	14	584	878	0	0
PSMA2668	0	0	0	0	0	0	0	0	0	0	0	1	0	2	0	0	0	0	9995	0	0	2	0	0	0	0	0	0	0	0	0	0	0
PSMA266I	0	244	1321	0	0	4180	0	250	0	228	1	0	1082	1	30	532	0	3	12	125	0	803	205	1	0	0	0	0	15	359	607	0	0
PSMA266M	0	37	1672	0	0	3502	0	594	0	192	0	0	718	2	14	532	85	0	23	68	0	953	204	0	0	0	1	1	10	701	692	0	0
PSMA266O	0	24	709	0	0	4930	0	466	0	757	0	0	899	0	179	108	108	0	2	93	0	1030	164	0	0	3	0	0	5	171	351	0	0
PSMA266Q	0	62	719	0	0	4061	0	866	0	180	0	0	720	6	19	190	0	0	145	402	0	1597	219	0	0	20	0	0	19	134	641	0	0
PSMA267D	0	14	295	570	0	3062	0	251	0	0	0	503	2692	0	1071	0	6	68	100	98	0	805	60	107	0	107	0	0	0	30	160	0	0
PSMA267F	0	214	906	216	0	2734	0	85	0	0	0	248	3443	0	682	0	239	100	73	28	0	330	44	109	0	88	0	0	15	318	128	0	0
PSMA267H	0	74	710	344	0	2837	0	105	0	0	0	428	2691	2	1218	0	345	103	9	5	0	596	56	89	0	68	1	0	3	180	135	0	0
PSMA269G	0	118	547	0	0	2291	0	3966	0	129	0	0	320	2	22	157	165	0	157	29	0	718	106	0	0	0	0	0	73	583	616	0	0
PSMA269O	0	55	840	0	0	4918	0	288	0	301	0	0	985	0	61	117	0	0	0	56	0	1804	182	0	0	0	0	0	36	82	269	0	5
PSMB4MBS	0	132	598	0	0	2998	0	2209	0	296	0	0	716	2	62	145	89	0	1	23	0	1230	120	0	0	6	0	0	94	335	945	0	0
MSM5FZ9N_P	0	5	66	0	0	50	0	90	0	0	0	0	42	239	12	0	1124	8	7	0	0	6083	0	31	0	7	624	0	371	77	38	0	1127
CSM5FZ3N_P	0	0	0	630	0	2	0	149	0	0	0	1382	5808	660	0	0	30	257	2	0	0	848	0	0	0	0	0	0	50	158	23	0	0
CSM5FZ3R_P	0	1	13	360	3	0	0	123	0	7	201	2019	6037	450	1	0	15	453	1	1	12	151	0	12	6	0	0	0	5	86	41	0	0
MSM5FZA2_P	690	0	0	0	0	0	0	0	0	0	0	0	0	0	0	0	159	1034	121	598	0	0	0	0	0	0	0	6680	54	14	620	0	31
CSM5YRY7_P	114	0	0	714	0	0	0	1604	0	0	0	2512	4393	428	0	0	27	29	16	0	0	125	0	0	0	0	0	0	0	29	7	0	0
MSM5LLI2_P	2	41	623	166	678	0	78	824	0	237	5434	0	0	0	58	0	0	17	0	17	118	923	0	422	284	0	0	0	2	2	6	66	0
HSM5MEE5_P	32	0	3	2	0	1	327	0	0	844	3	1	49	3051	107	11	1	279	84	434	0	3291	0	1084	1	0	0	339	7	9	3	0	35
CSM5FZ3V_P	164	0	8	457	0	32	0	789	0	24	0	1668	5800	372	0	0	5	297	5	0	0	355	0	0	0	0	0	0	2	14	7	0	1
MSM633FF_P	0	0	0	0	0	13	0	0	0	0	0	0	11	0	0	0	0	314	105	2659	0	476	0	0	0	0	0	4936	0	52	1431	0	2
ESM5GEYX_P	6	444	1065	292	140	187	178	0	1008	566	1	2	288	348	113	528	0	551	0	313	353	2304	86	74	0	138	0	30	0	3	775	147	59
HSM5FZBR_P	0	58	613	0	0	309	0	595	0	0	0	0	497	489	0	0	49	361	13	20	0	59	0	680	0	546	5690	5	1	10	4	0	0
MSM5LLI8_P	0	49	556	139	487	1	26	719	0	298	5891	0	1	1	71	0	2	21	5	68	140	620	0	585	249	0	17	0	7	2	9	34	0
CSM5FZ3X_P	0	0	3	0	0	0	30	3618	0	0	35	920	17	4367	90	0	48	2	666	71	0	74	0	1	21	0	0	7	0	0	30	0	0
MSM5LLGN_P	0	0	1979	765	0	0	0	0	0	1525	1342	321	892	605	0	0	206	0	0	49	6	450	0	0	1680	0	0	0	41	55	83	0	0
CSM5FZ3Z_P	8	0	0	0	0	0	0	4298	0	0	0	1819	84	2466	172	0	290	549	261	52	0	0	0	0	0	0	0	0	0	0	0	0	0
HSM5MD7W_P	0	44	188	0	0	158	7	283	0	5	0	0	145	174	0	0	28	76	47	342	0	180	0	194	0	114	7955	3	17	26	3	0	11
MSM5LLIM_P	0	21	1626	236	163	145	0	443	0	1024	42	624	176	1497	417	300	30	0	0	64	7	2066	173	28	574	183	0	0	0	86	75	0	0
CSM5MCVB_P	0	0	34	227	0	8109	0	0	0	10	0	6	11	26	0	0	0	0	1330	4	0	25	0	0	13	7	0	11	2	0	0	185	0
MSM5LLI4_P	2	36	493	107	364	0	47	462	0	90	4060	0	10	3	12	0	1	35	13	94	135	3368	0	353	292	0	0	0	8	3	11	0	0
CSM5MCVD_P	301	0	34	622	0	1	0	479	0	7	561	1291	4459	897	0	0	80	540	3	0	0	163	0	116	16	0	281	0	20	90	38	0	0
CSM5FZ42_P	0	0	5	0	0	1	1	1742	0	1	1	1085	1	5775	195	4	203	591	0	373	0	12	0	0	0	1	0	0	0	4	4	0	0
MSM5LLE3_P	0	0	28	1	0	20	0	0	0	5	0	4	21	7	0	0	52	0	472	35	0	39	0	0	5	4	0	7508	1214	438	10	5	133
MSM5LLGR_P	0	21	3528	1118	0	129	0	0	0	493	882	192	857	323	6	0	259	0	104	308	17	590	0	0	575	0	0	0	26	220	353	0	0
HSM5MD8J_P	684	0	191	0	0	9	0	153	0	92	4078	484	359	108	0	0	233	0	1	0	0	214	0	960	142	0	1977	0	50	19	100	144	0
MSM5LLE9_P	0	0	0	0	0	43	7	0	0	0	21	2	11	0	0	0	3	0	7	0	0	7	0	0	1	0	0	7157	1889	448	17	0	385
CSM5MCVF_P	578	0	0	150	0	0	0	135	0	0	0	2218	5972	405	0	0	20	320	16	0	0	55	0	0	0	0	0	0	4	51	77	0	0
CSM5FZ44_P	0	0	0	0	0	0	0	2854	0	0	0	2024	32	3352	362	0	26	444	2	714	0	178	0	0	0	0	0	1	3	0	0	9	0
HSM5MD5H_P	0	266	1097	0	0	228	0	1256	0	0	4	0	486	248	0	0	97	521	44	9	0	261	0	391	0	423	4623	0	0	27	20	0	0
HSM5MD4W_P	33	0	0	0	0	0	0	2	0	0	0	3	9540	2	0	0	2	100	78	0	0	1	0	0	0	0	0	126	15	20	41	0	38
HSM5MD7Z_P	0	0	1006	888	0	0	0	648	0	1159	0	0	1417	3020	64	0	3	56	24	26	0	1057	231	138	65	66	0	4	11	10	84	11	12
MSM5LLGF_P	6	0	0	0	0	3557	0	0	0	0	0	5	1854	208	0	0	0	86	9	540	0	3383	0	0	0	0	2	314	0	5	30	0	1
CSM5MCWK_P	0	70	1244	529	1055	0	5	0	0	3	154	1144	907	2727	4	122	2	0	1	92	283	761	143	254	85	0	0	108	2	20	284	0	2
HSM5MD4P_P	0	0	203	1681	0	0	0	397	0	630	0	0	1004	2474	25	0	0	105	0	357	16	2311	36	257	390	59	0	0	1	26	18	0	12
CSM5MCVZ_P	0	0	0	0	0	9652	0	0	0	0	0	0	1	3	0	0	103	0	0	0	0	1	205	0	0	0	0	0	1	5	29	0	0
HSM5MD3L_P	0	748	726	562	4	6	0	93	3	17	0	310	520	1698	295	0	188	556	47	960	2	2270	235	0	14	0	0	0	45	499	201	0	1
MSM5LLD6_P	0	36	432	248	113	0	22	653	0	182	4863	0	2	29	40	0	0	270	3	51	287	2089	0	397	272	0	0	0	2	0	8	0	0
CSM5MCV5_P	0	0	1385	184	0	1270	1	0	35	600	0	381	1898	764	0	0	0	37	1	303	0	1108	0	0	871	455	0	255	0	5	36	396	13
MSM5LLGJ_P	7	0	0	0	0	1081	0	0	0	0	0	60	1316	510	0	0	0	63	1	621	0	3191	0	0	0	0	0	3114	0	4	28	0	4
HSM5MD8F_P	0	0	0	0	0	462	0	0	514	724	655	0	51	1152	98	0	36	0	504	142	3	3200	0	1	0	1208	0	0	93	852	303	0	3
CSM5MCW4_P	0	0	0	0	0	9777	0	0	0	0	0	0	0	0	0	0	54	0	0	0	0	0	111	0	0	0	0	0	5	21	32	0	0
CSM5MCXF_P	0	166	488	118	0	0	0	372	0	847	144	240	1797	943	1	0	0	0	97	2345	0	1214	191	309	471	0	0	0	0	4	250	0	2
ESM5MEDP_P	44	102	672	266	0	13	51	2	0	169	5874	9	1194	1	61	0	0	16	2	65	0	554	72	0	443	0	0	66	0	2	313	0	9
ESM5MEB9_P	0	6	0	414	0	235	4	0	25	964	24	391	52	1842	61	0	17	0	213	148	0	1417	0	0	59	183	2193	0	0	1405	108	232	6
CSM5MCXZ_P	0	147	2008	149	886	0	2	0	0	3	96	601	1791	514	3	22	4	0	0	25	2138	470	172	510	119	0	0	9	0	9	323	0	0
CSM67U9V_P	0	927	935	560	0	128	6	555	0	510	0	273	3182	436	1144	0	0	27	40	30	0	505	379	11	0	88	0	6	0	8	248	0	0
CSM67UB5_P	0	17	701	533	1	4	0	0	875	279	3692	259	694	635	759	0	0	0	0	393	78	397	75	134	67	0	0	0	0	62	29	315	0
HSM67VCX_P	338	100	0	0	0	0	0	816	0	593	4938	199	737	0	290	0	275	35	0	19	0	12	0	0	0	1577	0	22	0	10	39	0	0
CSM67UB7_P	0	275	1190	316	5	0	0	0	1014	98	1204	470	1617	1062	596	0	3	0	0	355	78	318	227	485	148	10	0	0	0	7	81	441	0
CSM67UCU_P	0	1192	2677	0	0	712	0	200	0	19	0	41	2637	1256	42	0	0	0	36	199	37	521	0	330	0	13	1	0	0	2	85	0	0
CSM79HJ2_P	0	94	211	672	1	0	0	0	1	153	2518	284	454	2497	213	0	1	0	0	0	36	1008	57	179	109	0	0	0	19	25	25	1443	0
CSM79HJ4_P	0	217	605	1773	1	1	0	0	0	503	1769	362	368	2099	192	0	16	0	0	5	16	20	46	1002	422	17	0	0	16	71	71	407	0
PSM6XBRM_P	0	21	551	0	281	161	2425	1165	0	220	1	0	2064	1225	117	0	0	466	8	150	0	252	623	31	0	111	0	0	27	58	38	0	4
CSM79HG7_P	0	0	2728	0	429	33	0	502	0	61	0	261	2234	80	217	0	0	0	0	41	167	1036	516	15	873	0	0	9	0	12	786	0	0
PSM6XBSC_P	0	0	194	47	0	69	125	0	1288	261	2900	1	696	484	2	247	0	0	0	454	0	1242	0	109	124	0	0	1732	0	11	13	0	1
CSM79HJ6_P	1939	1233	532	252	235	0	0	55	1779	84	0	528	0	1457	1	0	0	0	0	512	18	508	0	2	0	45	0	45	0	4	772	0	0
PSM6XBVY_P	101	0	1565	264	0	0	0	20	0	566	2623	398	650	3	110	0	198	0	2	0	40	1390	293	915	172	571	0	0	13	17	82	0	8
PSM6XBTH_P	0	0	567	109	0	43	110	0	1265	672	1860	8	1018	605	3	254	0	0	0	324	0	2152	0	465	278	0	0	223	0	3	43	0	0
MSM79HBX_P	194	0	27	94	62	11	0	6	0	296	1169	1201	80	334	0	9	0	1	0	0	15	855	0	4301	576	0	0	0	0	23	42	701	1
HSM7J4Q3_P	0	211	0	522	0	1602	0	11	0	1641	0	126	224	0	40	467	0	124	0	575	0	2700	102	1	1060	0	0	507	0	2	63	0	21
ESM718U9_P	3662	0	0	0	0	0	0	2418	0	52	1388	163	103	403	2	0	0	0	1251	0	0	338	0	112	56	0	0	0	0	0	11	0	39
PSM7J1BN_P	0	0	0	0	0	0	0	0	0	0	0	0	0	0	0	0	0	0	9495	0	0	0	0	407	0	68	0	0	0	30	0	0	0
PSM7J1CK_P	0	0	0	0	0	29	67	0	998	414	2314	0	995	2379	0	21	0	0	0	392	0	1140	0	76	84	0	0	225	1	3	73	789	0
CSM7KOKP_P	0	115	1318	1367	1	1	0	0	0	116	1975	227	683	1503	141	0	3	0	0	609	237	343	295	272	195	0	0	0	14	323	64	198	0
PSM7J13U_P	0	0	0	0	0	2514	404	0	1947	2845	1286	0	97	0	0	0	0	0	16	0	0	61	0	0	674	0	0	0	83	3	0	0	70
PSM7J1CS_P	0	0	0	0	0	2111	573	0	2882	128	1365	0	357	1	0	0	0	0	21	0	0	622	0	0	284	0	0	1459	52	6	138	0	1
CSM7KOQZ_P	0	88	633	861	1	0	0	0	0	220	2501	534	883	1036	546	0	0	0	0	186	212	660	159	174	168	0	0	687	1	19	25	406	0
CSM7KOQP_P	0	0	0	0	0	0	0	0	0	0	0	0	0	0	0	0	0	0	7084	0	0	0	0	0	0	0	0	0	725	40	0	0	2151
MSM9VZM4_P	0	0	433	0	332	287	0	1872	0	805	0	0	4907	36	5	0	0	0	0	75	0	639	0	0	0	0	0	136	181	0	294	0	0
MSM9VZLX_P	0	0	0	328	0	6	0	0	0	240	2704	1180	674	2394	0	0	2	0	1	83	0	574	156	0	728	0	0	6	1	25	672	226	1
HSMA33NG_P	0	0	0	2085	0	1	1284	311	0	750	1	0	1512	2795	52	0	6	0	0	77	0	214	306	0	461	20	0	0	0	70	55	0	0
HSM5MD49_P	0	0	0	0	0	0	0	2496	0	42	0	0	0	0	19	0	33	18	250	203	0	3307	0	1827	0	585	0	663	19	30	72	431	6
MSM5LLF2_P	3	0	0	23	3	17	0	44	4	106	45	18	143	343	158	0	1	0	696	6	0	234	0	16	0	28	66	16	616	78	22	0	7313
HSM5MD5X_P	229	0	0	145	4	27	0	441	0	573	210	52	195	2907	447	0	5	7	62	24	0	3551	0	13	17	10	24	87	21	140	84	625	98
CSM5MCWA_P	119	5	40	47	2	8	1	4	33	47	133	32	88	148	10	0	0	65	2391	60	33	78	0	22	10	11	292	1504	93	13	186	15	4512
MSM9VZJJ_P	0	0	0	0	0	0	0	0	1392	174	0	184	3627	756	161	477	129	843	725	81	0	388	95	614	0	74	0	0	98	123	54	0	5
CSM5MCXX_P	0	22	1077	243	854	0	2	0	0	4	177	321	1365	2780	2	193	7	0	105	132	411	1241	86	388	225	0	2	182	1	14	165	0	2
CSM67U9X_P	3	70	453	459	10	12	1	2	710	91	3027	79	219	2017	137	1	3	143	13	1068	20	428	45	297	46	10	50	3	2	63	84	423	11
PSM6XBQM_P	1	55	109	419	49	297	379	0	2236	82	6	40	690	1685	0	0	0	6	0	63	0	2945	0	112	0	139	8	0	0	42	96	456	84
MSM6J2RG_P	0	241	0	0	0	23	271	0	3186	519	0	0	1315	29	89	0	191	145	0	0	0	2410	0	0	113	0	0	0	0	160	1231	0	76
ESM7F5AE_P	23	34	353	399	124	542	58	55	132	725	390	163	847	489	117	213	8	54	3	152	25	480	82	634	19	92	3356	20	19	15	221	153	1
PSM6XBS2_P	0	0	339	38	0	69	102	1	1152	667	2115	1	175	632	7	314	0	5	3	377	0	3669	0	173	107	7	6	18	0	1	25	0	0
CSM79HH2_P	71	355	191	225	2313	77	111	41	376	310	937	69	420	1548	7	11	41	64	287	186	9	269	694	83	103	216	196	1	9	9	772	0	0
CSM79HJI_P	23	183	352	283	1	71	42	2375	9	62	574	89	232	641	10	2	443	161	2523	15	11	443	40	318	29	25	593	100	236	65	45	0	2
CSM79HNY_P	420	0	0	143	0	0	0	0	0	1025	2	3	3513	1591	0	0	544	5	0	1031	431	557	0	8	629	0	21	0	0	30	48	0	0
CSM79HJ8_P	0	253	671	809	3	2	0	0	1	261	1568	617	500	841	345	0	9	0	0	589	392	1550	157	427	549	0	56	0	26	35	71	267	0
PSM6XBTF_P	0	2	207	52	0	49	175	0	1370	730	2717	3	186	796	7	299	0	57	0	652	0	2093	0	154	141	0	81	191	0	5	28	3	0
HSM7CYWS_P	1	38	398	218	25	357	117	6	1106	447	1859	15	349	1558	17	201	0	79	18	416	8	2089	0	242	139	0	116	79	4	12	56	28	0
CSM79HJC_P	0	52	86	817	4	18	8	1	9	106	2035	141	539	1379	178	0	0	0	3	894	134	2347	0	172	379	0	16	0	65	53	34	521	8
HSM7CZ2V_P	6	5	326	528	3	202	323	65	24	46	3324	54	187	2906	25	14	2	0	119	56	0	486	172	330	271	0	252	6	26	81	160	1	0
PSM6XBTN_P	0	0	362	9	0	72	147	0	1266	531	3204	3	158	273	11	464	0	0	13	310	0	2029	0	306	454	0	1	290	3	7	87	0	1
CSM7KOKH_P	0	199	424	1700	4	8	0	0	1	81	3045	258	571	1428	608	0	1	0	0	224	3	312	76	271	312	0	25	0	1	14	24	412	0
HSM67VIJ_P	0	55	372	467	0	61	16	89	0	5	0	260	299	590	2	0	0	0	201	2	118	1366	80	0	364	0	5229	0	0	25	394	0	3
PSM7J1B3_P	0	28	101	139	497	54	12	61	13	56	103	112	124	253	86	16	1	30	2673	58	15	166	0	73	31	33	1246	5	2	12	40	3957	1
CSM7KOKL_P	0	786	486	2404	1	4	25	13	9	209	648	418	206	944	501	74	25	34	1	763	6	428	117	501	162	85	145	0	162	135	150	558	0
CSM7KOR4_P	0	177	621	801	2	0	0	0	0	106	3008	333	1249	961	401	0	0	0	0	259	243	484	177	358	242	0	2	260	3	27	46	239	2
CSM7KOR8_P	0	324	818	722	4	0	0	0	0	163	2848	233	1446	872	274	0	1	0	0	151	318	639	332	241	209	0	0	97	1	4	35	268	0
PSMA2651_P	0	78	424	694	0	2228	0	328	1	1	4	644	2811	3	645	0	55	143	0	368	0	1095	109	0	0	101	0	1	0	10	255	0	0
PSM7J143_P	0	0	2	292	0	113	347	6	3096	997	3826	48	167	4	0	0	39	0	4	59	0	661	0	282	16	0	0	0	31	4	5	1	0
HSM6XRQB_P	0	0	0	800	0	1	0	0	625	4394	0	0	435	258	39	0	437	0	0	30	0	12	0	0	0	1	1	0	1764	405	797	2	0
CSM67UAI_P	0	0	0	0	0	0	0	0	0	0	0	0	0	0	0	0	4152	0	4631	288	0	0	0	0	0	0	0	480	26	5	5	0	414
PSM6XBRK_P	0	0	4	340	0	175	834	0	2829	657	2006	16	36	945	4	127	1	0	0	328	0	722	0	803	120	0	1	0	6	9	21	0	13
CSM67UB9_P	0	0	0	148	1	0	0	0	1	4861	30	222	2897	1249	3	0	42	0	0	0	3	478	0	1	2	0	0	0	3	4	54	0	0
CSM79HHW_P	0	0	784	1352	0	1366	0	375	0	2862	0	0	0	0	17	0	285	0	10	358	0	91	0	0	0	0	0	0	2103	93	302	0	4
PSM6XBS4_P	0	0	9	0	0	6	1	0	82	75	962	0	548	414	0	29	0	0	0	1818	0	5331	0	38	8	0	1	635	0	32	6	0	3
PSM7J13Y_P	0	0	0	832	0	33	137	0	3369	1371	1766	239	138	1	0	0	22	0	0	133	0	801	0	771	116	18	0	202	38	7	5	0	0
MSM5LLHR_P	0	73	874	699	2566	154	5	136	0	172	10	0	736	2132	38	16	24	153	10	182	7	742	175	15	358	49	0	1	0	16	57	598	3
MSM5FZ9X_P	2087	0	0	0	0	0	0	22	0	0	0	0	0	0	0	0	69	1264	89	361	0	184	0	15	0	7	0	5454	70	10	335	0	31
MSM5LLHX_P	0	27	543	146	253	0	27	533	0	171	3820	0	3	4	48	0	1	87	0	54	274	3198	0	513	275	0	0	0	8	4	8	0	2
ESM5MEDZ_P	0	0	0	0	0	0	679	0	0	1128	0	1	0	4840	25	0	7	13	0	503	0	1906	0	760	0	50	0	0	61	19	2	0	6
ESM5MEE2_P	0	0	0	1	0	0	534	1	0	501	1	1	15	3295	8	0	10	86	0	1052	0	3547	0	774	0	78	0	25	42	7	7	0	18
MSM5LLIE_P	0	21	851	572	3750	68	0	182	0	140	0	0	609	781	22	317	3	30	2	308	0	1102	229	38	402	116	0	0	0	55	72	331	0
HSM5FZBQ_P	0	222	492	1	0	325	0	270	0	10	36	0	811	665	9	0	132	35	110	30	0	159	0	633	0	372	5031	0	386	203	16	0	51
MSM5LLIC_P	225	30	523	459	71	39	2	1	1424	247	327	109	254	395	0	420	11	892	6	805	2	2568	314	150	1	75	0	211	0	70	366	0	3
MSM5ZOJY_P	34	0	0	0	0	0	0	0	0	0	0	0	0	0	0	0	14	451	226	665	0	0	0	0	0	0	0	7610	67	27	901	0	6
MSM5LLIG_P	0	57	744	261	2871	14	0	197	0	82	8	250	235	1149	7	281	0	57	4	788	3	1678	182	38	598	74	0	0	0	0	77	348	0
CSM5FZ3T_P	0	0	0	0	0	63	0	2438	0	0	0	2830	1	3566	246	0	289	542	0	23	0	0	0	0	0	0	0	0	0	0	3	0	0
MSM5LLFG_P	118	0	1879	624	0	0	0	1	0	984	681	532	362	488	0	0	306	0	68	290	37	2081	0	1	1109	0	0	0	9	139	292	0	0
MSM5LLIS_P	0	0	1	61	2	0	8	74	0	36	1	23	363	112	7	15	0	0	0	85	2	796	26	1	29	0	7942	75	0	2	31	307	0
ESM5MEE6_P	0	0	0	0	0	0	419	0	0	1176	0	1	3	929	14	0	1	483	28	1409	0	4539	0	166	0	1	0	796	9	7	4	0	15
CSM5FZ4C_P	836	0	0	331	0	0	0	1298	0	0	0	3405	3307	132	0	0	1	244	0	0	0	416	0	0	0	0	0	2	0	13	16	0	0
MSM5LLHE_P	0	156	385	268	2	0	0	0	2878	13	181	44	1201	492	0	565	0	444	0	0	0	2602	0	170	0	26	0	0	0	0	571	0	0
MSM5LLI6_P	0	102	1075	196	589	0	114	998	0	221	4894	0	0	0	70	0	1	37	14	23	188	432	0	696	245	0	0	0	7	4	15	76	1
ESM5GEYY_P	0	69	66	665	923	356	0	2632	0	6	0	1278	2	909	387	0	41	52	54	3	0	1244	370	0	316	0	367	0	11	58	106	0	87
CSM5LLGB_P	24	0	9	0	0	249	0	0	0	2	0	1	13	1172	0	0	4	293	38	1270	0	4062	0	0	4	1	0	2544	0	21	286	3	5
MSM5LLH2_P	2	0	0	10	0	0	2	137	0	15	0	24	136	25	3	4	1	1	98	38	0	3002	0	0	17	423	4885	172	2	10	89	905	1
HSM5FZBP_P	0	129	651	0	0	143	5	1122	0	0	17	2	333	51	0	0	49	226	330	126	0	128	0	655	3	443	5514	10	2	42	21	0	0
MSM5LLIK_P	0	95	898	0	64	800	0	382	0	1656	0	507	1058	1485	556	0	78	0	0	0	0	1061	35	132	105	996	0	0	0	18	73	0	0
MSM5LLH4_P	1	2	5	106	9	14	11	44	0	43	4	23	412	297	6	52	0	0	10	25	2	1004	53	0	53	0	7531	1	0	11	102	180	0
MSM5LLGH_P	1	0	0	0	0	3195	0	0	0	0	0	2	2033	938	0	0	0	94	3	575	0	2772	0	0	0	0	0	349	0	4	29	0	4
HSM5MD4U_P	6	0	0	0	0	0	0	0	0	0	0	0	8858	2	0	0	5	293	174	0	0	1	0	0	0	0	0	80	255	127	89	0	109
MSM5LLHG_P	201	74	1076	378	121	142	0	5	2413	108	435	41	692	713	1	1069	0	103	0	15	0	1572	324	216	0	66	0	58	0	8	170	0	0
ESM5GEYW_P	0	38	601	726	184	365	0	214	0	6	150	148	12	213	15	0	65	255	0	44	310	5299	187	7	709	0	30	9	3	150	248	0	14
CSM5MCV1_P	0	0	0	1477	0	5594	0	0	0	0	0	0	408	1	0	0	8	0	2026	84	0	0	0	0	0	0	0	0	280	58	1	64	0
CSM5MCVV_P	274	0	0	2577	0	687	0	38	0	0	1	853	3355	381	0	0	43	97	1151	45	0	55	0	0	0	0	0	0	89	229	105	21	0
MSM5LLHQ_P	0	25	424	119	287	1	29	585	0	189	5886	0	0	0	39	0	0	56	1	60	267	1161	0	491	305	0	0	0	6	1	5	65	0
CSM5FZ46_P	0	0	0	0	0	0	0	3975	0	0	0	2399	0	3020	169	0	8	103	272	49	0	4	0	0	0	1	0	0	0	0	0	0	0
ESM5ME9G_P	0	0	0	0	0	0	1083	0	0	862	0	0	1	5005	6	0	0	487	6	163	0	1455	0	327	0	114	0	457	0	0	6	0	28
HSM5MD4B_P	17	0	0	0	0	0	0	2339	0	0	0	0	0	0	0	0	5	88	5	166	0	3491	0	2534	0	673	0	270	1	0	29	268	114
MSM5LLH8_P	4	1	4	74	8	26	6	17	0	37	1	21	403	238	11	119	0	0	3	0	1	570	46	1	49	0	8000	0	0	5	100	257	0
MSM5LLGD_P	19	0	0	0	0	2629	0	0	0	0	1	14	3368	279	0	0	0	153	0	297	0	3157	0	0	0	0	0	45	0	2	39	0	0
HSM5MD5K_P	0	25	190	0	0	111	0	156	0	0	0	0	85	109	1	0	10	231	50	63	0	88	0	89	0	113	8588	0	27	65	0	0	0
CSM5MCU4_P	0	0	0	0	0	9313	0	0	0	0	0	0	2	2	0	0	267	0	0	0	0	1	297	0	0	0	0	0	36	9	73	0	0
MSM5LLHI_P	500	163	911	136	488	45	2	14	1658	133	8	15	2469	419	0	1102	0	31	0	132	0	768	384	288	0	104	0	53	0	3	172	0	0
ESM5ME9D_P	0	0	0	0	0	0	954	0	0	661	6	1	6	4848	9	0	4	96	39	818	0	1920	0	440	0	48	0	87	28	4	13	0	20
MSM5LLHO_P	211	134	1325	404	75	46	0	8	2214	74	14	103	805	615	1	1417	0	382	0	22	0	1422	310	272	0	26	0	0	0	9	110	0	0
CSM5MCVJ_P	0	0	0	0	0	0	0	5142	0	0	0	982	0	3482	142	0	12	15	160	62	0	0	0	0	0	1	0	0	2	0	0	0	0
CSM5MCWI_P	22	0	0	504	0	0	0	463	0	0	0	2330	5751	431	0	0	92	98	99	0	0	158	0	0	0	1	0	0	5	19	27	0	0
MSM5LLHA_P	17	4	1	92	10	46	12	29	0	57	5	36	587	378	15	43	0	0	170	9	5	809	55	0	59	15	7031	9	0	5	280	220	0
HSM5MD4A_P	646	0	0	0	0	0	0	734	0	0	0	0	0	0	0	0	15	187	17	299	0	6254	0	915	0	192	0	334	2	4	26	295	80
ESM5MEBA_P	0	0	0	0	0	0	1160	0	0	562	2	0	0	4944	89	0	3	574	0	324	0	1838	0	311	0	141	0	32	5	0	2	0	14
HSM5FZC2_P	0	82	539	0	0	593	0	968	0	0	0	0	371	430	0	0	124	324	41	2	0	232	0	354	0	337	5577	0	3	15	8	0	1
