species,historical_engraftment_rate,causal_ace,causal_sig,resource_accessibility,crossfeeding_synergy,butyrate_flux,propionate_flux,acetate_flux,lactate_flux,succinate_flux,formate_flux,therapeutic_score,keystone_conflict_mean,niche_overlap_mean,causal_ace_missing,resource_accessibility_missing,crossfeeding_synergy_missing,scfa_missing,historical_engraftment_rate_missing,cece_score,cece_score_manual,cece_score_calibrated
Blautia_wexlerae,0.75,0.8866839347093122,1.0,0.3464301557445848,0.325642711132715,0.0,0.0,0.123368021034862,0.0,0.0177042359058936,0.3363075585286231,0.1150789911027562,0.550671088332831,0.8445707664733989,0,0,0,0,0,0.6539233213140863,0.42892332131408617,0.6884198461169115
Anaerostipes_hadrus,0.7207792207792207,0.9227173123056662,1.0,0.2970328013863243,0.378565050341902,0.4024919887600221,0.0,0.1981246156586135,0.0,0.0,0.3684543083345117,0.3093367441050523,0.4559529052479479,0.948654964740178,0,0,0,0,0,0.6464470861982483,0.4302133199644821,0.7332426542538008
Faecalibacterium_prausnitzii,0.6333333333333333,0.3990393285135822,0.0,0.3238779434999269,1.0,0.0,0.0,0.1164519061000388,0.0,0.0,0.2673268082230702,0.1076008906149534,0.7318573597023577,0.8341681712020461,0,0,0,0,0,0.6115849783032637,0.4215849783032638,0.7143359897774083
Ruminococcus_bromii,0.5851063829787234,0.5569107690290005,0.0,0.4387482101986457,0.4607004787316602,0.0,0.0,0.2227959354976346,0.0,0.0856702010479339,0.5440282127515964,0.2111252636337177,0.8440300263050964,0.637733687830819,0,0,0,0,0,0.5891742208312264,0.4136423059376093,0.6059403077725469
Fusicatenibacter_saccharivorans,0.8486842105263158,0.7398481942326923,0.8333333333333334,0.0,0.0,0.0,0.0,0.0,0.0,0.0,0.0,0.0,0.6017778763898609,0.9456808950796072,0,1,1,1,0,0.587409672970873,0.3328044098129783,0.6459682852756101
Barnesiella_intestinihominis,0.5591397849462365,0.9423870336672184,1.0,0.1750943284553807,0.0639517119912389,0.0,0.0,0.0246210037239603,0.0,0.3041010983410702,0.0,0.0414319514514508,0.7118537159143487,0.8581114460793614,0,0,0,0,0,0.5814678646798341,0.4137259291959632,0.6693167931727196
Blautia_obeum,0.8034188034188035,0.7015005710476128,1.0,0.1015488538608258,0.0746298493051688,0.0,0.0,0.0416427991180877,0.0,0.0003345931178157,0.0851842392207023,0.0384982621196404,0.4866557781751467,0.8684768358487484,0,0,0,0,0,0.5638671185559512,0.3228414775303102,0.6103368463823331
Alistipes_shahii,0.6,0.9496057312414956,1.0,0.0370180617413649,0.002335471267529,0.0,0.0,0.0049955463144638,0.0,0.0321484818009562,0.0138175873875108,0.0065908805435949,0.726354408930921,0.791713892519676,0,0,0,0,0,0.5638319532278624,0.38383195322786257,0.6111142334278801
Roseburia_faecis,0.7401574803149606,0.4088536970551429,0.0,0.2431991958036784,0.4667861210454551,0.4245382991171071,0.0,0.0588870110771221,0.0,0.0091742668453211,0.434097348077348,0.1881620361232491,0.6408459111038958,0.7453527562666349,0,0,0,0,0,0.5576386372728619,0.33559139317837366,0.5922805424514892
Parabacteroides_goldsteinii,1.0,0.4146789291627731,0.0,0.0,0.0,0.0,0.0,0.0,0.0,0.0,0.0,0.0,1.0,0.0,0,1,1,1,0,0.5329357858325546,0.23293578583255461,0.16743689911925896
Eubacterium_rectale,0.5625,0.4430728372596272,0.0,0.3028179423819599,0.6238179320151096,0.650280240262454,0.0,0.0138123581319637,0.0,0.0142396447342279,0.4846249759886146,0.2176448016618369,0.6127697040190244,0.7528413356404016,0,0,0,0,0,0.5323686411776242,0.3636186411776242,0.6215190092209524
Collinsella_aerofaciens,0.6430656934306569,0.4838494620130384,0.1666666666666666,0.1806804981656168,0.2739522286516332,0.0,0.0,0.1113359722359307,0.0,0.0,0.2441269088807202,0.1028737971860804,0.6524552473569737,0.8677401473821161,0,0,0,0,0,0.5288291998635684,0.33590949183437124,0.6366826231021956
Oscillibacter_sp_57_20,0.5333333333333333,0.9048672929064412,1.0,0.0,0.0,0.0,0.0,0.0,0.0,0.0,0.0,0.0,0.7028358846265255,0.797542042347623,0,1,1,1,0,0.5261530455100294,0.36615304551002936,0.6005175801627698
Slackia_isoflavoniconvertens,0.6153846153846154,0.7269627370940507,0.0,0.2069578641571598,0.0091710550271989,0.0,0.0,0.0,0.0,0.0,0.0,0.0,0.7157880479337311,0.5481605006256627,0,0,0,1,0,0.5241529744131146,0.3395375897977299,0.4838240369450199
Bacteroides_uniformis,0.4818181818181817,0.7348808996868801,1.0,0.2566398464220402,0.0949462102218301,0.0,0.0,0.0083009017874909,0.0,0.000267391555448,0.0082878538152534,0.0076864125035029,0.6043646580699584,0.8861816176380665,0,0,0,0,0,0.51878509294262,0.37423963839716545,0.6621243675984514
Roseburia_inulinivorans,0.4798387096774194,0.7252905785340743,0.8333333333333334,0.1996734262561098,0.1665620029710693,0.3301288678148136,0.0,0.0644015600809199,0.0,0.0,0.3073371263100161,0.1630754811066906,0.7123949308375352,0.7556876968844096,0,0,0,0,0,0.5180449521596353,0.37409333925640953,0.6055347792862446
Bacteroides_dorei,0.4736842105263157,0.674284277884337,0.1666666666666666,0.3425609899340966,0.1228537995376913,0.0,0.0,0.0506966910454457,0.0,0.0430012387236474,0.046625136133814,0.0494852083185972,0.7243207083128382,0.6285451976317196,0,0,0,0,0,0.5121342731887434,0.37002901003084876,0.5517466851907031
Agathobaculum_butyriciproducens,0.7407407407407407,0.7517554932594523,1.0,0.0,0.0,0.0,0.0,0.0,0.0,0.0,0.0,0.0,0.2918673681490431,0.8924146509678137,0,1,1,1,0,0.5055948911932505,0.2833726689710283,0.5827295255345122
Eubacterium_ramulus,0.5675675675675675,0.9151106302289108,0.8333333333333334,0.0397209110772432,0.0037890402152594,0.0738017818262276,0.0,0.0203111535953737,0.0,0.0003771154854056,0.0618922090825437,0.0419438266661542,0.4274555195045674,0.7989029599508578,0,0,0,0,0,0.5036380609199358,0.3333677906496655,0.5756324934939105
Prevotella_copri,0.6117647058823529,0.2035115329759504,1.0,0.5438190464916861,0.3384379944323893,0.0,1.0,0.3151540219682214,0.0,0.2151026148472917,0.6786476399255851,1.0,0.5193200148008313,0.8404789730387194,0,0,0,0,0,0.5015942743008844,0.3180648625361786,0.6339469882799572
Candidatus_Stoquefichus_sp_KLE1796,0.6,0.5566976507811603,0.0,0.103547982974022,0.4299345921150354,0.0,0.0,1.0,0.0,0.65955934798588,0.0,0.9645139115048302,1.0,0.0,0,0,0,0,0,0.4998651868138388,0.3198651868138389,0.24295274079328721
Odoribacter_splanchnicus,0.625,0.5944223129340918,0.0,0.0387101785952088,0.0102432251274603,0.0,0.0,0.0039766852899105,0.0,0.024281131844705,0.0129051174288404,0.0051661324530661,0.6274362548753927,0.8226556539272941,0,0,0,0,0,0.489596315512884,0.302096315512884,0.5754015162467022
Bifidobacterium_adolescentis,0.4936974789915966,0.4981639043263004,0.1666666666666666,0.2445849142249458,0.4013062009536434,0.0,0.0,0.2530463243131182,0.2303956969686084,0.0,0.1054916782967241,0.2525219091913011,0.5908759047150587,0.7421369340136819,0,0,0,0,0,0.4874054609004723,0.3392962172029933,0.588423295517928
Dorea_formicigenerans,0.5696564885496183,0.7053940774985382,1.0,0.0615586266763337,0.0153303646775324,0.0,0.0,0.0221892409630317,0.0,0.0001555082858544,0.0437584645296681,0.0205122844338486,0.4333460840870674,0.9857811487526996,0,0,0,0,0,0.4863226200221265,0.31542567345724104,0.6531187497342139
Dorea_longicatena,0.657,0.408268988016197,0.0,0.1149188922075594,0.1862818255158694,0.0,0.0,0.1104279036911501,0.0,0.0,0.0299224516151292,0.1020347470800745,0.5225777257556132,0.9282737555185652,0,0,0,0,0,0.4858338484011587,0.2887338484011588,0.6251410069494775
Eubacterium_sp_CAG_180,0.59375,0.5131395596649125,0.0,0.1434056086589823,0.0476502369685956,0.1659867690701469,0.0,0.0664915410639946,0.0,0.0013477407441541,0.3602222600935182,0.1135943611587487,0.8263036429525081,0.5427505404454084,0,0,0,0,0,0.4852493774161065,0.30712437741610643,0.46428672937209364
Phascolarctobacterium_faecium,0.4835164835164835,0.4566632239872785,0.0,0.3129953785222123,0.1493604079103768,0.0,0.0,0.0,0.0,0.0414137963529879,0.000886466849595,0.0025442340841577,0.8419504266558311,0.6053101510958828,0,0,0,0,0,0.4850965165297333,0.3400415714747882,0.5271428702291172
Parabacteroides_merdae,0.5270408163265307,0.5878511669590212,0.1666666666666666,0.0863988231754534,0.0334178254232655,0.0,0.0,0.0416349379796395,0.0,0.0039329136121274,0.0869444075114001,0.0387120593380483,0.7239897481036581,0.8429023378833221,0,0,0,0,0,0.4848727803122889,0.32676053541432976,0.60599239856572
Bacteroides_stercoris,0.5188405797101446,0.5917310119838031,0.0,0.1265279109016932,0.1434119827963299,0.0,0.0095665413660875,0.0467257376897418,0.0115546209660489,0.1634228480487598,0.0285674410393467,0.0608067039732351,0.6643736354933574,0.7399288347931426,0,0,0,0,0,0.4809676900280089,0.32531551611496545,0.5632134986464284
Bacteroides_vulgatus,0.5926829268292683,0.3866620764274824,0.1666666666666666,0.4147631519056286,0.1347612969000867,0.0,0.0073462769789854,0.0240669519074697,0.0,0.0138710671022288,0.0252946841846688,0.0281998449416894,0.4756125900050298,0.7876030956596852,0,0,0,0,0,0.4809300938768529,0.30312521582807245,0.5827997472438063
Prevotella_stercorea,0.3333333333333333,0.4146789291627731,0.0,0.9501859441970122,0.0377287821139408,0.0,0.0,0.2844480845252711,0.0,0.9365263290974448,0.6711407654599628,0.3203633783598291,1.0,0.0,0,0,0,0,0,0.4792365556735005,0.37923655567350056,0.30992124074789973
Eggerthella_lenta,0.3723270440251569,1.0,1.0,0.1674553265367523,0.0239205241997751,0.0,0.0,0.0763606873811023,0.1798578316344007,0.0032986744195573,0.0062853958171282,0.0853642809689011,0.4273611955433187,0.7481215298142703,0,0,0,0,0,0.4781247969209623,0.3664266837134152,0.5798559444061574
Bacteroides_xylanisolvens,0.3552631578947368,0.7665371563468254,1.0,0.686678972522676,0.2053929770701318,0.0,0.0150678973436569,0.3461208976911819,0.0,0.1956107263287116,0.4397759457597787,0.3423119551064796,0.0993336008491465,0.679967448337398,0,0,0,0,0,0.4663243071843124,0.3597453598158914,0.5728236017528088
Alistipes_inops,0.391304347826087,0.8864571550353284,1.0,0.0,0.0,0.0,0.0,0.0,0.0,0.0,0.0,0.0,0.9860687013787076,0.1915786920166364,0,1,1,1,0,0.4617509097633615,0.34435960541553545,0.31913299872959683
Eubacterium_hallii,0.4436619718309859,0.6474040558041935,1.0,0.1063295421103597,0.0961100506166954,0.0892712332076807,0.0,0.0435989703935535,0.0,0.0057418415547707,0.1420964794353245,0.068644327243856,0.4844671930263422,1.0,0,0,0,0,0,0.4608099180423093,0.32771132649301354,0.6747096965919267
Bifidobacterium_bifidum,0.325,0.675666814210069,0.0,0.2317057598859235,0.1036673781639164,0.0,0.0,0.2306553997932066,0.0506838033254698,0.0,0.1973731659187275,0.2172398810157409,0.7696384653221839,0.6287685426588991,0,0,0,0,0,0.4560785887055114,0.35857858870551146,0.539306158092214
Ruthenibacterium_lactatiformans,0.6376811594202898,0.5532713651043459,0.0,0.0,0.0,0.0,0.0,0.0,0.0,0.0,0.0,0.0,0.5745946525191483,0.6761231995842529,0,1,1,1,0,0.4557601386832537,0.26445579085716675,0.48191434123492094
Escherichia_coli,0.5285714285714286,0.2226757815701896,0.0,1.0,0.1663034717642025,0.0,0.0,0.2549531372838962,1.0,0.0015755300211405,0.0,0.3168738982404434,0.1384023452844992,0.6364649802289486,0,0,0,0,0,0.4541437818774564,0.29557235330602794,0.5340586422960406
Prevotella_sp_CAG_520,0.4285714285714285,0.4146789291627731,0.0,0.5935947896167183,0.0262486892215332,0.0,0.0,0.3783767930322432,0.0,0.1073799165655593,0.901978822495646,0.3562148046197273,1.0,0.0,0,0,0,0,0,0.4531713017686442,0.3245998731972157,0.25672337030940195
Coprococcus_comes,0.5111313868613139,0.4727290611321497,0.1666666666666666,0.0490465135657752,0.0294317360847141,0.0,0.0,0.0417370559548281,0.0,0.0005392817351376,0.0,0.0385979298280079,0.7171246998646325,0.8375429031474019,0,0,0,0,0,0.4495083742225969,0.2961689581642027,0.5832795010455432
Megasphaera_elsdenii,0.4545454545454545,0.9265069919179004,1.0,0.0,0.0,0.0,0.0,0.0,0.0,0.0,0.0,0.0,0.7673096608659815,0.1211882278159422,0,1,1,1,0,0.4488803066587079,0.3125166702950716,0.26119421266429377
Alistipes_putredinis,0.4112903225806451,0.5862527801002202,0.1666666666666666,0.1974033575175874,0.2225126210920099,0.0,0.0,0.0744053478967963,0.0,0.2777907974298601,0.0,0.0858160397243417,0.5139152874037949,0.7660060402963289,0,0,0,0,0,0.4461873156712788,0.32280021889708527,0.5764986553215857
Bacteroides_caccae,0.4061764705882353,0.6801778171226851,0.0,0.195254662168494,0.0707084120537236,0.0,0.0,0.0766258289045354,0.0,0.1858838862581709,0.0681448258698413,0.0822215002215892,0.5026011758367882,0.7350115102636793,0,0,0,0,0,0.4431388725335402,0.3212859313570696,0.5540834437063087
Gordonibacter_pamelaeae,0.6206896551724138,0.6129936556336989,0.0,0.0,0.0,0.0,0.0,0.0,0.0,0.0,0.0,0.0,0.3653624028678488,0.7822701666406112,0,1,1,1,0,0.4418370047727024,0.25563010822097826,0.5186145545478856
Bacteroides_sp_CAG_144,0.6,0.639272774963524,0.0,0.0,0.0,0.0,0.0,0.0,0.0,0.0,0.0,0.0,0.7950108917152695,0.1439644042047701,0,1,1,1,0,0.4415026291704722,0.2615026291704722,0.24318467378953407
Parabacteroides_distasonis,0.5115384615384616,0.3779734094001541,0.0,0.1803237328999853,0.0296344275091176,0.0,0.0,0.0002527623394925,0.0,0.0006406335161433,0.0134044017053436,0.0002729079181776,0.6564977515045416,0.8118780824984806,0,0,0,0,0,0.4387306940030082,0.2852691555414697,0.5710164271283794
Prevotella_sp_CAG_279,0.4615384615384615,0.5875178281611174,0.0,0.1747369900714677,0.0096690791388913,0.0,0.0,0.0511146311213192,0.0,0.0429562526120055,0.1343427879798339,0.0498686188445437,1.0,0.0,0,0,0,0,0,0.4331425605183712,0.2946810220568328,0.213833436251455
Prevotella_sp_CAG_5226,0.6666666666666666,0.4146789291627731,0.0,0.0,0.0,0.0,0.0,0.0,0.0,0.0,0.0,0.0,1.0,0.0,0,1,1,1,0,0.4329357858325546,0.23293578583255461,0.16743689911925896
Bacteroides_massiliensis,0.4583333333333333,0.6640108854243512,0.0,0.1222462872813183,0.0346107993855657,0.0,0.0,0.0255972144927461,0.0,0.0810369351762304,0.0549133176168728,0.0286301388780537,0.4873279865273827,0.6599557690884942,0,0,0,0,0,0.4311949750035814,0.2936949750035814,0.49725616406892426
Turicimonas_muris,0.6666666666666666,0.4146789291627731,0.0,0.0,0.0,0.0,0.0,0.0,0.0,0.0,0.0,0.0,0.6445906432748538,0.488886118906929,0,1,1,1,0,0.4285129942144756,0.2285129942144756,0.3775596767346737
Parasutterella_excrementihominis,0.3283582089552239,0.7080607878817686,0.0,0.0853760067867165,0.0299860867834208,0.0,0.0,0.0,0.0,0.104213126246664,0.0,0.0064022768053783,0.6262586168794599,0.7609737548822092,0,0,0,0,0,0.4259607979794103,0.32745333529284326,0.5653079297370887
Ruminococcus_gnavus,0.3221794871794874,0.7899473761864948,1.0,0.2332607065879486,0.0717365132546851,0.0,0.0,0.1303040056524512,0.0510314607732029,0.005231345511375,0.3034033662204523,0.1248653860386386,0.3566643448067426,0.7493515804917981,0,0,0,0,0,0.4252408884749972,0.328587042321151,0.5623290353988105
Coprococcus_catus,0.673469387755102,0.3461586801969431,0.0,0.0415945331419637,0.0019402324880748,0.0,0.0,0.009709506566539,0.0,0.0199264860719683,0.0001197697733435,0.0101957010008567,0.4608433607569024,0.779381365600754,0,0,0,0,0,0.4247703962596321,0.22272957993310144,0.5040692826925808
Dialister_succinatiphilus,0.5625,0.4405973868424072,0.0,0.0745901747152061,0.0091161316550287,0.0,0.0,0.0035677669044776,0.1533245921178692,0.0,8.376485693393976e-05,0.0157468405568087,1.0,0.0,0,0,0,0,0,0.4189696167412652,0.25021961674126525,0.18223880345246482
Eubacterium_sp_CAG_251,0.4347826086956521,0.5357628813587108,0.0,0.1026863880956256,0.0136497961547099,0.0577547433586513,0.0,0.0790365994387899,0.0,0.0001729371200546,0.0,0.0911589419287521,1.0,0.105768278734745,0,0,0,0,0,0.4149321245837272,0.2844973419750315,0.2524267108976168
Alistipes_onderdonkii,0.5555555555555556,0.4146789291627731,0.0,0.4867077026273866,0.0162437296661237,0.0,0.0,0.0472048927889702,0.0,0.8683442071336607,0.1567571900022464,0.0969633037997363,0.085236308055159,0.7763632784530036,0,0,0,0,0,0.4146547549135158,0.24798808824684918,0.5318611546352268
Roseburia_hominis,0.3809523809523809,0.6484696470433942,0.0,0.0338684366712865,0.0097013118061,0.0566307870313959,0.0,0.0077537311900649,0.0,0.0010961270670418,0.060308106047589,0.024998087601008,0.6356477308089987,0.6824107266853806,0,0,0,0,0,0.4136182726655839,0.2993325583798697,0.5093725896153707
Holdemanella_biformis,0.4705882352941176,0.498713093657273,0.0,0.0,0.0,0.0,0.0,0.0,0.0,0.0,0.0,0.0,0.8080702823698825,0.5070229503995117,0,1,1,1,0,0.4128319267151235,0.2716554561268882,0.4161765429483709
Oscillibacter_sp_CAG_241,0.3962264150943396,0.5291234282529221,0.0,0.0,0.0,0.0,0.0,0.0,0.0,0.0,0.0,0.0,0.7418311167917704,0.7647556634125865,0,1,1,1,0,0.4124428440389105,0.29357491951060866,0.5449474628298027
Gemmiger_formicilis,0.5859375,0.5403394591168161,0.1666666666666666,0.0,0.0,0.0,0.0,0.0,0.0,0.0,0.0,0.0,0.3136538703233383,0.8125487163449632,0,1,1,1,0,0.4121520940063602,0.2363708440063603,0.5197036890637226
Eubacterium_siraeum,0.145,0.8223577435695667,1.0,0.2530678326403583,0.1018467736498854,0.4201657146810659,0.0,0.0701596625207435,0.0,0.0020484128035248,0.4558285874058494,0.1967683506202129,0.5625736294340848,0.692990021856065,0,0,0,0,0,0.4098014475756748,0.36630144757567484,0.5675494370492121
Streptococcus_salivarius,0.4166666666666664,0.5516910113280545,0.0,0.1380988315602049,0.0345951321252184,0.0,0.0,0.0381764057406085,0.0,0.0028326076631775,0.0728843702920028,0.0354487987678079,0.4619407832051839,0.7794829079286981,0,0,0,0,0,0.4067519484858108,0.28175194848581087,0.5453583015505334
Alistipes_indistinctus,0.25,0.4146789291627731,0.0,0.6946470759411884,0.0241345335781453,0.0,0.0,0.2082669421472708,0.0,1.0,0.0,0.2538719120081903,0.6698912099297756,0.393835328779591,0,0,0,0,0,0.4044135149489728,0.32941351494897286,0.43527801471268307
Dorea_sp_CAG_317,0.5555555555555556,0.4146789291627731,0.0,0.0296770884196716,0.0010399344450552,0.0,0.0,0.0274758512208719,0.0,0.0,0.0,0.0253875283005676,0.917215937038859,0.1265560567962018,0,0,0,0,0,0.4043960054421266,0.23772933877545988,0.22736976344494259
Clostridium_innocuum,0.6666666666666666,0.4146789291627731,0.0,0.0,0.0,0.0,0.0,0.0,0.0,0.0,0.0,0.0,0.4290286783490954,0.5680039932258051,0,1,1,1,0,0.4040904869074994,0.20409048690749945,0.39265307098958036
Prevotella_sp_885,0.5555555555555556,0.4146789291627731,0.0,0.0,0.0,0.0,0.0,0.0,0.0,0.0,0.0,0.0,0.9426030496802754,0.1282145768958195,0,1,1,1,0,0.4038143676408446,0.2371477009741779,0.22682862461889292
Bacteroides_thetaiotaomicron,0.2692375886524825,0.4284742372825784,0.0,0.233047511948271,0.0817964601595596,0.0,0.0182179679874818,0.0765581519009191,0.0,0.0363113030320694,0.1056172464238268,0.0856421980224262,0.7670971655478042,0.7886012688761664,0,0,0,0,0,0.4035275985802443,0.32275632198449955,0.5910756399883709
Dielma_fastidiosa,0.6666666666666666,0.4146789291627731,0.0,0.0,0.0,0.0,0.0,0.0,0.0,0.0,0.0,0.0,0.6332649218922264,0.2455712814835146,0,1,1,1,0,0.40248265226474,0.20248265226474005,0.25046229289557864
Asaccharobacter_celatus,0.3387096774193548,0.6418465876489778,0.0,0.0,0.0,0.0,0.0,0.0,0.0,0.0,0.0,0.0,0.6795246179966044,0.7012510408289936,0,1,1,1,0,0.402036017537992,0.3004231143121856,0.5176613389468958
Eubacterium_eligens,0.235,0.6953365355716215,0.1666666666666666,0.0950455697969865,0.1353455915851361,0.0,0.0,0.0352774089770515,0.0,0.0090035468840504,0.0445564649961791,0.0331492507521371,0.6135702574192492,0.7170182400948576,0,0,0,0,0,0.401096064364759,0.3305960643647591,0.5518125659321904
Erysipelatoclostridium_ramosum,0.5,0.5258282922670864,0.0,0.0,0.0,0.0,0.0,0.0,0.0,0.0,0.0,0.0,0.6311743669399992,0.495581426491244,0,1,1,1,0,0.3993999561435415,0.24939995614354155,0.39222081655992175
Bifidobacterium_longum,0.4957711442786066,0.4406083159833221,0.1666666666666666,0.1973163759952782,0.0321228062585511,0.0,0.0,0.0076167109725857,0.0191691072890542,0.0049230017269319,0.0050481481432435,0.008896806481616,0.3529247057476294,0.7629333053579764,0,0,0,0,0,0.3988947799033353,0.2501634366197533,0.5193479589347942
Bacteroides_eggerthii,0.2666666666666664,0.8625551238544894,1.0,0.1093094170624762,0.0596506918662963,0.0,0.0430070015355212,0.022922582253139,0.0,0.1760595567283654,0.0633543747351981,0.0619114732052683,0.5052666713512753,0.4795598689003767,0,0,0,0,0,0.3986184941096278,0.31861849410962795,0.4297302123813986
Bacteroides_ovatus,0.4907407407407407,0.2977125308065159,0.1666666666666666,0.2327302888464719,0.0482770245066346,0.0,0.0283869492466547,0.038354963537623,0.0,0.0213790605628051,0.0521024390202616,0.0564987064294042,0.4834266588354764,0.7796144385476167,0,0,0,0,0,0.3969774168412427,0.24975519461902054,0.5339413646997773
Ruminococcus_bicirculans,0.3629032258064516,0.5386044579965792,0.0,0.1192958343129244,0.1041702092350678,0.0,0.0,0.0407343878633502,0.1090402559120835,0.0001004545263321,0.1603655588211131,0.0464987844899384,0.5246566739188921,0.7061145088068499,0,0,0,0,0,0.3942132073802156,0.2853422396382801,0.5178238714305835
Alistipes_finegoldii,0.2894736842105263,0.6927763843123111,0.8333333333333334,0.1267783071679762,0.0444301645479465,0.0,0.0,0.0150239067586356,0.1332553510817095,0.1113052926281508,0.0417170897772055,0.0315405679857646,0.4635223572951069,0.7420636720552961,0,0,0,0,0,0.3925918654554069,0.305749760192249,0.541821456755184
Ruminococcus_torques,0.4264462809917355,0.3250790996573714,0.0,0.1451298567851547,0.1230112618432894,0.0,0.0,0.0989610734674167,0.0,0.0078370738663747,0.212911184460725,0.0919209283644607,0.5628072361589331,0.8114346077130458,0,0,0,0,0,0.3925848551262416,0.26465097082872097,0.5579140798872613
Bacteroides_finegoldii,0.4140151515151517,0.5510254266463385,0.0,0.066861242225609,0.0063930409561134,0.0,0.0300833352690611,0.0075225821027522,0.0,0.0089064814157615,0.0402514633908951,0.0284234977243644,0.6392428523710509,0.5134870369640172,0,0,0,0,0,0.3923132527653253,0.26810870731077974,0.41575195180296576
Phascolarctobacterium_sp_CAG_266,0.4210526315789473,0.5285168609321464,0.0,0.0641267034609295,0.0067104660089807,0.0,0.0,0.0,0.0,0.0132328960982248,0.0001816204142699,0.0008129557840642,1.0,0.0,0,0,0,0,0,0.3923092137801509,0.2659934243064668,0.19059581128200573
Megamonas_funiformis_CAG_377,0.65,0.1641174445482712,0.0,0.0770036679178031,0.0013520257630431,0.0,0.0,0.0045921243972248,0.0,0.00098532425191,0.0,0.0043036293581951,1.0,0.0,0,0,0,0,0,0.389509241673629,0.194509241673629,0.14993989084374915
Bacteroides_plebeius,0.1135135135135135,0.7885866981425925,1.0,0.2645852753897676,0.0402311807240313,0.0,0.0,0.157174043135498,0.0,0.0690747893773663,0.149934952921543,0.1494714828916397,0.8528283325135269,0.245574845159343,0,0,0,0,0,0.3879640374564042,0.35390998340235014,0.3625387730807793
Methanobrevibacter_smithii,0.4285714285714285,0.5016311742815456,0.0,0.047756092508471,0.0060426896962085,0.0,0.0,0.0,0.0,0.047139422162396,0.000100306259749,0.0028959847957627,0.7565754339118824,0.3678204617389586,0,0,0,0,0,0.3869337075343074,0.25836227896287883,0.3459988376926529
Catenibacterium_mitsuokai,0.5,0.4146789291627731,0.0,0.3362192908473038,0.0206201724423818,0.0663652297417069,0.0,0.2533784856662568,0.0,0.0,0.0932138382736809,0.2549405186932935,0.4875272292881735,0.2707065350423941,0,0,0,0,0,0.3856304346013537,0.2356304346013538,0.297175460492189
Coprobacter_secundus,0.5,0.4146789291627731,0.0,0.0,0.0,0.0,0.0,0.0,0.0,0.0,0.0,0.0,1.0,0.0,0,1,1,1,0,0.3829357858325546,0.23293578583255461,0.16743689911925896
Firmicutes_bacterium_CAG_145,0.5,0.4146789291627731,0.0,0.0,0.0,0.0,0.0,0.0,0.0,0.0,0.0,0.0,1.0,0.0,0,1,1,1,0,0.3829357858325546,0.23293578583255461,0.16743689911925896
Bifidobacterium_catenulatum,0.4039473684210526,0.4075804521385596,0.0,0.1788630893370621,0.0270628072588225,0.0,0.0,0.1249509090053121,0.1237579755022998,0.0,0.0291220207984145,0.1255033001089368,1.0,0.0,0,0,0,0,0,0.3822360450804692,0.2610518345541535,0.19548525041616185
Firmicutes_bacterium_CAG_83,0.509090909090909,0.2074788111280512,0.0,0.0,0.0,0.0,0.0,0.0,0.0,0.0,0.0,0.0,0.7931385012414179,0.6489372715272216,0,1,1,1,0,0.3780875372918178,0.2253602645645451,0.45417388488175414
Clostridium_spiroforme,0.2681818181818182,0.6825521729864423,0.0,0.0067632885982175,0.0002402636032867,0.0,0.0,0.0053642602062293,0.0,0.0003652163627387,0.0067040664437876,0.0049789824078048,0.9505198704140306,0.1417359497744033,0,0,0,0,0,0.3747550752414401,0.2943005297868947,0.26663883688279416
Butyrivibrio_crossotus,0.125,0.4146789291627731,0.0,0.6039903402729484,0.1105115996722616,1.0,0.0,0.1246976267190267,0.0,0.0,1.0,0.4289422579225089,1.0,0.0,0,0,0,0,0,0.372085496840723,0.33458549684072303,0.26687260350995434
Desulfovibrio_piger,0.4878787878787881,0.2714142854800898,0.0,0.0,0.0,0.0,0.0,0.0,0.0,0.0,0.0,0.0,0.9521692080668962,0.2316208674900169,0,1,1,1,0,0.3666339614186905,0.2202703250550541,0.2649056900799793
Megamonas_hypermegale,0.4074074074074074,0.3755799275397957,0.0,0.0,0.0,0.0,0.0,0.0,0.0,0.0,0.0,0.0,1.0,0.144374226925038,0,1,1,1,0,0.3617756304226852,0.23955340820046295,0.237542829876479
Coprococcus_eutactus,0.1768987341772152,0.6164363350218856,0.0,0.2171917000823678,0.0733679913463802,0.4013146537864082,0.0,0.0129682320942708,0.0,0.0,0.2919458007849124,0.1378839556504327,0.761256252958264,0.3117172811335688,0,0,0,0,0,0.3616326074616314,0.30856298720846675,0.3624089054887768
Clostridium_sp_CAG_58,0.24,0.4334825161068214,0.0,0.0,0.0,0.0,0.0,0.0,0.0,0.0,0.0,0.0,0.8839573151376668,0.6988441929190146,0,1,1,1,0,0.3611745197839158,0.2891745197839158,0.5168721885905427
Eisenbergiella_massiliensis,0.5,0.4146789291627731,0.0,0.0,0.0,0.0,0.0,0.0,0.0,0.0,0.0,0.0,0.6746802754549925,0.2469374652079174,0,1,1,1,0,0.3588315736715952,0.20883157367159524,0.256124008803516
Flavonifractor_plautii,0.375,0.3565632223479073,0.0,0.0732953676713572,0.0144753754673998,0.0,0.0,0.0127546854935337,0.0,0.0655813116687087,0.0275868708826565,0.0158142082050114,0.6277421120901587,0.676317981944744,0,0,0,0,0,0.3580476021750232,0.24554760217502322,0.4778859092690822
Dialister_sp_CAG_357,0.3260869565217391,0.5752389383432515,0.0,0.0957943997257693,0.034248725568377,0.0,0.0015777915640357,0.0047316909998545,0.2388118895846059,0.0,0.0001075768797978,0.0248615164356499,0.7391047712739793,0.1170764700793695,0,0,0,0,0,0.353241269839909,0.25541518288338727,0.2327056472582582
Akkermansia_muciniphila,0.1937499999999999,0.4353513992032656,0.0,0.199583105218768,0.1059171316660812,0.0,0.0046660142066888,0.1160177792030037,0.0,0.2926457526628275,0.2737024089565067,0.1284239012150186,0.6948050081457373,0.6282406891709513,0,0,0,0,0,0.3527692789290322,0.29464427892903217,0.49793439910402754
Firmicutes_bacterium_CAG_110,0.375,0.594878604567288,0.0,0.0,0.0,0.0,0.0,0.0,0.0,0.0,0.0,0.0,0.3975195933759631,0.6121676698858292,0,1,1,1,0,0.3523204269084349,0.23982042690843497,0.43246832522668943
Eubacterium_ventriosum,0.3625,0.5249512287086674,0.0,0.0,0.0,0.0,0.0,0.0,0.0,0.0,0.0,0.0,0.5161275869102937,0.6065109319419255,0,1,1,1,0,0.3518104769724701,0.2430604769724701,0.43568049447795176
Eubacterium_sp_CAG_38,0.1517857142857142,0.5664519090476893,0.0,0.0458908215666572,0.018622762311619,0.0409637677233365,0.0,0.0194041610298179,0.0,0.0023597230301435,0.0617836263328153,0.030925551600696,0.8043285784554846,0.6167772652143947,0,0,0,0,0,0.3498990088511748,0.30436329456546046,0.48885600628872566
Bacteroides_faecis,0.3529411764705882,0.693060541976098,1.0,0.0640539534103744,0.0036920699074621,0.0,0.0,0.0098521735201796,0.0,0.0665413076199469,3.596640874336756e-05,0.0131912806863965,0.1982796724476593,0.6541815298538708,0,0,0,0,0,0.3496318651912344,0.24374951225005798,0.4513750882449048
Streptococcus_parasanguinis,0.3111111111111113,0.5534189085066968,0.0,0.0,0.0,0.0,0.0,0.0,0.0,0.0,0.0,0.0,0.457608020961747,0.762593563530844,0,1,1,1,0,0.3489176745320192,0.2555843411986858,0.512619764736742
Lactobacillus_ruminis,0.4257575757575754,0.2134789094903195,0.0,0.2292448626955825,0.0409252583525604,0.0,0.0,0.1090346259645035,0.0,0.0092567497917179,0.5041038394146489,0.1013160498796927,0.7558112201309964,0.2358484108141814,0,0,0,0,0,0.3458588339659975,0.2181315612387249,0.27455578898628863
Clostridium_sp_CAG_299,0.4,0.4146789291627731,0.0,0.1460944320317239,0.0350756033566389,0.0,0.0,0.1593753108270605,0.0,0.0021717598928621,0.2231199736813119,0.1473952902854451,0.6173536645351696,0.2450425756644647,0,0,0,0,0,0.345464818219699,0.225464818219699,0.27319178549043394
Bacteroides_sp_CAG_530,0.375,0.4146789291627731,0.0,0.0,0.0,0.0,0.0,0.0,0.0,0.0,0.0,0.0,1.0,0.0,0,1,1,1,0,0.3454357858325546,0.23293578583255461,0.16743689911925896
Bacteroides_salyersiae,0.36,0.4969589665404351,0.0,0.0365673813434345,0.0020982576014973,0.0,0.0,0.0065881746727797,0.0,0.0163492114608075,0.0179919557978284,0.0070918403834386,0.6356541414487049,0.364412748899913,0,0,0,0,0,0.3448761223770489,0.23687612237704897,0.32719383557052734
Anaerotruncus_sp_CAG_528,0.3571428571428571,0.3118247840128526,0.0,0.1451123063492298,0.0295833223594999,0.0221994219965161,0.0,0.1249977561969817,0.0,0.0050572771965619,0.0,0.1227723532262852,1.0,0.0,0,0,0,0,0,0.3442329921337621,0.23709013499090495,0.17978688341628166
Eubacterium_sp_CAG_274,0.3888888888888889,0.3944490893293332,0.0,0.0398283920841368,0.0039529017301106,0.0284452363670301,0.0,0.0234689410713346,0.0,0.0008138521271479,0.0553957687706852,0.0306590718988488,0.8344318740777177,0.1417026270913324,0,0,0,0,0,0.3412610773389558,0.22459441067228914,0.22474004846332565
Dialister_invisus,0.3035714285714286,0.4735159592780209,0.0,0.0917683317796882,0.0689719045298469,0.0,0.0,0.0,0.0,0.0,0.0,0.0,0.4708175110673882,0.6250398321646233,0,0,0,1,0,0.3395636705235412,0.24849224195211267,0.45436184324812057
Ruminococcus_lactaris,0.2686567164179104,0.2728214123728804,0.0,0.1055516919935486,0.0157270900056579,0.0,0.0,0.0517496266799039,0.0,0.0,0.1750387362449935,0.0478163570372607,0.8889091284134364,0.5225400968203435,0,0,0,0,0,0.3381571391435971,0.257560124218224,0.4248515363511603
Acidaminococcus_intestini,0.525,0.2094952376268463,0.0,0.2535931126664004,0.0126904744158561,0.1377705519676753,0.0,0.1107524917341221,0.0,0.0060262942625311,0.4086362736392893,0.1459265906108564,0.34119547732681,0.4825258369017872,0,0,0,0,0,0.3381389671561152,0.18063896715611513,0.3526239606146393
Intestinibacter_bartlettii,0.2592592592592592,0.5010573943835145,0.0,0.0,0.0,0.0,0.0,0.0,0.0,0.0,0.0,0.0,0.7530813013843018,0.4703857711191538,0,1,1,1,0,0.3379900289740413,0.26021225119626357,0.3909331128790424
Adlercreutzia_equolifaciens,0.2807017543859649,0.5812062492827751,0.0,0.0,0.0,0.0,0.0,0.0,0.0,0.0,0.0,0.0,0.4375161803919537,0.7140068163080628,0,1,1,1,0,0.3374798848619438,0.2532693585461544,0.4883081798987293
Anaerotignum_lactatifermentans,0.3333333333333333,0.4146789291627731,0.0,0.0,0.0,0.0,0.0,0.0,0.0,0.0,0.0,0.0,1.0,0.0,0,1,1,1,0,0.3329357858325546,0.23293578583255461,0.16743689911925896
Bacteroides_pectinophilus,0.265,0.4146789291627731,0.0,0.1264334226062767,0.007470020059055,0.0,0.0,0.1275693753930668,0.0,0.0039375228711396,0.2738198197502139,0.1181152677974353,1.0,0.0,0,0,0,0,0,0.3321478012294016,0.2526478012294016,0.18664709371286808
Lachnospira_pectinoschiza,0.4794520547945205,0.1224446302398399,1.0,0.0893338673568169,0.0987477369257318,0.0,0.0459359543052124,0.0224046570652594,0.0,0.008145415674678,0.0467602828966148,0.0531545342511948,0.4837045851848927,0.6773574071117746,0,0,0,0,0,0.3318908247713312,0.18805520833297504,0.4451864494857234
Bacteroides_clarus,0.2222222222222222,0.4848276201249201,1.0,0.0281024813932497,0.0001785154456496,0.0,0.0,0.0007638049461615,0.0,0.0,0.0040596100991948,0.0007057513716648,1.0,0.104461057646776,0,0,0,0,0,0.3283115202098807,0.26164485354321404,0.23362158695165036
Clostridium_saccharolyticum,0.2,0.4146789291627731,0.0,0.2032023996830235,0.0330480691742675,0.0,0.0,0.0538803043250331,0.0,0.004167971436613,0.0933326403866364,0.0500411479725313,1.0,0.0,0,0,0,0,0,0.3267209527024349,0.2667209527024349,0.20046708142528563
Bifidobacterium_pseudocatenulatum,0.3923469387755102,0.3407268971622486,0.0,0.142950326335941,0.0456118246313395,0.0,0.0,0.1244595474334854,0.1771171886060887,0.0,0.0412982902385913,0.129382153040352,0.3957271322933116,0.5431798735366544,0,0,0,0,0,0.3255302496762901,0.207826168043637,0.3928462049393395
Roseburia_sp_CAG_471,0.2727272727272727,0.4463843669568353,0.0,0.0,0.0,0.0,0.0,0.0,0.0,0.0,0.0,0.0,0.9300037191222872,0.1292137020098955,0,1,1,1,0,0.3235169832788815,0.24169880146069966,0.229490396996475
Roseburia_intestinalis,0.2545652173913043,0.5648753804707181,0.0,0.0792900842624015,0.0621010205735223,0.0918426569404649,0.0,0.0525162848384997,0.0228043194952618,0.0,0.0849778851194343,0.0791895941848634,0.3165267953284761,0.6610301258152492,0,0,0,0,0,0.3210302878890437,0.24466072267165243,0.4625010023487166
Mitsuokella_jalaludinii,0.25,0.4146789291627731,0.0,0.0784590799461403,0.0017562812375514,0.0,0.0,0.0218605504446021,0.0,0.04130331159881,8.810976387326543e-05,0.0227364692339007,1.0,0.0,0,0,0,0,0,0.3198802759482308,0.24488027594823078,0.17906292921257255
Klebsiella_pneumoniae,0.1166666666666664,0.4146789291627731,0.0,0.4438764186259859,0.0578254468897178,0.0,0.0,0.0,0.0,0.0,0.0,0.0,0.571821815872549,0.435040091581384,0,0,0,1,0,0.319577074854445,0.284577074854445,0.41170494297877375
Clostridium_leptum,0.2299999999999999,0.4818767520779029,0.0,0.0,0.0,0.0,0.0,0.0,0.0,0.0,0.0,0.0,0.5856057918357256,0.6541627745050417,0,1,1,1,0,0.3186324966414436,0.2496324966414436,0.4636570581174483
Bilophila_wadsworthia,0.2857142857142857,0.3337267824062689,0.0,0.0,0.0,0.0,0.0,0.0,0.0,0.0,0.0,0.0,0.6717952163289465,0.6404095459189284,0,1,1,1,0,0.3172698792367743,0.2315555935224886,0.44979322605590977
Blautia_sp_CAG_257,0.2352941176470588,0.4337284217774061,0.0,0.1675883728156489,0.0238881401805336,0.0,0.0,0.0728254377552915,0.0,0.3275319175373842,0.0867411247088382,0.0874120305478079,0.4929873510740644,0.5496824530735513,0,0,0,0,0,0.3137773375584644,0.2431891022643467,0.4199289141384832
Eisenbergiella_tayi,0.2,0.4146789291627731,0.0,0.0,0.0,0.0,0.0,0.0,0.0,0.0,0.0,0.0,0.9021642892277424,0.3526884044764776,0,1,1,1,0,0.3135292696643637,0.25352926966436373,0.3379951550088988
Paraprevotella_xylaniphila,0.5263157894736842,0.454007442744963,0.0,0.0608326058328277,0.0015620480543169,0.0,0.0,0.016594877409569,0.0,1.997768407750855e-05,0.0252965044544758,0.0153347984782817,0.0,0.538848986813641,0,0,0,0,0,0.3118622197528178,0.15396748291071255,0.33981533588172974
Faecalitalea_cylindroides,0.3235294117647059,0.4146789291627731,0.0,0.0,0.0,0.0,0.0,0.0,0.0,0.0,0.0,0.0,0.7950108917152695,0.1235413972880964,0,1,1,1,0,0.3116003828480664,0.21454155931865468,0.20675296275467803
Lawsonibacter_asaccharolyticus,0.04,0.4434662863325628,1.0,0.0,0.0,0.0,0.0,0.0,0.0,0.0,0.0,0.0,1.0,0.5744423515594046,0,1,1,1,0,0.308137492422453,0.296137492422453,0.46761859884240575
Butyrivibrio_sp_CAG_318,0.25,0.4146789291627731,0.0,0.0,0.0,0.0,0.0,0.0,0.0,0.0,0.0,0.0,1.0,0.0,0,1,1,1,0,0.3079357858325546,0.23293578583255461,0.16743689911925896
Firmicutes_bacterium_CAG_94,0.25,0.4146789291627731,0.0,0.0,0.0,0.0,0.0,0.0,0.0,0.0,0.0,0.0,1.0,0.0,0,1,1,1,0,0.3079357858325546,0.23293578583255461,0.16743689911925896
Ruminococcus_sp_CAG_330,0.2608695652173913,0.333939900654109,0.0,0.0684211142841641,0.0135636856298813,0.0,0.0,0.0119649702133245,0.0,0.0018306667487491,0.0493482582854316,0.0111680295907652,1.0,0.0,0,0,0,0,0,0.3066683854016519,0.22840751583643454,0.16950556367250375
Sellimonas_intestinalis,0.2195121951219512,0.6129772619223266,0.0,0.0,0.0,0.0,0.0,0.0,0.0,0.0,0.0,0.0,0.4919198530371321,0.4095571284591834,0,1,1,1,0,0.3031928017225389,0.23733914318595348,0.3411427141017723
Hafnia_alvei,0.0,0.4146789291627731,0.0,0.3923693828329609,0.1108670364811287,0.0,0.0,0.3184893058122256,9.748849169004156e-05,0.0027367289031932,0.7307864546822098,0.2944583301611273,1.0,0.0,0,0,0,0,0,0.3028778969056116,0.3028778969056116,0.2360364309361489
Blautia_hansenii,0.1148648648648648,0.5253200872145445,0.0,0.0847007876734287,0.0019248154910144,0.0,0.0,0.0419142278609993,0.0,0.0,0.0889721721267141,0.0387285051685394,1.0,0.0,0,0,0,0,0,0.3024210766024841,0.26796161714302463,0.1927386740219499
Clostridium_lavalense,0.3333333333333333,0.4146789291627731,0.0,0.0,0.0,0.0,0.0,0.0,0.0,0.0,0.0,0.0,0.6440214718022199,0.2255962305241817,0,1,1,1,0,0.3020986296553058,0.20209862965530578,0.2414265378527286
Monoglobus_pectinilyticus,0.3076923076923077,0.2443974491385104,0.0,0.0,0.0,0.0,0.0,0.0,0.0,0.0,0.0,0.0,0.8896212493851451,0.2661249438091702,0,1,1,1,0,0.3012428639240831,0.20893517161639086,0.2721397634340997
Ruminococcus_callidus,0.1739130434782608,0.4299742618731454,0.0,0.0,0.0,0.0,0.0,0.0,0.0,0.0,0.0,0.0,1.0,0.110972865296882,0,1,1,1,0,0.2992660519477956,0.24709213890431728,0.22654863900433378
Clostridium_sp_CAG_413,0.0,0.4146789291627731,0.0,0.4276876827999152,0.0217252967856343,0.0,0.0,0.1518149408068973,0.0,0.0087725042778614,0.138118835326066,0.1408150650713165,1.0,0.0,0,0,0,0,0,0.2992614679311053,0.2992614679311053,0.23205638772027537
Butyricimonas_virosa,0.4285714285714285,0.4146789291627731,0.0,0.0,0.0,0.0,0.0,0.0,0.0,0.0,0.0,0.0,0.2253119949406222,0.5296386388661967,0,1,1,1,0,0.2982678775316962,0.16969644896026762,0.3484499379256384
Bacteroides_faecis_CAG_32,0.2,0.4146789291627731,0.0,0.033350349446853,0.001462045959215,0.0,0.0,0.0133858829507681,0.0,0.038939444104087,0.0002108525774903,0.0147607023578325,1.0,0.0,0,0,0,0,0,0.2980845428455041,0.23808454284550407,0.17245204175647325
Megamonas_funiformis,0.2,0.356235348120461,0.0,0.0,0.0,0.0,0.0,0.0,0.0,0.0,0.0,0.0,1.0,0.1681212667634845,0,1,1,1,0,0.2980591963004406,0.23805919630044065,0.24758616125659386
Bifidobacterium_breve,0.2083333333333335,0.4146789291627731,0.0,0.0,0.0,0.0,0.0,0.0,0.0,0.0,0.0,0.0,1.0,0.0,0,1,1,1,0,0.2954357858325547,0.23293578583255461,0.16743689911925896
Coprobacter_fastidiosus,0.375,0.4146789291627731,0.0,0.0,0.0,0.0,0.0,0.0,0.0,0.0,0.0,0.0,0.3076487948844072,0.5226309720694229,0,1,1,1,0,0.2938462022721579,0.181346202272158,0.35468073767001884
Streptococcus_thermophilus,0.1975877192982453,0.4209741143297431,0.0,0.0805708042949657,0.0136263460487635,0.0,0.0,0.0178585909561023,0.0,0.0,0.0583909161214711,0.016501235199654,0.5331348538587,0.4835866277510636,0,0,0,0,0,0.2852482847584547,0.22597196896898117,0.3753598604127534
Firmicutes_bacterium_CAG_238,0.1666666666666666,0.4146789291627731,0.0,0.0,0.0,0.0,0.0,0.0,0.0,0.0,0.0,0.0,1.0,0.0,0,1,1,1,0,0.2829357858325546,0.23293578583255461,0.16743689911925896
Bacteroides_cellulosilyticus,0.1058823529411764,0.5326710273938917,0.0,0.1524660212052012,0.0203267422785462,0.0,0.0305878069610082,0.0363850467707264,0.0,0.0229473740408915,0.0327554687286932,0.0563057463106974,0.348558311667018,0.6453773652055343,0,0,0,0,0,0.2800229720403722,0.24825826615801924,0.4609297677470997
Bacteroides_coprocola,0.1384615384615384,0.3234479253758258,0.0,0.0484678099522069,0.0100387677111689,0.0,0.0084357258137972,0.0231071433376224,0.0,0.0421266325453428,0.0335315442104274,0.0298066567008129,1.0,0.1348818904002565,0,0,0,0,0,0.2779902839176003,0.23645182237913875,0.23472998840677242
Roseburia_sp_CAG_309,0.1428571428571428,0.4146789291627731,0.0,0.0,0.0,0.0,0.0,0.0,0.0,0.0,0.0,0.0,1.0,0.0,0,1,1,1,0,0.2757929286896974,0.23293578583255461,0.16743689911925896
Olsenella_scatoligenes,0.1515151515151515,0.4047771274938933,0.0,0.0,0.0,0.0,0.0,0.0,0.0,0.0,0.0,0.0,0.9043384161337924,0.1073923430009133,0,1,1,1,0,0.2727999676734843,0.22734542221893883,0.21034839678686887
Roseburia_sp_CAG_182,0.088235294117647,0.4733684158756701,0.0,0.0,0.0,0.0,0.0,0.0,0.0,0.0,0.0,0.0,1.0,0.0,0,1,1,1,0,0.2711442714104281,0.24467368317513402,0.17419900899388413
Clostridium_symbiosum,0.2,0.4146789291627731,0.0,0.0,0.0,0.0,0.0,0.0,0.0,0.0,0.0,0.0,0.3514891476105581,0.7076773767989308,0,1,1,1,0,0.2664268956540314,0.2064268956540314,0.4555563434233075
Firmicutes_bacterium_CAG_170,0.1111111111111111,0.4146789291627731,0.0,0.0,0.0,0.0,0.0,0.0,0.0,0.0,0.0,0.0,1.0,0.0,0,1,1,1,0,0.2662691191658879,0.23293578583255461,0.16743689911925896
Hungatella_hathewayi,0.2,0.4146789291627731,0.0,0.0,0.0,0.0,0.0,0.0,0.0,0.0,0.0,0.0,0.4735973459199798,0.5204939093226733,0,1,1,1,0,0.2660247786528189,0.20602477865281893,0.37343344242112886
Anaerotruncus_colihominis,0.15,0.4146789291627731,0.0,0.0,0.0,0.0,0.0,0.0,0.0,0.0,0.0,0.0,0.672993565355311,0.3704315680557832,0,1,1,1,0,0.2659279774414296,0.22092797744142958,0.31974244012288094
Blautia_hydrogenotrophica,0.2249999999999999,0.4146789291627731,0.0,0.0,0.0,0.0,0.0,0.0,0.0,0.0,0.0,0.0,0.5096904743699582,0.3633337044806653,0,1,1,1,0,0.2632227274361149,0.19572272743611488,0.29653378815603865
Lactobacillus_rogosae,0.0,0.4146789291627731,0.0,0.0,0.0,0.0,0.0,0.0,0.0,0.0,0.0,0.0,1.0,0.2917775783042299,0,1,1,1,0,0.2621135436629776,0.2621135436629776,0.31822402585661835
Clostridium_sp_CAG_242,0.225,0.3364973196281906,0.0,0.0,0.0,0.0,0.0,0.0,0.0,0.0,0.0,0.0,0.7673096608659815,0.1169655578156188,0,1,1,1,0,0.2615924688370972,0.19409246883709724,0.1910320061607206
Parabacteroides_johnsonii,0.138235294117647,0.2863817439630158,0.0,0.0,0.0,0.0,0.0,0.0,0.0,0.0,0.0,0.0,1.0,0.1182397734896525,0,1,1,1,0,0.2605709143768625,0.2191003261415684,0.21375958644502926
Bifidobacterium_animalis,0.075,0.4146789291627731,0.0,0.0293984187344943,0.0010670777614306,0.0,0.0,0.01818465227926,0.0166023087353341,0.0008071368842757,0.0066842255550635,0.0182002386121834,1.0,0.0,0,0,0,0,0,0.2599522564188719,0.2374522564188718,0.1718350452609554
Brachyspira_sp_CAG_700,0.0526315789473684,0.4707290283447269,1.0,0.0,0.0,0.0,0.0,0.0,0.0,0.0,0.0,0.0,1.0,0.0,0,1,1,1,0,0.2599352793531559,0.2441458056689454,0.17389490293527668
Ruminococcus_sp_CAG_403,0.0,0.4146789291627731,0.0,0.1630390285525453,0.0163572653807824,0.0,0.0,0.0375911127751938,0.0,0.0033441569491533,0.1057288814899339,0.0349394181908661,1.0,0.0,0,0,0,0,0,0.2590273666535146,0.25902736665351467,0.19289783901833224
Proteobacteria_bacterium_CAG_139,0.16,0.2793324480729192,0.0,0.0,0.0,0.0,0.0,0.0,0.0,0.0,0.0,0.0,0.6016999508116084,0.6460313877677885,0,1,1,1,0,0.2587246210131039,0.21072462101310396,0.43804382008462095
Bifidobacterium_angulatum,0.0795454545454545,0.3638420301972163,1.0,0.0757759594375311,0.000514495473467,0.0,0.0,0.0062803366541601,0.0,0.0,0.0,0.0058029949013358,1.0,0.0,0,0,0,0,0,0.258049885866056,0.23418624950241962,0.17268693178610664
Clostridium_sp_CAG_253,0.03125,0.4315808455876326,1.0,0.046378773754741,0.0023589772461828,0.0,0.0,0.0163166190550435,0.0,0.0009512903286869,0.0148201131136027,0.0151349040475894,1.0,0.0,0,0,0,0,0,0.2528838829053559,0.24350888290535594,0.17639201160981186
Roseburia_sp_CAG_303,0.0625,0.4140395744192527,0.0,0.0,0.0,0.0,0.0,0.0,0.0,0.0,0.0,0.0,1.0,0.0,0,1,1,1,0,0.2515579148838505,0.23280791488385055,0.1673632336764907
Bacteroides_intestinalis,0.12,0.4146789291627731,0.0,0.0465415365797118,0.0013347320246793,0.0,0.0,0.0110945209772078,0.0,0.0476775038284894,0.0001318139776101,0.0131803150426284,0.6811280537793081,0.2055204247300636,0,0,0,0,0,0.2487717400618819,0.21277174006188188,0.24241822479739789
Turicibacter_sanguinis,0.0,0.4146789291627731,0.0,0.0,0.0,0.0,0.0,0.0,0.0,0.0,0.0,0.0,1.0,0.1200213621957607,0,1,1,1,0,0.2449379220521307,0.2449379220521307,0.22946248880913106
Streptococcus_parauberis,0.0344827586206896,0.4146789291627731,0.0,0.0,0.0,0.0,0.0,0.0,0.0,0.0,0.0,0.0,1.0,0.0,0,1,1,1,0,0.2432806134187615,0.23293578583255461,0.16743689911925896
Clostridium_scindens,0.025,0.4146789291627731,0.0,0.0,0.0,0.0,0.0,0.0,0.0,0.0,0.0,0.0,1.0,0.0,0,1,1,1,0,0.2404357858325546,0.23293578583255461,0.16743689911925896
Clostridium_bolteae,0.2214285714285714,0.4146789291627731,0.0,0.0,0.0,0.0,0.0,0.0,0.0,0.0,0.0,0.0,0.1187059689678322,0.7099517684829617,0,1,1,1,0,0.238165429454597,0.17173685802602562,0.4288772941300834
Bacteroides_nordii,0.0,0.4146789291627731,0.0,0.0311148267069134,0.0008261082679254,0.0,0.0,0.0049146172452504,0.0,0.0282562041046742,3.4941607947169484e-05,0.0062769825835975,1.0,0.0,0,0,0,0,0,0.2376856206653842,0.23768562066538415,0.17206075844948415
Bacteroides_galacturonicus,0.0,0.4146789291627731,0.0,0.0,0.0,0.0,0.0,0.0,0.0,0.0,0.0,0.0,1.0,0.0,0,1,1,1,0,0.2329357858325546,0.23293578583255461,0.16743689911925896
Clostridium_disporicum,0.0,0.4146789291627731,0.0,0.0,0.0,0.0,0.0,0.0,0.0,0.0,0.0,0.0,1.0,0.0,0,1,1,1,0,0.2329357858325546,0.23293578583255461,0.16743689911925896
Clostridium_sp_CAG_167,0.0,0.4146789291627731,0.0,0.0,0.0,0.0,0.0,0.0,0.0,0.0,0.0,0.0,1.0,0.0,0,1,1,1,0,0.2329357858325546,0.23293578583255461,0.16743689911925896
Citrobacter_braakii,0.0,0.4146789291627731,0.0,0.0,0.0,0.0,0.0,0.0,0.0,0.0,0.0,0.0,1.0,0.0,0,1,1,1,0,0.2329357858325546,0.23293578583255461,0.16743689911925896
Ruminococcus_sp_CAG_624,0.0,0.4146789291627731,0.0,0.0,0.0,0.0,0.0,0.0,0.0,0.0,0.0,0.0,1.0,0.0,0,1,1,1,0,0.2329357858325546,0.23293578583255461,0.16743689911925896
Ruminococcus_sp_CAG_563,0.0,0.4146789291627731,0.0,0.0,0.0,0.0,0.0,0.0,0.0,0.0,0.0,0.0,1.0,0.0,0,1,1,1,0,0.2329357858325546,0.23293578583255461,0.16743689911925896
Streptococcus_downei,0.0,0.4146789291627731,0.0,0.0,0.0,0.0,0.0,0.0,0.0,0.0,0.0,0.0,1.0,0.0,0,1,1,1,0,0.2329357858325546,0.23293578583255461,0.16743689911925896
Clostridium_sp_CAG_590,0.0,0.4146789291627731,0.0,0.0,0.0,0.0,0.0,0.0,0.0,0.0,0.0,0.0,1.0,0.0,0,1,1,1,0,0.2329357858325546,0.23293578583255461,0.16743689911925896
Cutibacterium_acnes,0.0,0.4146789291627731,0.0,0.0,0.0,0.0,0.0,0.0,0.0,0.0,0.0,0.0,1.0,0.0,0,1,1,1,0,0.2329357858325546,0.23293578583255461,0.16743689911925896
Propionibacterium_freudenreichii,0.0,0.4146789291627731,0.0,0.0,0.0,0.0,0.0,0.0,0.0,0.0,0.0,0.0,1.0,0.0,0,1,1,1,0,0.2329357858325546,0.23293578583255461,0.16743689911925896
Eubacterium_sp_OM08_24,0.0,0.4146789291627731,0.0,0.0,0.0,0.0,0.0,0.0,0.0,0.0,0.0,0.0,1.0,0.0,0,1,1,1,0,0.2329357858325546,0.23293578583255461,0.16743689911925896
Lactobacillus_delbrueckii,0.0,0.4146789291627731,0.0,0.0,0.0,0.0,0.0,0.0,0.0,0.0,0.0,0.0,1.0,0.0,0,1,1,1,0,0.2329357858325546,0.23293578583255461,0.16743689911925896
Bacteroides_fragilis,0.2307692307692307,0.0,1.0,0.2842036212262452,0.012637299688114,0.0,0.0,0.0054653859371762,0.0,0.0,0.0037951187772528,0.0050499851319686,0.3230939498278405,0.6842151227962617,0,0,0,0,0,0.2300106471373196,0.16077987790655043,0.435011043707114
Lactococcus_lactis,0.0,0.4146789291627731,0.0,0.0738271212188469,0.0076284049159925,0.0,0.0,0.0297363435566276,0.0,0.0187448982217324,0.034830687980847,0.0286277928416769,0.8173733398917855,0.1255012678512875,0,0,0,0,0,0.2299288222758775,0.22992882227587746,0.22199353679407569
Klebsiella_variicola,0.0833333333333335,0.4146789291627731,0.0,0.0,0.0,0.0,0.0,0.0,0.0,0.0,0.0,0.0,0.5765083026612616,0.3154159891912729,0,1,1,1,0,0.2259536301508712,0.20095363015087114,0.2797657962148486
Veillonella_atypica,0.0277777777777777,0.4124985655502549,0.0,0.0247522799126013,0.001365385708803,0.0,0.0,0.0177309366323407,0.0,0.0005285569626361,0.0395487560688537,0.0164157549495346,0.3229502594938617,0.8162094368649874,0,0,0,0,0,0.2247459096117328,0.2164125762783995,0.5117291689894884
Intestinimonas_butyriciproducens,0.0,0.4146789291627731,0.0,0.0,0.0,0.0,0.0,0.0,0.0,0.0,0.0,0.0,0.6157569907841371,0.4860686445186009,0,1,1,1,0,0.2239061989020352,0.22390619890203528,0.37265345566168423
Collinsella_intestinalis,0.113235294117647,0.3518090460499352,0.0,0.0328780906440968,0.0036023045665494,0.0,0.0,0.0213163456981717,0.0,0.0,0.0460474878352926,0.0196961806688602,0.5052174716640802,0.3827913093745836,0,0,0,0,0,0.223686093185621,0.1897155049503269,0.3039757573335446
Firmicutes_bacterium_CAG_95,0.0,0.4146789291627731,0.0,0.0,0.0,0.0,0.0,0.0,0.0,0.0,0.0,0.0,0.8565076242006886,0.1035231629628428,0,1,1,1,0,0.2217642457589422,0.22176424575894219,0.2037663724448029
Veillonella_dispar,0.1166666666666664,0.4146789291627731,0.0,0.0,0.0,0.0,0.0,0.0,0.0,0.0,0.0,0.0,0.1307147647595811,0.8264399732976498,0,1,1,1,0,0.2201869978762567,0.18518699787625678,0.490513942249587
Sutterella_parvirubra,0.0,0.4146789291627731,0.0,0.0,0.0,0.0,0.0,0.0,0.0,0.0,0.0,0.0,0.8148485473557272,0.1147633204961975,0,1,1,1,0,0.2166393999855334,0.21663939998553344,0.20459029786753702
Tyzzerella_nexilis,0.0344827586206896,0.4146789291627731,0.0,0.0,0.0,0.0,0.0,0.0,0.0,0.0,0.0,0.0,0.7285279376769784,0.1133365542827116,0,1,1,1,0,0.2138934594985794,0.20354863191237255,0.193523989366789
Actinomyces_sp_ICM47,0.0,0.4146789291627731,0.0,0.0,0.0,0.0,0.0,0.0,0.0,0.0,0.0,0.0,0.6817804104614291,0.2378797212644865,0,1,1,1,0,0.2089908195282176,0.20899081952821763,0.25229266590277566
Veillonella_parvula,0.0466666666666664,0.3838423580714438,1.0,0.0,0.0,0.0,0.0,0.0,0.0,0.0,0.0,0.0,0.2911265974770326,0.7192104445704971,0,1,1,1,0,0.2063585056928933,0.19235850569289337,0.4507406754930402
Haemophilus_parainfluenzae,0.05,0.4447286021082313,1.0,0.0,0.0,0.0,0.0,0.0,0.0,0.0,0.0,0.0,0.1993558663012672,0.6930637416563427,0,1,1,1,0,0.2031554745324706,0.1881554745324706,0.43326246719997874
Ruminococcaceae_bacterium_D16,0.0,0.4146789291627731,0.0,0.0,0.0,0.0,0.0,0.0,0.0,0.0,0.0,0.0,0.4021151008362026,0.5683253019999279,0,1,1,1,0,0.2000855811579778,0.2000855811579778,0.38959868793587504
Clostridium_clostridioforme,0.0,0.4146789291627731,0.0,0.0665897242403168,0.023208648407683,0.0,0.0,0.0,0.0771460156101025,0.0068239273671833,0.0025059651376494,0.0066836254476838,0.0607551589253505,0.7218454575063767,0,0,0,0,0,0.1765429288988107,0.17654292889881068,0.4401817480738127
Klebsiella_quasipneumoniae,0.0,0.4146789291627731,0.0,0.0,0.0,0.0,0.0,0.0,0.0,0.0,0.0,0.0,0.3501409120335137,0.3860830174090691,0,1,1,1,0,0.1740652243784886,0.1740652243784886,0.2891989370079451
