species,historical_engraftment_rate,causal_ace,causal_sig,resource_accessibility,crossfeeding_synergy,butyrate_flux,propionate_flux,acetate_flux,lactate_flux,succinate_flux,formate_flux,therapeutic_score,keystone_conflict_mean,niche_overlap_mean,causal_ace_missing,resource_accessibility_missing,crossfeeding_synergy_missing,scfa_missing,historical_engraftment_rate_missing,cece_score
Blautia_wexlerae,0.75,0.8866839347093122,1.0,0.3464301557445848,0.325642711132715,0.0,0.0,0.12336802103486201,0.0,0.01770423590589362,0.3363075585286231,0.11507899110275623,0.550671088332831,0.8445707664733989,0,0,0,0,0,0.6539233213140863
Anaerostipes_hadrus,0.7207792207792207,0.9227173123056662,1.0,0.2970328013863243,0.378565050341902,0.4024919887600221,0.0,0.19812461565861358,0.0,0.0,0.3684543083345117,0.30933674410505235,0.45595290524794796,0.9486549647401779,0,0,0,0,0,0.6464470861982483
Faecalibacterium_prausnitzii,0.6333333333333333,0.3990393285135822,0.0,0.3238779434999269,1.0,0.0,0.0,0.11645190610003887,0.0,0.0,0.2673268082230702,0.10760089061495345,0.7318573597023577,0.8341681712020461,0,0,0,0,0,0.6115849783032637
Ruminococcus_bromii,0.5851063829787234,0.5569107690290005,0.0,0.43874821019864574,0.46070047873166026,0.0,0.0,0.2227959354976346,0.0,0.08567020104793395,0.5440282127515964,0.21112526363371775,0.8440300263050964,0.637733687830819,0,0,0,0,0,0.5891742208312264
Fusicatenibacter_saccharivorans,0.8486842105263158,0.7398481942326923,0.8333333333333334,0.0,0.0,0.0,0.0,0.0,0.0,0.0,0.0,0.0,0.6017778763898609,0.9456808950796072,0,1,1,1,0,0.587409672970873
Barnesiella_intestinihominis,0.5591397849462365,0.9423870336672185,1.0,0.17509432845538078,0.06395171199123896,0.0,0.0,0.024621003723960384,0.0,0.3041010983410702,0.0,0.04143195145145083,0.7118537159143487,0.8581114460793614,0,0,0,0,0,0.5814678646798341
Blautia_obeum,0.8034188034188035,0.7015005710476128,1.0,0.10154885386082581,0.07462984930516882,0.0,0.0,0.041642799118087735,0.0,0.0003345931178157584,0.08518423922070235,0.03849826211964047,0.4866557781751467,0.8684768358487484,0,0,0,0,0,0.5638671185559512
Alistipes_shahii,0.6,0.9496057312414957,1.0,0.03701806174136494,0.0023354712675290436,0.0,0.0,0.004995546314463828,0.0,0.03214848180095621,0.013817587387510823,0.006590880543594913,0.726354408930921,0.791713892519676,0,0,0,0,0,0.5638319532278624
Roseburia_faecis,0.7401574803149606,0.40885369705514296,0.0,0.24319919580367846,0.4667861210454551,0.4245382991171071,0.0,0.05888701107712215,0.0,0.009174266845321142,0.43409734807734807,0.18816203612324914,0.6408459111038958,0.7453527562666349,0,0,0,0,0,0.5576386372728619
Parabacteroides_goldsteinii,1.0,0.41467892916277316,0.0,0.0,0.0,0.0,0.0,0.0,0.0,0.0,0.0,0.0,1.0,0.0,0,1,1,1,0,0.5329357858325546
Eubacterium_rectale,0.5625,0.4430728372596272,0.0,0.30281794238195997,0.6238179320151096,0.650280240262454,0.0,0.013812358131963798,0.0,0.014239644734227916,0.4846249759886146,0.21764480166183697,0.6127697040190244,0.7528413356404016,0,0,0,0,0,0.5323686411776242
Collinsella_aerofaciens,0.6430656934306569,0.48384946201303847,0.16666666666666666,0.18068049816561685,0.27395222865163327,0.0,0.0,0.11133597223593075,0.0,0.0,0.2441269088807202,0.1028737971860804,0.6524552473569737,0.8677401473821161,0,0,0,0,0,0.5288291998635684
Oscillibacter_sp_57_20,0.5333333333333333,0.9048672929064411,1.0,0.0,0.0,0.0,0.0,0.0,0.0,0.0,0.0,0.0,0.7028358846265255,0.797542042347623,0,1,1,1,0,0.5261530455100294
Slackia_isoflavoniconvertens,0.6153846153846154,0.7269627370940507,0.0,0.20695786415715986,0.00917105502719897,0.0,0.0,0.0,0.0,0.0,0.0,0.0,0.7157880479337311,0.5481605006256627,0,0,0,1,0,0.5241529744131146
Bacteroides_uniformis,0.48181818181818176,0.7348808996868801,1.0,0.2566398464220402,0.09494621022183018,0.0,0.0,0.008300901787490904,0.0,0.00026739155544804483,0.008287853815253496,0.007686412503502951,0.6043646580699584,0.8861816176380665,0,0,0,0,0,0.51878509294262
Roseburia_inulinivorans,0.4798387096774194,0.7252905785340743,0.8333333333333334,0.1996734262561098,0.16656200297106932,0.3301288678148136,0.0,0.06440156008091999,0.0,0.0,0.3073371263100161,0.16307548110669062,0.7123949308375352,0.7556876968844096,0,0,0,0,0,0.5180449521596353
Bacteroides_dorei,0.47368421052631576,0.674284277884337,0.16666666666666666,0.3425609899340966,0.1228537995376913,0.0,0.0,0.05069669104544577,0.0,0.04300123872364745,0.04662513613381403,0.04948520831859725,0.7243207083128382,0.6285451976317196,0,0,0,0,0,0.5121342731887434
Agathobaculum_butyriciproducens,0.7407407407407407,0.7517554932594523,1.0,0.0,0.0,0.0,0.0,0.0,0.0,0.0,0.0,0.0,0.2918673681490431,0.8924146509678137,0,1,1,1,0,0.5055948911932505
Eubacterium_ramulus,0.5675675675675675,0.9151106302289109,0.8333333333333334,0.03972091107724329,0.0037890402152594956,0.07380178182622768,0.0,0.020311153595373718,0.0,0.00037711548540564235,0.061892209082543795,0.04194382666615428,0.4274555195045674,0.7989029599508578,0,0,0,0,0,0.5036380609199358
Prevotella_copri,0.6117647058823529,0.20351153297595043,1.0,0.5438190464916861,0.33843799443238937,0.0,1.0,0.3151540219682214,0.0,0.21510261484729176,0.6786476399255851,1.0,0.5193200148008313,0.8404789730387194,0,0,0,0,0,0.5015942743008844
Candidatus_Stoquefichus_sp_KLE1796,0.6,0.5566976507811603,0.0,0.10354798297402207,0.42993459211503543,0.0,0.0,0.9999999999999999,0.0,0.65955934798588,0.0,0.9645139115048302,1.0,0.0,0,0,0,0,0,0.49986518681383885
Odoribacter_splanchnicus,0.625,0.5944223129340918,0.0,0.03871017859520886,0.010243225127460393,0.0,0.0,0.003976685289910587,0.0,0.024281131844705005,0.012905117428840443,0.005166132453066112,0.6274362548753927,0.8226556539272941,0,0,0,0,0,0.489596315512884
Bifidobacterium_adolescentis,0.49369747899159666,0.4981639043263004,0.16666666666666666,0.24458491422494585,0.40130620095364344,0.0,0.0,0.2530463243131182,0.23039569696860843,0.0,0.10549167829672414,0.25252190919130113,0.5908759047150587,0.7421369340136819,0,0,0,0,0,0.4874054609004723
Dorea_formicigenerans,0.5696564885496183,0.7053940774985382,1.0,0.06155862667633379,0.015330364677532477,0.0,0.0,0.022189240963031782,0.0,0.00015550828585448473,0.04375846452966816,0.020512284433848615,0.43334608408706743,0.9857811487526997,0,0,0,0,0,0.48632262002212656
Dorea_longicatena,0.657,0.408268988016197,0.0,0.11491889220755949,0.18628182551586947,0.0,0.0,0.11042790369115014,0.0,0.0,0.029922451615129273,0.10203474708007458,0.5225777257556132,0.9282737555185652,0,0,0,0,0,0.48583384840115873
Eubacterium_sp_CAG_180,0.59375,0.5131395596649125,0.0,0.1434056086589823,0.0476502369685956,0.16598676907014692,0.0,0.06649154106399467,0.0,0.0013477407441541832,0.36022226009351827,0.1135943611587487,0.8263036429525081,0.5427505404454084,0,0,0,0,0,0.4852493774161065
Phascolarctobacterium_faecium,0.4835164835164835,0.4566632239872785,0.0,0.3129953785222123,0.14936040791037689,0.0,0.0,0.0,0.0,0.04141379635298792,0.0008864668495950622,0.0025442340841577574,0.8419504266558311,0.6053101510958828,0,0,0,0,0,0.4850965165297333
Parabacteroides_merdae,0.5270408163265307,0.5878511669590212,0.16666666666666666,0.0863988231754534,0.03341782542326553,0.0,0.0,0.0416349379796395,0.0,0.003932913612127493,0.0869444075114001,0.03871205933804832,0.7239897481036581,0.8429023378833221,0,0,0,0,0,0.4848727803122889
Bacteroides_stercoris,0.5188405797101446,0.5917310119838031,0.0,0.12652791090169327,0.14341198279632997,0.0,0.00956654136608754,0.0467257376897418,0.011554620966048977,0.1634228480487598,0.02856744103934674,0.06080670397323516,0.6643736354933574,0.7399288347931426,0,0,0,0,0,0.4809676900280089
Bacteroides_vulgatus,0.5926829268292683,0.3866620764274824,0.16666666666666666,0.4147631519056286,0.1347612969000867,0.0,0.007346276978985466,0.024066951907469755,0.0,0.013871067102228823,0.025294684184668865,0.02819984494168949,0.47561259000502987,0.7876030956596852,0,0,0,0,0,0.4809300938768529
Prevotella_stercorea,0.3333333333333333,0.41467892916277316,0.0,0.9501859441970122,0.037728782113940894,0.0,0.0,0.2844480845252711,0.0,0.9365263290974448,0.6711407654599628,0.32036337835982914,1.0,0.0,0,0,0,0,0,0.47923655567350054
Eggerthella_lenta,0.37232704402515693,1.0,1.0,0.16745532653675238,0.023920524199775157,0.0,0.0,0.0763606873811023,0.17985783163440075,0.003298674419557324,0.00628539581712824,0.08536428096890113,0.42736119554331875,0.7481215298142703,0,0,0,0,0,0.4781247969209623
Bacteroides_xylanisolvens,0.35526315789473684,0.7665371563468254,1.0,0.686678972522676,0.2053929770701318,0.0,0.015067897343656954,0.34612089769118193,0.0,0.19561072632871165,0.43977594575977874,0.34231195510647966,0.09933360084914655,0.679967448337398,0,0,0,0,0,0.46632430718431245
Alistipes_inops,0.391304347826087,0.8864571550353284,1.0,0.0,0.0,0.0,0.0,0.0,0.0,0.0,0.0,0.0,0.9860687013787077,0.19157869201663644,0,1,1,1,0,0.46175090976336153
Eubacterium_hallii,0.44366197183098594,0.6474040558041935,1.0,0.10632954211035978,0.09611005061669546,0.08927123320768077,0.0,0.04359897039355355,0.0,0.005741841554770741,0.14209647943532455,0.06864432724385601,0.4844671930263422,0.9999999999999999,0,0,0,0,0,0.4608099180423093
Bifidobacterium_bifidum,0.325,0.675666814210069,0.0,0.23170575988592357,0.10366737816391647,0.0,0.0,0.2306553997932066,0.050683803325469845,0.0,0.19737316591872758,0.21723988101574096,0.7696384653221839,0.6287685426588991,0,0,0,0,0,0.45607858870551143
Ruthenibacterium_lactatiformans,0.6376811594202898,0.5532713651043459,0.0,0.0,0.0,0.0,0.0,0.0,0.0,0.0,0.0,0.0,0.5745946525191483,0.6761231995842529,0,1,1,1,0,0.4557601386832537
Escherichia_coli,0.5285714285714286,0.22267578157018966,0.0,1.0,0.16630347176420257,0.0,0.0,0.25495313728389624,0.9999999999999999,0.0015755300211405916,0.0,0.31687389824044343,0.13840234528449924,0.6364649802289486,0,0,0,0,0,0.45414378187745646
Prevotella_sp_CAG_520,0.42857142857142855,0.41467892916277316,0.0,0.5935947896167183,0.026248689221533235,0.0,0.0,0.37837679303224325,0.0,0.10737991656555933,0.9019788224956459,0.3562148046197273,1.0,0.0,0,0,0,0,0,0.45317130176864423
Coprococcus_comes,0.5111313868613139,0.47272906113214974,0.16666666666666666,0.049046513565775274,0.02943173608471415,0.0,0.0,0.041737055954828135,0.0,0.0005392817351376782,0.0,0.03859792982800793,0.7171246998646325,0.8375429031474019,0,0,0,0,0,0.4495083742225969
Megasphaera_elsdenii,0.45454545454545453,0.9265069919179003,1.0,0.0,0.0,0.0,0.0,0.0,0.0,0.0,0.0,0.0,0.7673096608659815,0.12118822781594221,0,1,1,1,0,0.4488803066587079
Alistipes_putredinis,0.41129032258064513,0.5862527801002202,0.16666666666666666,0.19740335751758745,0.22251262109200998,0.0,0.0,0.07440534789679637,0.0,0.2777907974298601,0.0,0.08581603972434179,0.5139152874037949,0.7660060402963289,0,0,0,0,0,0.4461873156712788
Bacteroides_caccae,0.4061764705882353,0.6801778171226851,0.0,0.19525466216849408,0.07070841205372365,0.0,0.0,0.07662582890453547,0.0,0.1858838862581709,0.06814482586984139,0.08222150022158925,0.5026011758367882,0.7350115102636793,0,0,0,0,0,0.44313887253354023
Gordonibacter_pamelaeae,0.6206896551724138,0.6129936556336989,0.0,0.0,0.0,0.0,0.0,0.0,0.0,0.0,0.0,0.0,0.3653624028678488,0.7822701666406112,0,1,1,1,0,0.4418370047727024
Bacteroides_sp_CAG_144,0.6,0.639272774963524,0.0,0.0,0.0,0.0,0.0,0.0,0.0,0.0,0.0,0.0,0.7950108917152695,0.14396440420477014,0,1,1,1,0,0.4415026291704722
Parabacteroides_distasonis,0.5115384615384616,0.3779734094001541,0.0,0.18032373289998538,0.029634427509117652,0.0,0.0,0.00025276233949259687,0.0,0.0006406335161433295,0.013404401705343646,0.00027290791817768576,0.6564977515045416,0.8118780824984806,0,0,0,0,0,0.4387306940030082
Prevotella_sp_CAG_279,0.46153846153846156,0.5875178281611174,0.0,0.1747369900714677,0.009669079138891316,0.0,0.0,0.05111463112131922,0.0,0.04295625261200553,0.13434278797983398,0.04986861884454375,1.0,0.0,0,0,0,0,0,0.4331425605183712
Prevotella_sp_CAG_5226,0.6666666666666666,0.41467892916277316,0.0,0.0,0.0,0.0,0.0,0.0,0.0,0.0,0.0,0.0,1.0,0.0,0,1,1,1,0,0.4329357858325546
Bacteroides_massiliensis,0.4583333333333333,0.6640108854243512,0.0,0.1222462872813183,0.03461079938556576,0.0,0.0,0.025597214492746195,0.0,0.08103693517623049,0.054913317616872806,0.028630138878053796,0.48732798652738274,0.6599557690884942,0,0,0,0,0,0.4311949750035814
Turicimonas_muris,0.6666666666666666,0.41467892916277316,0.0,0.0,0.0,0.0,0.0,0.0,0.0,0.0,0.0,0.0,0.6445906432748538,0.48888611890692907,0,1,1,1,0,0.4285129942144756
Parasutterella_excrementihominis,0.3283582089552239,0.7080607878817686,0.0,0.08537600678671659,0.029986086783420816,0.0,0.0,0.0,0.0,0.10421312624666407,0.0,0.00640227680537839,0.6262586168794599,0.7609737548822092,0,0,0,0,0,0.42596079797941033
Ruminococcus_gnavus,0.3221794871794874,0.7899473761864948,1.0,0.23326070658794867,0.07173651325468511,0.0,0.0,0.13030400565245123,0.05103146077320296,0.005231345511375062,0.30340336622045233,0.1248653860386386,0.3566643448067426,0.7493515804917981,0,0,0,0,0,0.4252408884749972
Coprococcus_catus,0.673469387755102,0.3461586801969431,0.0,0.041594533141963715,0.0019402324880748096,0.0,0.0,0.009709506566539006,0.0,0.019926486071968376,0.00011976977334359119,0.010195701000856757,0.46084336075690246,0.779381365600754,0,0,0,0,0,0.4247703962596321
Dialister_succinatiphilus,0.5625,0.44059738684240723,0.0,0.07459017471520617,0.009116131655028737,0.0,0.0,0.003567766904477649,0.1533245921178692,0.0,8.376485693393976e-05,0.015746840556808753,1.0,0.0,0,0,0,0,0,0.41896961674126526
Eubacterium_sp_CAG_251,0.43478260869565216,0.5357628813587108,0.0,0.10268638809562564,0.013649796154709995,0.057754743358651314,0.0,0.07903659943878999,0.0,0.00017293712005464782,0.0,0.09115894192875212,1.0,0.10576827873474508,0,0,0,0,0,0.4149321245837272
Alistipes_onderdonkii,0.5555555555555556,0.41467892916277316,0.0,0.48670770262738666,0.016243729666123734,0.0,0.0,0.04720489278897023,0.0,0.8683442071336607,0.1567571900022464,0.09696330379973636,0.08523630805515903,0.7763632784530036,0,0,0,0,0,0.41465475491351583
Roseburia_hominis,0.38095238095238093,0.6484696470433942,0.0,0.03386843667128651,0.009701311806100003,0.05663078703139598,0.0,0.00775373119006493,0.0,0.0010961270670418266,0.06030810604758907,0.024998087601008058,0.6356477308089987,0.6824107266853806,0,0,0,0,0,0.41361827266558393
Holdemanella_biformis,0.47058823529411764,0.49871309365727307,0.0,0.0,0.0,0.0,0.0,0.0,0.0,0.0,0.0,0.0,0.8080702823698825,0.5070229503995117,0,1,1,1,0,0.4128319267151235
Oscillibacter_sp_CAG_241,0.39622641509433965,0.5291234282529221,0.0,0.0,0.0,0.0,0.0,0.0,0.0,0.0,0.0,0.0,0.7418311167917704,0.7647556634125865,0,1,1,1,0,0.4124428440389105
Gemmiger_formicilis,0.5859375,0.5403394591168161,0.16666666666666666,0.0,0.0,0.0,0.0,0.0,0.0,0.0,0.0,0.0,0.31365387032333836,0.8125487163449632,0,1,1,1,0,0.41215209400636027
Eubacterium_siraeum,0.145,0.8223577435695667,1.0,0.2530678326403583,0.10184677364988541,0.42016571468106595,0.0,0.07015966252074356,0.0,0.002048412803524855,0.4558285874058494,0.19676835062021297,0.5625736294340848,0.692990021856065,0,0,0,0,0,0.4098014475756748
Streptococcus_salivarius,0.4166666666666664,0.5516910113280545,0.0,0.13809883156020497,0.034595132125218454,0.0,0.0,0.03817640574060852,0.0,0.002832607663177528,0.07288437029200284,0.03544879876780799,0.46194078320518395,0.7794829079286981,0,0,0,0,0,0.4067519484858108
Alistipes_indistinctus,0.25,0.41467892916277316,0.0,0.6946470759411884,0.0241345335781453,0.0,0.0,0.20826694214727084,0.0,1.0,0.0,0.2538719120081903,0.6698912099297756,0.393835328779591,0,0,0,0,0,0.4044135149489728
Dorea_sp_CAG_317,0.5555555555555556,0.41467892916277316,0.0,0.029677088419671614,0.0010399344450552467,0.0,0.0,0.027475851220871986,0.0,0.0,0.0,0.02538752830056763,0.917215937038859,0.1265560567962018,0,0,0,0,0,0.4043960054421266
Clostridium_innocuum,0.6666666666666666,0.41467892916277316,0.0,0.0,0.0,0.0,0.0,0.0,0.0,0.0,0.0,0.0,0.4290286783490954,0.5680039932258051,0,1,1,1,0,0.40409048690749944
Prevotella_sp_885,0.5555555555555556,0.41467892916277316,0.0,0.0,0.0,0.0,0.0,0.0,0.0,0.0,0.0,0.0,0.9426030496802754,0.12821457689581958,0,1,1,1,0,0.4038143676408446
Bacteroides_thetaiotaomicron,0.2692375886524825,0.4284742372825784,0.0,0.23304751194827103,0.08179646015955967,0.0,0.0182179679874818,0.0765581519009191,0.0,0.03631130303206947,0.10561724642382683,0.08564219802242622,0.7670971655478042,0.7886012688761664,0,0,0,0,0,0.40352759858024434
Dielma_fastidiosa,0.6666666666666666,0.41467892916277316,0.0,0.0,0.0,0.0,0.0,0.0,0.0,0.0,0.0,0.0,0.6332649218922264,0.24557128148351468,0,1,1,1,0,0.40248265226474006
Asaccharobacter_celatus,0.3387096774193548,0.6418465876489778,0.0,0.0,0.0,0.0,0.0,0.0,0.0,0.0,0.0,0.0,0.6795246179966044,0.7012510408289936,0,1,1,1,0,0.402036017537992
Eubacterium_eligens,0.235,0.6953365355716215,0.16666666666666666,0.09504556979698658,0.1353455915851361,0.0,0.0,0.03527740897705156,0.0,0.009003546884050478,0.044556464996179185,0.03314925075213713,0.6135702574192492,0.7170182400948576,0,0,0,0,0,0.40109606436475903
Erysipelatoclostridium_ramosum,0.5,0.5258282922670864,0.0,0.0,0.0,0.0,0.0,0.0,0.0,0.0,0.0,0.0,0.6311743669399992,0.495581426491244,0,1,1,1,0,0.39939995614354157
Bifidobacterium_longum,0.49577114427860663,0.4406083159833221,0.16666666666666666,0.19731637599527826,0.03212280625855116,0.0,0.0,0.007616710972585779,0.01916910728905425,0.0049230017269319,0.00504814814324359,0.00889680648161606,0.35292470574762946,0.7629333053579764,0,0,0,0,0,0.39889477990333533
Bacteroides_eggerthii,0.2666666666666664,0.8625551238544894,1.0,0.10930941706247627,0.05965069186629639,0.0,0.043007001535521214,0.022922582253139062,0.0,0.17605955672836548,0.06335437473519812,0.06191147320526832,0.5052666713512753,0.4795598689003767,0,0,0,0,0,0.39861849410962785
Bacteroides_ovatus,0.49074074074074076,0.29771253080651594,0.16666666666666666,0.23273028884647196,0.04827702450663461,0.0,0.02838694924665471,0.03835496353762302,0.0,0.02137906056280513,0.052102439020261654,0.05649870642940425,0.4834266588354764,0.7796144385476167,0,0,0,0,0,0.39697741684124277
Ruminococcus_bicirculans,0.3629032258064516,0.5386044579965792,0.0,0.11929583431292443,0.10417020923506787,0.0,0.0,0.0407343878633502,0.10904025591208356,0.00010045452633214446,0.1603655588211131,0.046498784489938445,0.5246566739188921,0.7061145088068499,0,0,0,0,0,0.3942132073802156
Alistipes_finegoldii,0.2894736842105263,0.6927763843123111,0.8333333333333334,0.1267783071679762,0.04443016454794654,0.0,0.0,0.015023906758635672,0.1332553510817095,0.11130529262815088,0.04171708977720551,0.0315405679857646,0.46352235729510693,0.7420636720552961,0,0,0,0,0,0.3925918654554069
Ruminococcus_torques,0.4264462809917355,0.3250790996573714,0.0,0.14512985678515472,0.12301126184328949,0.0,0.0,0.09896107346741678,0.0,0.007837073866374748,0.21291118446072502,0.09192092836446077,0.5628072361589331,0.8114346077130458,0,0,0,0,0,0.39258485512624164
Bacteroides_finegoldii,0.4140151515151517,0.5510254266463385,0.0,0.06686124222560902,0.0063930409561134055,0.0,0.03008333526906111,0.007522582102752263,0.0,0.008906481415761511,0.040251463390895165,0.02842349772436444,0.6392428523710509,0.5134870369640172,0,0,0,0,0,0.3923132527653253
Phascolarctobacterium_sp_CAG_266,0.42105263157894735,0.5285168609321464,0.0,0.06412670346092952,0.006710466008980719,0.0,0.0,0.0,0.0,0.013232896098224844,0.00018162041426991217,0.0008129557840642851,1.0,0.0,0,0,0,0,0,0.39230921378015093
Megamonas_funiformis_CAG_377,0.65,0.16411744454827126,0.0,0.07700366791780314,0.0013520257630431599,0.0,0.0,0.004592124397224885,0.0,0.000985324251910011,0.0,0.004303629358195172,1.0,0.0,0,0,0,0,0,0.38950924167362905
Bacteroides_plebeius,0.11351351351351352,0.7885866981425925,1.0,0.26458527538976767,0.04023118072403131,0.0,0.0,0.15717404313549801,0.0,0.06907478937736633,0.14993495292154305,0.1494714828916397,0.8528283325135269,0.24557484515934302,0,0,0,0,0,0.3879640374564042
Methanobrevibacter_smithii,0.42857142857142855,0.5016311742815456,0.0,0.04775609250847107,0.006042689696208585,0.0,0.0,0.0,0.0,0.04713942216239603,0.0001003062597490816,0.0028959847957627932,0.7565754339118824,0.3678204617389586,0,0,0,0,0,0.38693370753430745
Catenibacterium_mitsuokai,0.5,0.41467892916277316,0.0,0.33621929084730384,0.020620172442381842,0.06636522974170693,0.0,0.25337848566625687,0.0,0.0,0.09321383827368099,0.25494051869329354,0.4875272292881735,0.2707065350423941,0,0,0,0,0,0.38563043460135377
Coprobacter_secundus,0.5,0.41467892916277316,0.0,0.0,0.0,0.0,0.0,0.0,0.0,0.0,0.0,0.0,1.0,0.0,0,1,1,1,0,0.3829357858325546
Firmicutes_bacterium_CAG_145,0.5,0.41467892916277316,0.0,0.0,0.0,0.0,0.0,0.0,0.0,0.0,0.0,0.0,1.0,0.0,0,1,1,1,0,0.3829357858325546
Bifidobacterium_catenulatum,0.4039473684210526,0.40758045213855965,0.0,0.1788630893370621,0.027062807258822534,0.0,0.0,0.12495090900531218,0.12375797550229982,0.0,0.029122020798414517,0.12550330010893687,1.0,0.0,0,0,0,0,0,0.38223604508046927
Firmicutes_bacterium_CAG_83,0.509090909090909,0.20747881112805128,0.0,0.0,0.0,0.0,0.0,0.0,0.0,0.0,0.0,0.0,0.7931385012414179,0.6489372715272216,0,1,1,1,0,0.3780875372918178
Clostridium_spiroforme,0.2681818181818182,0.6825521729864423,0.0,0.006763288598217502,0.00024026360328673304,0.0,0.0,0.005364260206229394,0.0,0.0003652163627387193,0.006704066443787661,0.0049789824078048835,0.9505198704140306,0.14173594977440337,0,0,0,0,0,0.37475507524144014
Butyrivibrio_crossotus,0.125,0.41467892916277316,0.0,0.6039903402729484,0.11051159967226169,0.9999999999999999,0.0,0.12469762671902673,0.0,0.0,1.0,0.4289422579225089,1.0,0.0,0,0,0,0,0,0.37208549684072306
Desulfovibrio_piger,0.4878787878787881,0.27141428548008983,0.0,0.0,0.0,0.0,0.0,0.0,0.0,0.0,0.0,0.0,0.9521692080668962,0.2316208674900169,0,1,1,1,0,0.36663396141869053
Megamonas_hypermegale,0.4074074074074074,0.37557992753979574,0.0,0.0,0.0,0.0,0.0,0.0,0.0,0.0,0.0,0.0,1.0,0.144374226925038,0,1,1,1,0,0.3617756304226852
Coprococcus_eutactus,0.1768987341772152,0.6164363350218856,0.0,0.21719170008236785,0.07336799134638027,0.4013146537864082,0.0,0.012968232094270886,0.0,0.0,0.2919458007849124,0.13788395565043277,0.761256252958264,0.3117172811335688,0,0,0,0,0,0.3616326074616314
Clostridium_sp_CAG_58,0.24,0.4334825161068214,0.0,0.0,0.0,0.0,0.0,0.0,0.0,0.0,0.0,0.0,0.8839573151376668,0.6988441929190146,0,1,1,1,0,0.3611745197839158
Eisenbergiella_massiliensis,0.5,0.41467892916277316,0.0,0.0,0.0,0.0,0.0,0.0,0.0,0.0,0.0,0.0,0.6746802754549925,0.24693746520791743,0,1,1,1,0,0.35883157367159524
Flavonifractor_plautii,0.375,0.3565632223479073,0.0,0.0732953676713572,0.014475375467399831,0.0,0.0,0.012754685493533754,0.0,0.06558131166870876,0.02758687088265656,0.015814208205011452,0.6277421120901587,0.676317981944744,0,0,0,0,0,0.35804760217502324
Dialister_sp_CAG_357,0.32608695652173914,0.5752389383432515,0.0,0.09579439972576932,0.034248725568377034,0.0,0.0015777915640357591,0.004731690999854533,0.23881188958460592,0.0,0.00010757687979784401,0.024861516435649992,0.7391047712739793,0.11707647007936951,0,0,0,0,0,0.353241269839909
Akkermansia_muciniphila,0.19374999999999998,0.4353513992032656,0.0,0.19958310521876807,0.10591713166608124,0.0,0.004666014206688884,0.11601777920300377,0.0,0.29264575266282755,0.2737024089565067,0.12842390121501865,0.6948050081457373,0.6282406891709513,0,0,0,0,0,0.3527692789290322
Firmicutes_bacterium_CAG_110,0.375,0.594878604567288,0.0,0.0,0.0,0.0,0.0,0.0,0.0,0.0,0.0,0.0,0.3975195933759631,0.6121676698858292,0,1,1,1,0,0.35232042690843496
Eubacterium_ventriosum,0.3625,0.5249512287086674,0.0,0.0,0.0,0.0,0.0,0.0,0.0,0.0,0.0,0.0,0.5161275869102937,0.6065109319419255,0,1,1,1,0,0.3518104769724701
Eubacterium_sp_CAG_38,0.15178571428571427,0.5664519090476893,0.0,0.045890821566657206,0.018622762311619072,0.040963767723336535,0.0,0.01940416102981791,0.0,0.0023597230301435745,0.06178362633281537,0.030925551600696093,0.8043285784554846,0.6167772652143947,0,0,0,0,0,0.3498990088511748
Bacteroides_faecis,0.35294117647058826,0.693060541976098,1.0,0.06405395341037441,0.00369206990746219,0.0,0.0,0.009852173520179667,0.0,0.06654130761994693,3.5966408743367557e-05,0.013191280686396516,0.19827967244765932,0.6541815298538708,0,0,0,0,0,0.34963186519123446
Streptococcus_parasanguinis,0.31111111111111134,0.5534189085066968,0.0,0.0,0.0,0.0,0.0,0.0,0.0,0.0,0.0,0.0,0.457608020961747,0.762593563530844,0,1,1,1,0,0.3489176745320192
Lactobacillus_ruminis,0.42575757575757545,0.2134789094903195,0.0,0.22924486269558256,0.04092525835256047,0.0,0.0,0.10903462596450351,0.0,0.009256749791717946,0.5041038394146489,0.1013160498796927,0.7558112201309964,0.23584841081418145,0,0,0,0,0,0.34585883396599754
Clostridium_sp_CAG_299,0.4,0.41467892916277316,0.0,0.14609443203172398,0.03507560335663894,0.0,0.0,0.15937531082706055,0.0,0.002171759892862125,0.22311997368131192,0.14739529028544518,0.6173536645351696,0.24504257566446477,0,0,0,0,0,0.34546481821969904
Bacteroides_sp_CAG_530,0.375,0.41467892916277316,0.0,0.0,0.0,0.0,0.0,0.0,0.0,0.0,0.0,0.0,1.0,0.0,0,1,1,1,0,0.3454357858325546
Bacteroides_salyersiae,0.36,0.4969589665404351,0.0,0.0365673813434345,0.0020982576014973555,0.0,0.0,0.0065881746727797,0.0,0.016349211460807585,0.017991955797828477,0.007091840383438693,0.6356541414487049,0.364412748899913,0,0,0,0,0,0.34487612237704895
Anaerotruncus_sp_CAG_528,0.35714285714285715,0.31182478401285263,0.0,0.14511230634922986,0.029583322359499925,0.02219942199651612,0.0,0.1249977561969817,0.0,0.005057277196561978,0.0,0.1227723532262852,1.0,0.0,0,0,0,0,0,0.34423299213376213
Eubacterium_sp_CAG_274,0.3888888888888889,0.39444908932933326,0.0,0.039828392084136875,0.003952901730110605,0.028445236367030193,0.0,0.023468941071334688,0.0,0.0008138521271479778,0.0553957687706852,0.030659071898848887,0.8344318740777177,0.14170262709133244,0,0,0,0,0,0.34126107733895583
Dialister_invisus,0.3035714285714286,0.4735159592780209,0.0,0.09176833177968821,0.06897190452984697,0.0,0.0,0.0,0.0,0.0,0.0,0.0,0.47081751106738823,0.6250398321646233,0,0,0,1,0,0.33956367052354125
Ruminococcus_lactaris,0.26865671641791045,0.2728214123728804,0.0,0.10555169199354868,0.015727090005657935,0.0,0.0,0.05174962667990391,0.0,0.0,0.17503873624499353,0.047816357037260705,0.8889091284134364,0.5225400968203435,0,0,0,0,0,0.3381571391435971
Acidaminococcus_intestini,0.525,0.20949523762684635,0.0,0.2535931126664004,0.012690474415856105,0.13777055196767532,0.0,0.11075249173412217,0.0,0.006026294262531145,0.40863627363928934,0.14592659061085647,0.34119547732681,0.4825258369017872,0,0,0,0,0,0.3381389671561152
Intestinibacter_bartlettii,0.25925925925925924,0.5010573943835145,0.0,0.0,0.0,0.0,0.0,0.0,0.0,0.0,0.0,0.0,0.7530813013843018,0.4703857711191538,0,1,1,1,0,0.33799002897404135
Adlercreutzia_equolifaciens,0.2807017543859649,0.5812062492827751,0.0,0.0,0.0,0.0,0.0,0.0,0.0,0.0,0.0,0.0,0.4375161803919537,0.7140068163080628,0,1,1,1,0,0.33747988486194386
Anaerotignum_lactatifermentans,0.3333333333333333,0.41467892916277316,0.0,0.0,0.0,0.0,0.0,0.0,0.0,0.0,0.0,0.0,1.0,0.0,0,1,1,1,0,0.3329357858325546
Bacteroides_pectinophilus,0.265,0.41467892916277316,0.0,0.12643342260627674,0.007470020059055028,0.0,0.0,0.1275693753930668,0.0,0.003937522871139688,0.2738198197502139,0.11811526779743538,1.0,0.0,0,0,0,0,0,0.33214780122940163
Lachnospira_pectinoschiza,0.4794520547945205,0.12244463023983998,1.0,0.08933386735681692,0.09874773692573184,0.0,0.04593595430521247,0.022404657065259487,0.0,0.008145415674678065,0.046760282896614824,0.053154534251194846,0.4837045851848927,0.6773574071117746,0,0,0,0,0,0.3318908247713312
Bacteroides_clarus,0.2222222222222222,0.4848276201249201,1.0,0.028102481393249782,0.00017851544564965698,0.0,0.0,0.0007638049461615368,0.0,0.0,0.004059610099194887,0.0007057513716648429,1.0,0.104461057646776,0,0,0,0,0,0.32831152020988075
Clostridium_saccharolyticum,0.2,0.41467892916277316,0.0,0.2032023996830235,0.03304806917426757,0.0,0.0,0.0538803043250331,0.0,0.004167971436613079,0.09333264038663641,0.05004114797253139,1.0,0.0,0,0,0,0,0,0.3267209527024349
Bifidobacterium_pseudocatenulatum,0.39234693877551025,0.3407268971622486,0.0,0.14295032633594107,0.04561182463133956,0.0,0.0,0.12445954743348549,0.1771171886060887,0.0,0.04129829023859139,0.129382153040352,0.3957271322933116,0.5431798735366544,0,0,0,0,0,0.3255302496762901
Roseburia_sp_CAG_471,0.2727272727272727,0.44638436695683537,0.0,0.0,0.0,0.0,0.0,0.0,0.0,0.0,0.0,0.0,0.9300037191222872,0.12921370200989554,0,1,1,1,0,0.3235169832788815
Roseburia_intestinalis,0.25456521739130433,0.5648753804707181,0.0,0.07929008426240154,0.06210102057352238,0.09184265694046499,0.0,0.052516284838499766,0.022804319495261845,0.0,0.0849778851194343,0.07918959418486349,0.31652679532847616,0.6610301258152492,0,0,0,0,0,0.32103028788904375
Mitsuokella_jalaludinii,0.25,0.41467892916277316,0.0,0.07845907994614032,0.0017562812375514966,0.0,0.0,0.021860550444602115,0.0,0.04130331159881007,8.810976387326543e-05,0.022736469233900786,1.0,0.0,0,0,0,0,0,0.3198802759482308
Klebsiella_pneumoniae,0.11666666666666643,0.41467892916277316,0.0,0.4438764186259859,0.05782544688971783,0.0,0.0,0.0,0.0,0.0,0.0,0.0,0.571821815872549,0.43504009158138407,0,0,0,1,0,0.319577074854445
Clostridium_leptum,0.22999999999999998,0.4818767520779029,0.0,0.0,0.0,0.0,0.0,0.0,0.0,0.0,0.0,0.0,0.5856057918357256,0.6541627745050417,0,1,1,1,0,0.3186324966414436
Bilophila_wadsworthia,0.2857142857142857,0.33372678240626896,0.0,0.0,0.0,0.0,0.0,0.0,0.0,0.0,0.0,0.0,0.6717952163289465,0.6404095459189284,0,1,1,1,0,0.3172698792367743
Blautia_sp_CAG_257,0.23529411764705882,0.43372842177740617,0.0,0.16758837281564892,0.023888140180533615,0.0,0.0,0.07282543775529154,0.0,0.3275319175373842,0.08674112470883823,0.08741203054780798,0.49298735107406444,0.5496824530735513,0,0,0,0,0,0.3137773375584644
Eisenbergiella_tayi,0.2,0.41467892916277316,0.0,0.0,0.0,0.0,0.0,0.0,0.0,0.0,0.0,0.0,0.9021642892277424,0.3526884044764776,0,1,1,1,0,0.31352926966436373
Paraprevotella_xylaniphila,0.5263157894736842,0.454007442744963,0.0,0.06083260583282779,0.0015620480543169423,0.0,0.0,0.016594877409569074,0.0,1.997768407750855e-05,0.025296504454475816,0.015334798478281798,0.0,0.538848986813641,0,0,0,0,0,0.3118622197528178
Faecalitalea_cylindroides,0.3235294117647059,0.41467892916277316,0.0,0.0,0.0,0.0,0.0,0.0,0.0,0.0,0.0,0.0,0.7950108917152695,0.12354139728809645,0,1,1,1,0,0.31160038284806646
Lawsonibacter_asaccharolyticus,0.04,0.4434662863325628,1.0,0.0,0.0,0.0,0.0,0.0,0.0,0.0,0.0,0.0,1.0,0.5744423515594046,0,1,1,1,0,0.30813749242245303
Butyrivibrio_sp_CAG_318,0.25,0.41467892916277316,0.0,0.0,0.0,0.0,0.0,0.0,0.0,0.0,0.0,0.0,1.0,0.0,0,1,1,1,0,0.3079357858325546
Firmicutes_bacterium_CAG_94,0.25,0.41467892916277316,0.0,0.0,0.0,0.0,0.0,0.0,0.0,0.0,0.0,0.0,1.0,0.0,0,1,1,1,0,0.3079357858325546
Ruminococcus_sp_CAG_330,0.2608695652173913,0.33393990065410906,0.0,0.06842111428416417,0.013563685629881366,0.0,0.0,0.011964970213324514,0.0,0.0018306667487491225,0.04934825828543166,0.011168029590765296,1.0,0.0,0,0,0,0,0,0.3066683854016519
Sellimonas_intestinalis,0.21951219512195122,0.6129772619223266,0.0,0.0,0.0,0.0,0.0,0.0,0.0,0.0,0.0,0.0,0.49191985303713215,0.4095571284591834,0,1,1,1,0,0.3031928017225389
Hafnia_alvei,0.0,0.41467892916277316,0.0,0.39236938283296097,0.1108670364811287,0.0,0.0,0.3184893058122256,9.748849169004155e-05,0.002736728903193235,0.7307864546822098,0.2944583301611273,1.0,0.0,0,0,0,0,0,0.3028778969056116
Blautia_hansenii,0.11486486486486487,0.5253200872145445,0.0,0.08470078767342873,0.0019248154910144184,0.0,0.0,0.04191422786099939,0.0,0.0,0.08897217212671411,0.03872850516853948,1.0,0.0,0,0,0,0,0,0.30242107660248413
Clostridium_lavalense,0.3333333333333333,0.41467892916277316,0.0,0.0,0.0,0.0,0.0,0.0,0.0,0.0,0.0,0.0,0.6440214718022199,0.22559623052418173,0,1,1,1,0,0.3020986296553058
Monoglobus_pectinilyticus,0.3076923076923077,0.24439744913851047,0.0,0.0,0.0,0.0,0.0,0.0,0.0,0.0,0.0,0.0,0.8896212493851451,0.26612494380917023,0,1,1,1,0,0.30124286392408317
Ruminococcus_callidus,0.17391304347826086,0.42997426187314547,0.0,0.0,0.0,0.0,0.0,0.0,0.0,0.0,0.0,0.0,1.0,0.11097286529688208,0,1,1,1,0,0.2992660519477956
Clostridium_sp_CAG_413,0.0,0.41467892916277316,0.0,0.42768768279991526,0.02172529678563436,0.0,0.0,0.15181494080689736,0.0,0.00877250427786145,0.13811883532606603,0.14081506507131653,1.0,0.0,0,0,0,0,0,0.29926146793110536
Butyricimonas_virosa,0.42857142857142855,0.41467892916277316,0.0,0.0,0.0,0.0,0.0,0.0,0.0,0.0,0.0,0.0,0.22531199494062226,0.5296386388661967,0,1,1,1,0,0.2982678775316962
Bacteroides_faecis_CAG_32,0.2,0.41467892916277316,0.0,0.033350349446853014,0.0014620459592150589,0.0,0.0,0.013385882950768181,0.0,0.03893944410408705,0.00021085257749033597,0.014760702357832535,1.0,0.0,0,0,0,0,0,0.2980845428455041
Megamonas_funiformis,0.2,0.356235348120461,0.0,0.0,0.0,0.0,0.0,0.0,0.0,0.0,0.0,0.0,1.0,0.16812126676348454,0,1,1,1,0,0.29805919630044064
Bifidobacterium_breve,0.20833333333333354,0.41467892916277316,0.0,0.0,0.0,0.0,0.0,0.0,0.0,0.0,0.0,0.0,1.0,0.0,0,1,1,1,0,0.2954357858325547
Coprobacter_fastidiosus,0.375,0.41467892916277316,0.0,0.0,0.0,0.0,0.0,0.0,0.0,0.0,0.0,0.0,0.3076487948844072,0.5226309720694229,0,1,1,1,0,0.29384620227215796
Streptococcus_thermophilus,0.19758771929824534,0.42097411432974313,0.0,0.0805708042949657,0.013626346048763525,0.0,0.0,0.01785859095610234,0.0,0.0,0.05839091612147111,0.016501235199654005,0.5331348538587,0.48358662775106365,0,0,0,0,0,0.28524828475845476
Firmicutes_bacterium_CAG_238,0.16666666666666666,0.41467892916277316,0.0,0.0,0.0,0.0,0.0,0.0,0.0,0.0,0.0,0.0,1.0,0.0,0,1,1,1,0,0.28293578583255463
Bacteroides_cellulosilyticus,0.10588235294117647,0.5326710273938917,0.0,0.1524660212052012,0.020326742278546212,0.0,0.030587806961008213,0.036385046770726494,0.0,0.022947374040891515,0.03275546872869321,0.05630574631069748,0.348558311667018,0.6453773652055343,0,0,0,0,0,0.2800229720403722
Bacteroides_coprocola,0.13846153846153847,0.32344792537582584,0.0,0.048467809952206925,0.010038767711168984,0.0,0.008435725813797267,0.023107143337622413,0.0,0.04212663254534283,0.03353154421042741,0.0298066567008129,1.0,0.13488189040025653,0,0,0,0,0,0.27799028391760033
Roseburia_sp_CAG_309,0.14285714285714285,0.41467892916277316,0.0,0.0,0.0,0.0,0.0,0.0,0.0,0.0,0.0,0.0,1.0,0.0,0,1,1,1,0,0.27579292868969746
Olsenella_scatoligenes,0.15151515151515152,0.40477712749389333,0.0,0.0,0.0,0.0,0.0,0.0,0.0,0.0,0.0,0.0,0.9043384161337925,0.10739234300091331,0,1,1,1,0,0.2727999676734843
Roseburia_sp_CAG_182,0.08823529411764706,0.4733684158756701,0.0,0.0,0.0,0.0,0.0,0.0,0.0,0.0,0.0,0.0,1.0,0.0,0,1,1,1,0,0.27114427141042813
Clostridium_symbiosum,0.2,0.41467892916277316,0.0,0.0,0.0,0.0,0.0,0.0,0.0,0.0,0.0,0.0,0.35148914761055816,0.7076773767989308,0,1,1,1,0,0.26642689565403144
Firmicutes_bacterium_CAG_170,0.1111111111111111,0.41467892916277316,0.0,0.0,0.0,0.0,0.0,0.0,0.0,0.0,0.0,0.0,1.0,0.0,0,1,1,1,0,0.26626911916588797
Hungatella_hathewayi,0.2,0.41467892916277316,0.0,0.0,0.0,0.0,0.0,0.0,0.0,0.0,0.0,0.0,0.4735973459199798,0.5204939093226733,0,1,1,1,0,0.2660247786528189
Anaerotruncus_colihominis,0.15,0.41467892916277316,0.0,0.0,0.0,0.0,0.0,0.0,0.0,0.0,0.0,0.0,0.672993565355311,0.37043156805578326,0,1,1,1,0,0.2659279774414296
Blautia_hydrogenotrophica,0.22499999999999998,0.41467892916277316,0.0,0.0,0.0,0.0,0.0,0.0,0.0,0.0,0.0,0.0,0.5096904743699582,0.3633337044806653,0,1,1,1,0,0.2632227274361149
Lactobacillus_rogosae,0.0,0.41467892916277316,0.0,0.0,0.0,0.0,0.0,0.0,0.0,0.0,0.0,0.0,1.0,0.29177757830422996,0,1,1,1,0,0.2621135436629776
Clostridium_sp_CAG_242,0.225,0.3364973196281906,0.0,0.0,0.0,0.0,0.0,0.0,0.0,0.0,0.0,0.0,0.7673096608659815,0.11696555781561885,0,1,1,1,0,0.26159246883709725
Parabacteroides_johnsonii,0.13823529411764707,0.2863817439630158,0.0,0.0,0.0,0.0,0.0,0.0,0.0,0.0,0.0,0.0,1.0,0.11823977348965253,0,1,1,1,0,0.26057091437686253
Bifidobacterium_animalis,0.07500000000000001,0.41467892916277316,0.0,0.029398418734494378,0.0010670777614306664,0.0,0.0,0.01818465227926004,0.016602308735334137,0.0008071368842757357,0.006684225555063596,0.01820023861218344,1.0,0.0,0,0,0,0,0,0.2599522564188719
Brachyspira_sp_CAG_700,0.05263157894736842,0.47072902834472696,1.0,0.0,0.0,0.0,0.0,0.0,0.0,0.0,0.0,0.0,1.0,0.0,0,1,1,1,0,0.2599352793531559
Ruminococcus_sp_CAG_403,0.0,0.41467892916277316,0.0,0.1630390285525453,0.016357265380782422,0.0,0.0,0.037591112775193815,0.0,0.0033441569491533514,0.10572888148993398,0.03493941819086611,1.0,0.0,0,0,0,0,0,0.25902736665351467
Proteobacteria_bacterium_CAG_139,0.16,0.27933244807291924,0.0,0.0,0.0,0.0,0.0,0.0,0.0,0.0,0.0,0.0,0.6016999508116084,0.6460313877677885,0,1,1,1,0,0.25872462101310395
Bifidobacterium_angulatum,0.07954545454545454,0.36384203019721634,1.0,0.07577595943753114,0.0005144954734670194,0.0,0.0,0.0062803366541601775,0.0,0.0,0.0,0.005802994901335894,1.0,0.0,0,0,0,0,0,0.258049885866056
Clostridium_sp_CAG_253,0.03125,0.4315808455876326,1.0,0.04637877375474109,0.002358977246182863,0.0,0.0,0.016316619055043554,0.0,0.0009512903286869454,0.014820113113602736,0.015134904047589465,1.0,0.0,0,0,0,0,0,0.25288388290535596
Roseburia_sp_CAG_303,0.0625,0.41403957441925276,0.0,0.0,0.0,0.0,0.0,0.0,0.0,0.0,0.0,0.0,1.0,0.0,0,1,1,1,0,0.25155791488385054
Bacteroides_intestinalis,0.12,0.41467892916277316,0.0,0.04654153657971186,0.0013347320246793236,0.0,0.0,0.011094520977207818,0.0,0.047677503828489426,0.0001318139776101809,0.013180315042628456,0.6811280537793081,0.20552042473006368,0,0,0,0,0,0.2487717400618819
Turicibacter_sanguinis,0.0,0.41467892916277316,0.0,0.0,0.0,0.0,0.0,0.0,0.0,0.0,0.0,0.0,1.0,0.12002136219576075,0,1,1,1,0,0.24493792205213072
Streptococcus_parauberis,0.034482758620689655,0.41467892916277316,0.0,0.0,0.0,0.0,0.0,0.0,0.0,0.0,0.0,0.0,1.0,0.0,0,1,1,1,0,0.2432806134187615
Clostridium_scindens,0.025,0.41467892916277316,0.0,0.0,0.0,0.0,0.0,0.0,0.0,0.0,0.0,0.0,1.0,0.0,0,1,1,1,0,0.24043578583255465
Clostridium_bolteae,0.22142857142857142,0.41467892916277316,0.0,0.0,0.0,0.0,0.0,0.0,0.0,0.0,0.0,0.0,0.11870596896783225,0.7099517684829617,0,1,1,1,0,0.23816542945459707
Bacteroides_nordii,0.0,0.41467892916277316,0.0,0.031114826706913477,0.0008261082679254872,0.0,0.0,0.004914617245250435,0.0,0.02825620410467422,3.4941607947169484e-05,0.006276982583597525,1.0,0.0,0,0,0,0,0,0.23768562066538423
Bacteroides_galacturonicus,0.0,0.41467892916277316,0.0,0.0,0.0,0.0,0.0,0.0,0.0,0.0,0.0,0.0,1.0,0.0,0,1,1,1,0,0.23293578583255464
Clostridium_disporicum,0.0,0.41467892916277316,0.0,0.0,0.0,0.0,0.0,0.0,0.0,0.0,0.0,0.0,1.0,0.0,0,1,1,1,0,0.23293578583255464
Clostridium_sp_CAG_167,0.0,0.41467892916277316,0.0,0.0,0.0,0.0,0.0,0.0,0.0,0.0,0.0,0.0,1.0,0.0,0,1,1,1,0,0.23293578583255464
Citrobacter_braakii,0.0,0.41467892916277316,0.0,0.0,0.0,0.0,0.0,0.0,0.0,0.0,0.0,0.0,1.0,0.0,0,1,1,1,0,0.23293578583255464
Ruminococcus_sp_CAG_624,0.0,0.41467892916277316,0.0,0.0,0.0,0.0,0.0,0.0,0.0,0.0,0.0,0.0,1.0,0.0,0,1,1,1,0,0.23293578583255464
Ruminococcus_sp_CAG_563,0.0,0.41467892916277316,0.0,0.0,0.0,0.0,0.0,0.0,0.0,0.0,0.0,0.0,1.0,0.0,0,1,1,1,0,0.23293578583255464
Streptococcus_downei,0.0,0.41467892916277316,0.0,0.0,0.0,0.0,0.0,0.0,0.0,0.0,0.0,0.0,1.0,0.0,0,1,1,1,0,0.23293578583255464
Clostridium_sp_CAG_590,0.0,0.41467892916277316,0.0,0.0,0.0,0.0,0.0,0.0,0.0,0.0,0.0,0.0,1.0,0.0,0,1,1,1,0,0.23293578583255464
Cutibacterium_acnes,0.0,0.41467892916277316,0.0,0.0,0.0,0.0,0.0,0.0,0.0,0.0,0.0,0.0,1.0,0.0,0,1,1,1,0,0.23293578583255464
Propionibacterium_freudenreichii,0.0,0.41467892916277316,0.0,0.0,0.0,0.0,0.0,0.0,0.0,0.0,0.0,0.0,1.0,0.0,0,1,1,1,0,0.23293578583255464
Eubacterium_sp_OM08_24,0.0,0.41467892916277316,0.0,0.0,0.0,0.0,0.0,0.0,0.0,0.0,0.0,0.0,1.0,0.0,0,1,1,1,0,0.23293578583255464
Lactobacillus_delbrueckii,0.0,0.41467892916277316,0.0,0.0,0.0,0.0,0.0,0.0,0.0,0.0,0.0,0.0,1.0,0.0,0,1,1,1,0,0.23293578583255464
Bacteroides_fragilis,0.23076923076923078,0.0,1.0,0.28420362122624526,0.012637299688114069,0.0,0.0,0.005465385937176269,0.0,0.0,0.003795118777252834,0.005049985131968675,0.32309394982784057,0.6842151227962617,0,0,0,0,0,0.23001064713731967
Lactococcus_lactis,0.0,0.41467892916277316,0.0,0.07382712121884695,0.0076284049159925146,0.0,0.0,0.029736343556627607,0.0,0.018744898221732413,0.03483068798084703,0.028627792841676904,0.8173733398917855,0.12550126785128754,0,0,0,0,0,0.22992882227587752
Klebsiella_variicola,0.08333333333333356,0.41467892916277316,0.0,0.0,0.0,0.0,0.0,0.0,0.0,0.0,0.0,0.0,0.5765083026612616,0.3154159891912729,0,1,1,1,0,0.22595363015087122
Veillonella_atypica,0.027777777777777776,0.41249856555025494,0.0,0.0247522799126013,0.0013653857088030041,0.0,0.0,0.017730936632340735,0.0,0.0005285569626361467,0.039548756068853774,0.01641575494953463,0.3229502594938617,0.8162094368649874,0,0,0,0,0,0.22474590961173285
Intestinimonas_butyriciproducens,0.0,0.41467892916277316,0.0,0.0,0.0,0.0,0.0,0.0,0.0,0.0,0.0,0.0,0.6157569907841371,0.48606864451860093,0,1,1,1,0,0.22390619890203528
Collinsella_intestinalis,0.11323529411764707,0.35180904604993524,0.0,0.03287809064409689,0.0036023045665494993,0.0,0.0,0.021316345698171774,0.0,0.0,0.046047487835292666,0.01969618066886025,0.5052174716640802,0.3827913093745836,0,0,0,0,0,0.22368609318562105
Firmicutes_bacterium_CAG_95,0.0,0.41467892916277316,0.0,0.0,0.0,0.0,0.0,0.0,0.0,0.0,0.0,0.0,0.8565076242006886,0.10352316296284282,0,1,1,1,0,0.2217642457589422
Veillonella_dispar,0.1166666666666664,0.41467892916277316,0.0,0.0,0.0,0.0,0.0,0.0,0.0,0.0,0.0,0.0,0.1307147647595811,0.8264399732976498,0,1,1,1,0,0.22018699787625673
Sutterella_parvirubra,0.0,0.41467892916277316,0.0,0.0,0.0,0.0,0.0,0.0,0.0,0.0,0.0,0.0,0.8148485473557272,0.11476332049619754,0,1,1,1,0,0.21663939998553344
Tyzzerella_nexilis,0.034482758620689655,0.41467892916277316,0.0,0.0,0.0,0.0,0.0,0.0,0.0,0.0,0.0,0.0,0.7285279376769784,0.1133365542827116,0,1,1,1,0,0.21389345949857946
Actinomyces_sp_ICM47,0.0,0.41467892916277316,0.0,0.0,0.0,0.0,0.0,0.0,0.0,0.0,0.0,0.0,0.6817804104614291,0.2378797212644865,0,1,1,1,0,0.20899081952821763
Veillonella_parvula,0.0466666666666664,0.3838423580714438,1.0,0.0,0.0,0.0,0.0,0.0,0.0,0.0,0.0,0.0,0.2911265974770326,0.7192104445704971,0,1,1,1,0,0.2063585056928933
Haemophilus_parainfluenzae,0.05,0.4447286021082313,1.0,0.0,0.0,0.0,0.0,0.0,0.0,0.0,0.0,0.0,0.19935586630126723,0.6930637416563427,0,1,1,1,0,0.20315547453247063
Ruminococcaceae_bacterium_D16,0.0,0.41467892916277316,0.0,0.0,0.0,0.0,0.0,0.0,0.0,0.0,0.0,0.0,0.4021151008362026,0.5683253019999279,0,1,1,1,0,0.2000855811579778
Clostridium_clostridioforme,0.0,0.41467892916277316,0.0,0.06658972424031685,0.023208648407683045,0.0,0.0,0.0,0.07714601561010258,0.006823927367183314,0.002505965137649401,0.006683625447683835,0.06075515892535055,0.7218454575063767,0,0,0,0,0,0.17654292889881074
Klebsiella_quasipneumoniae,0.0,0.41467892916277316,0.0,0.0,0.0,0.0,0.0,0.0,0.0,0.0,0.0,0.0,0.3501409120335137,0.38608301740906914,0,1,1,1,0,0.1740652243784886
