	Akkermansia_muciniphila	Alistipes_onderdonkii	Alistipes_putredinis	Alistipes_shahii	Bacteroides_caccae	Bacteroides_cellulosilyticus	Bacteroides_dorei	Bacteroides_eggerthii	Bacteroides_finegoldii	Bacteroides_fragilis	Bacteroides_massiliensis	Bacteroides_ovatus	Bacteroides_stercoris	Bacteroides_thetaiotaomicron	Bacteroides_uniformis	Bacteroides_vulgatus	Barnesiella_intestinihominis	Dialister_invisus	Escherichia_coli	Eubacterium_rectale	Eubacterium_siraeum	Faecalibacterium_prausnitzii	Parabacteroides_distasonis	Parabacteroides_merdae	Prevotella_copri	Roseburia_intestinalis	Roseburia_inulinivorans	Ruminococcus_bromii	Ruminococcus_torques	Subdoligranulum_unclassified	Sutterella_wadsworthensis
CSM67UH7	6691	58	18	0	252	34	0	0	0	181	548	57	0	310	0	816	0	0	2	114	4	208	1	0	0	2	45	0	69	588	0
CSM79HGX	0	57	385	0	563	0	0	0	764	0	0	217	2003	175	818	1131	0	0	0	356	368	2001	459	217	0	0	0	0	123	98	266
CSM79HGZ	913	922	723	3	441	471	0	0	0	76	2757	81	0	454	0	1346	0	0	0	459	15	606	3	0	0	215	37	0	23	457	0
CSM79HOV	0	25	989	165	395	552	0	0	0	0	0	5	270	377	1052	3113	326	0	0	29	373	979	595	66	0	35	0	49	44	562	0
CSM79HOX	310	709	456	4	363	1143	0	0	0	116	1987	124	1	539	2	1535	0	0	0	424	20	1163	1	0	0	499	55	0	35	513	0
CSM79HOZ	736	869	769	2	349	596	0	0	0	145	2149	71	0	788	0	1540	0	0	0	382	146	829	3	0	0	181	48	0	3	394	0
CSM79HP2	319	687	596	3	657	439	1	0	0	169	2582	141	0	414	0	1234	0	0	0	340	348	1284	3	0	0	413	74	0	13	283	0
CSM79HP4	543	737	604	3	463	590	0	0	0	50	1940	105	0	413	0	1165	0	0	0	627	114	1344	2	0	0	693	141	0	0	466	0
CSM79HP6	341	384	618	3	615	999	1	0	0	73	1726	108	0	474	0	1173	0	0	0	510	163	1781	4	0	0	501	59	0	15	454	0
CSM7KOOH	843	845	770	6	307	2501	24	0	0	146	1924	89	0	199	603	393	0	0	0	4	115	572	1	0	0	70	38	0	40	512	0
CSM7KOOJ	533	817	632	2	512	1871	0	0	0	132	1530	134	0	256	755	637	0	0	0	426	124	883	2	0	0	333	62	0	17	339	0
CSM7KOOL	212	614	760	2	596	522	2	0	0	189	1746	357	0	81	874	1768	0	0	0	56	128	1188	5	0	0	393	100	0	17	391	0
CSM7KOON	410	903	736	4	379	977	0	0	0	55	754	179	1	365	1132	1159	0	0	0	887	86	899	1	0	0	99	36	0	41	899	0
CSM7KOOP	1072	565	529	2	231	645	0	0	0	62	653	124	0	186	1265	1378	0	0	0	647	156	1229	5	0	0	477	110	0	11	655	0
CSMA8M9R	628	687	515	3	518	1086	0	0	0	238	1413	112	0	268	1120	759	0	0	5	748	25	851	4	0	0	414	87	0	35	485	0
CSMAAEUA	327	402	654	2	437	466	1	0	0	75	1892	205	0	212	1409	1854	0	0	0	392	64	596	12	0	0	624	64	0	7	304	0
CSMAE44D	216	868	770	11	337	388	0	0	0	154	2001	120	0	264	476	2309	0	0	1	199	126	962	3	0	0	341	23	0	0	433	0
CSMAG78W	0	0	921	0	141	0	0	0	0	0	3476	0	0	0	2818	0	0	0	0	31	672	1206	0	0	0	281	112	0	7	333	0
CSMAHYLR	0	11	1013	8	1215	0	0	0	0	0	3389	1	1	0	2524	2	0	0	0	196	277	693	0	0	0	192	27	0	25	427	0
HSM5MD5B	29	70	0	0	214	0	1	2968	127	0	0	125	146	34	568	135	0	958	188	432	0	2599	0	336	0	232	90	68	51	629	0
HSM5MD5D	135	242	0	0	635	0	9	1157	169	0	0	255	84	104	442	636	0	213	5	644	0	3615	0	904	0	0	6	436	52	258	0
HSM5MD6I	0	182	0	52	0	0	0	0	0	0	2383	642	4063	0	0	0	0	0	0	1009	0	1560	0	0	0	0	18	35	18	37	0
HSM5MD6K	0	339	0	96	0	0	0	0	0	0	2257	466	3355	0	1	0	0	15	0	640	0	2653	0	0	0	1	48	54	14	59	0
HSM5MD6M	0	152	0	35	0	0	0	0	0	0	1646	383	4744	0	1	1	0	4	0	1111	0	1803	0	0	0	0	67	32	14	6	0
HSM5MD6Q	0	913	1069	0	1002	0	0	0	0	0	0	816	2349	0	2133	171	0	59	62	168	14	1161	0	0	0	0	17	0	23	41	0
HSM5MD6W	0	0	0	0	206	0	1	0	0	0	1	1164	6113	0	266	227	0	133	0	0	0	1677	0	0	0	0	0	0	94	118	0
HSM67VDT	216	190	1184	56	352	0	22	0	0	1	1	305	4756	145	800	866	0	54	14	181	41	173	0	543	0	0	1	0	17	83	0
HSM67VEO	2	169	876	31	168	45	1060	0	0	31	0	150	1996	75	481	1	0	29	0	2579	151	921	60	706	0	263	34	100	48	23	0
HSM67VEQ	0	630	871	434	540	123	645	0	0	467	0	197	1178	61	254	1	0	80	5	1528	773	867	155	584	0	8	1	432	63	103	0
HSM67VES	0	308	628	181	320	267	849	1	0	8	1	401	1899	78	621	1	0	31	6	1379	904	773	109	905	0	154	18	95	23	42	0
HSM67VEU	3	316	869	101	235	33	687	0	0	27	0	218	1252	70	509	1	0	28	0	1864	946	1446	48	957	0	166	20	132	12	60	0
HSM67VEW	0	415	1006	135	232	83	501	0	0	12	0	115	1358	54	557	3	0	97	16	2399	834	947	129	801	0	29	6	138	55	78	0
HSM67VF3	0	0	0	0	1128	0	0	0	0	0	0	819	5556	0	1744	272	0	36	0	0	0	99	0	0	0	329	1	0	6	8	0
HSM67VFR	0	0	0	0	0	0	0	0	0	0	0	2705	1721	0	2	2664	0	0	162	602	0	0	0	2040	0	0	2	0	103	0	0
HSM67VFX	38	271	0	0	475	0	2	766	288	0	0	162	239	72	908	816	0	0	135	665	0	3981	0	680	0	86	24	1	74	316	1
HSM67VFZ	27	707	28	0	547	0	58	1950	375	0	0	289	619	82	922	771	0	0	160	527	0	1515	0	1076	0	5	8	1	59	275	0
HSM67VG8	20	517	419	0	216	0	1	3303	211	219	0	118	300	29	3220	233	0	0	36	70	0	229	0	460	0	5	1	272	32	90	0
HSM67VGA	413	326	969	0	870	0	98	702	0	9	1	64	18	824	863	737	0	1178	7	1	94	1502	904	0	150	0	24	73	72	103	0
HSM67VGC	249	562	1234	0	457	0	45	233	0	2	0	45	237	172	455	356	0	615	7	1	149	4268	568	0	317	0	3	0	4	21	0
HSM67VGG	2089	1660	537	0	361	0	22	1606	0	20	0	62	29	457	45	315	0	230	21	0	104	785	1506	0	14	0	13	0	13	113	0
HSM67VGK	18	41	397	0	91	0	7	42	0	1	0	6	59	111	36	76	0	653	0	0	53	1375	959	0	6025	0	7	0	7	34	0
HSM67VGK_TR	11	47	508	0	98	0	9	58	0	0	0	7	67	121	37	116	0	580	0	0	85	1120	890	0	6205	0	10	0	2	29	0
HSM67VI3	256	222	1234	145	294	0	31	0	0	0	0	309	3083	81	285	1786	0	74	0	1000	32	486	0	425	0	4	0	0	35	217	0
HSM67VI5	538	200	836	150	371	0	17	0	0	0	0	413	4403	106	201	583	0	123	1	1052	15	274	0	502	0	8	3	0	60	142	0
HSM67VI7	187	143	874	78	319	0	50	0	0	0	0	154	4499	149	515	865	0	84	8	1088	54	197	0	542	0	0	0	0	89	106	0
HSM67VI9	416	172	772	114	669	0	46	0	0	0	0	198	4105	112	785	941	0	46	5	735	61	154	0	408	0	0	19	0	155	88	0
HSM67VIB	4	125	1090	89	280	0	36	0	0	0	0	866	4700	127	745	548	0	29	5	126	18	477	0	393	0	20	1	0	113	208	0
HSM6XRQ8	38	3	69	2	102	20	16	0	18	0	589	54	46	0	28	609	91	0	0	47	20	1447	0	55	6093	0	419	0	8	207	18
HSM6XRQS	0	0	0	0	0	0	0	0	0	533	0	1249	4446	1068	0	911	0	0	29	216	0	0	0	1525	0	0	8	0	14	2	0
HSM6XRQU	0	0	0	0	0	0	0	0	0	455	0	934	5241	760	0	1137	0	0	47	310	0	14	0	1088	0	0	10	0	4	0	0
HSM6XRQW	0	0	0	0	0	0	0	0	0	272	0	589	6350	136	0	1387	0	0	113	295	0	11	0	823	0	0	6	0	15	0	0
HSM6XRQY	0	0	0	0	0	0	0	0	0	1146	0	1444	4382	381	0	1254	0	0	35	163	0	66	0	1023	0	0	46	0	59	1	0
HSM6XRRJ	0	177	0	2	0	0	0	0	0	0	3904	873	4069	0	0	1	0	0	7	0	0	906	0	0	0	11	0	15	30	4	0
HSM6XRSX	195	96	0	0	536	0	14	2150	129	3	0	203	272	54	710	884	0	758	1218	454	0	1191	0	312	0	17	6	133	30	633	0
HSM6XRT8	343	410	1132	0	507	0	34	359	0	2	0	7	58	511	1198	268	0	1673	0	1	159	1959	472	0	860	0	6	0	11	30	0
HSM6XRTG	37	59	366	0	140	0	17	54	0	1	0	2	41	211	245	127	0	85	0	1	274	2054	180	0	6031	0	7	0	10	60	0
HSM6XRUL	0	4	2191	170	139	0	77	0	598	6	1003	447	1616	11	592	1673	0	11	1	193	30	419	1	325	0	168	0	0	48	74	203
HSM6XRUN	0	0	1132	81	139	0	150	0	320	0	1380	1022	822	0	465	1928	0	12	4	116	257	772	0	40	0	1125	2	0	6	36	190
HSM6XRUR	14	3	33	0	68	21	5	0	29	4	191	20	75	1	17	273	74	2	0	80	2	525	0	10	8352	0	64	0	6	92	40
HSM6XRVA	670	214	0	60	1	0	0	0	0	0	2722	306	3607	0	0	1	0	35	0	377	0	1794	0	0	2	0	0	162	15	33	0
HSM6XRVC	186	182	0	53	0	0	0	0	0	0	2636	652	1729	0	0	1	0	41	0	457	1	3955	0	0	0	10	1	65	11	21	0
HSM6XRVC_TR	217	123	0	20	0	0	0	0	0	0	1549	232	1201	0	0	0	0	124	0	267	0	6191	0	0	0	7	0	52	1	16	0
HSM6XRVK	24	51	0	17	0	0	0	0	0	0	1572	487	415	0	0	0	0	582	0	972	0	5146	0	0	0	187	265	91	82	108	0
HSM7CYXE	0	0	0	0	2060	0	0	0	0	3	0	1085	3805	0	1923	521	0	39	4	8	0	249	0	0	0	273	8	0	8	16	0
HSM7CYXG	0	0	0	0	1933	0	0	0	0	0	0	1001	3331	0	690	565	0	101	23	353	0	1522	0	0	0	20	168	0	96	195	0
HSM7CYXI	0	0	0	0	948	0	0	0	0	3	0	1156	4274	0	1677	1180	0	31	0	159	0	362	0	0	0	124	20	0	0	65	0
HSM7CYXO	0	0	0	0	950	0	0	0	0	0	1	1249	5381	0	1517	300	0	3	1	184	0	216	0	0	0	142	3	0	17	37	0
HSM7CYYF	0	0	0	0	1	0	0	0	0	0	1	2166	4847	0	3	952	0	0	257	393	0	0	0	1227	0	0	5	0	146	1	0
HSM7CYYH	0	0	0	0	0	0	0	0	0	0	0	1049	1929	0	0	2097	0	0	482	1372	0	1	0	2159	0	0	493	0	419	0	0
HSM7CYYP	1	0	0	0	0	0	0	0	0	1	0	1424	5010	0	0	1658	0	0	108	78	0	0	0	1684	0	0	11	0	25	0	0
HSM7CYZJ	7	532	568	447	1684	265	425	0	0	655	0	167	934	111	310	1	0	61	11	752	992	1069	99	455	0	51	8	68	117	211	0
HSM7CYZL	9	308	853	161	371	98	508	0	0	32	0	240	555	87	336	2	0	95	1	2371	1954	1165	43	486	1	64	23	111	61	67	0
HSM7CYZR	0	1055	760	486	766	414	1250	0	0	46	0	136	422	81	422	2	0	69	11	1099	838	923	154	723	0	27	16	106	59	137	0
HSM7CZ16	99	7	155	1	77	7	1	0	9	2	1004	24	92	0	83	451	40	0	28	936	8	1195	0	55	5452	0	46	0	187	38	5
HSM7CZ18	373	43	661	33	304	5	35	0	45	1	1642	43	140	0	62	1054	119	0	6	648	75	2727	0	358	1325	0	3	0	33	117	148
HSM7CZ1A	593	15	490	35	1084	40	278	0	114	45	993	164	115	5	89	1207	379	0	16	1456	1	1042	0	442	949	1	1	0	123	178	143
HSM7CZ1C	0	153	1946	271	1694	0	30	0	43	1	14	73	81	10	1246	644	923	0	2	342	201	1272	0	600	6	0	1	157	49	202	41
HSM7CZ1E	25	5	46	1	66	0	8	0	61	5	579	40	65	0	31	364	52	0	0	100	0	479	0	121	7805	0	13	0	16	42	76
HSM7CZ1G	174	16	184	13	111	0	28	0	59	1	701	22	79	0	102	518	120	0	1	594	247	1206	0	133	5462	0	1	0	62	127	39
HSM7CZ24	320	193	961	140	227	0	52	0	0	0	0	266	4315	123	594	1099	0	110	13	404	125	353	0	494	1	0	0	0	66	145	0
HSM7CZ26	431	206	1103	301	217	0	11	0	0	0	0	512	3913	152	1273	612	0	75	0	249	129	308	0	336	0	0	0	0	23	148	0
HSM7CZ28	755	227	1141	197	482	0	15	0	0	0	0	263	3103	139	342	1380	0	201	0	357	31	582	0	394	1	0	0	0	132	259	0
HSM7CZ2A	280	170	1925	188	325	0	21	0	0	0	0	305	3110	144	1346	1035	0	91	0	125	166	182	0	370	2	0	0	0	106	110	0
HSM7CZ2E	24	217	1278	93	458	0	30	0	0	1	1	438	2291	202	2072	1237	0	108	3	310	215	243	0	409	0	25	3	206	33	104	0
HSM7CZ2H	24	260	1493	0	526	0	8	779	209	6	1	333	1475	52	381	860	0	0	388	934	0	677	0	527	0	4	0	530	84	448	0
HSM7J4G1	4	58	178	24	2138	11	496	0	0	3330	0	12	583	15	62	5	0	7	110	997	262	313	166	297	7	8	19	18	718	162	0
HSM7J4G8	0	241	846	131	204	82	603	0	0	32	0	98	996	72	336	2	0	44	4	997	3345	993	112	521	0	172	17	42	43	66	0
HSM7J4HA	198	25	458	16	263	16	202	0	44	2	1238	131	47	0	183	908	179	0	10	176	33	2621	0	406	2591	69	2	0	40	115	28
HSM7J4HC	530	18	717	28	379	0	230	0	143	1	2752	94	208	0	58	1281	453	0	3	174	1	491	0	450	1849	6	2	0	33	34	65
HSM7J4HE	37	3	140	5	119	0	41	0	69	0	694	38	147	0	85	564	86	0	0	210	3	529	0	291	6858	0	3	0	13	39	27
HSM7J4HG	166	0	413	7	151	0	63	0	69	4	1478	12	129	0	163	1311	55	0	70	361	77	2511	0	799	1898	0	3	0	39	121	101
HSM7J4HI	262	21	461	19	286	9	181	0	209	2	2103	113	201	1	131	978	236	0	2	407	129	1610	0	357	1998	61	7	0	32	132	53
HSM7J4HK	978	38	671	104	252	318	178	0	173	0	2051	359	524	0	82	1157	465	0	20	158	295	1073	0	114	754	7	2	0	44	157	25
HSM7J4HW	149	437	1917	302	412	0	103	0	0	14	0	288	1759	215	1380	1094	0	86	7	80	164	193	1	684	0	7	0	481	102	127	0
HSM7J4HY	15	177	599	30	659	0	21	0	0	0	0	406	3376	270	2064	1211	0	44	0	359	55	158	0	441	0	3	9	25	2	73	0
HSM7J4I3	0	45	0	0	1986	0	0	0	0	0	0	872	2920	0	2093	526	0	64	8	24	0	806	0	0	0	518	24	0	13	99	0
HSM7J4I5	17	528	1553	389	330	0	22	0	0	0	0	328	2431	73	1574	1007	0	82	1	311	367	166	0	522	0	1	0	165	50	83	0
HSM7J4I7	49	426	3125	198	198	0	26	0	0	1	0	580	1540	131	976	910	0	187	1	61	148	338	0	532	0	1	5	316	77	171	0
HSM7J4I9	162	349	3224	335	225	0	32	0	0	0	0	405	857	202	929	566	0	170	0	179	78	487	0	839	0	5	2	635	66	253	0
HSM7J4IU	3	368	857	186	711	81	724	0	0	45	0	86	1014	87	326	3	0	78	7	945	1280	1970	156	762	0	78	15	108	29	79	0
HSM7J4IW	9	444	991	194	217	220	591	0	0	10	0	237	525	76	600	2	0	51	10	1388	1932	1483	114	560	0	203	17	43	23	59	0
HSM7J4KC	3	2	98	13	99	0	24	0	95	66	474	57	122	0	27	385	73	0	66	167	6	695	1	97	7241	0	0	0	26	55	108
HSM7J4KG	97	5	818	12	139	1	30	0	185	0	1492	27	177	0	82	712	114	0	0	259	5	1276	0	240	3785	135	64	0	28	71	245
HSM7J4KI	1231	19	648	23	573	70	136	0	152	854	1084	207	206	0	176	1000	267	0	27	121	57	2046	0	637	40	20	7	0	90	157	152
HSM7J4KK	206	9	528	59	1532	13	165	0	120	1923	971	77	315	0	177	904	636	0	118	724	40	476	0	436	114	0	0	0	156	195	104
HSM7J4KM	0	0	150	9	485	2	64	0	109	27	854	18	73	0	52	589	106	0	92	677	1	2941	0	119	2687	0	293	0	215	283	155
HSM7J4KO	0	113	0	0	2310	0	0	0	0	1	1	622	3404	0	911	589	0	141	143	6	0	1316	0	0	0	341	19	0	34	52	0
HSM7J4KQ	0	258	0	0	1294	0	0	0	0	0	0	597	3728	0	1289	269	0	42	10	396	0	1763	0	0	0	265	25	0	7	59	0
HSM7J4LD	0	0	0	0	0	0	0	0	0	0	0	2172	5107	0	0	904	0	0	83	640	0	1	0	1024	1	31	2	0	34	0	0
HSM7J4LF	0	0	0	0	0	0	0	0	0	0	0	1896	3443	0	0	1885	0	0	429	85	0	1	0	2256	0	0	0	0	4	0	0
HSM7J4LH	0	0	0	0	0	0	0	0	0	0	0	0	0	0	0	0	0	0	0	0	0	10000	0	0	0	0	0	0	0	0	0
HSM7J4LN	0	0	0	0	0	0	0	0	0	0	0	1131	2396	0	0	1615	0	0	72	2298	0	689	0	1554	0	27	0	0	187	31	0
HSM7J4NY	46	233	1207	431	267	0	42	0	0	32	0	316	1587	109	1365	1375	0	180	0	965	237	215	2	364	1	0	3	885	21	117	0
HSM7J4O1	22	251	1322	191	1078	0	466	0	0	0	0	224	2678	296	947	745	0	45	3	241	114	438	0	393	0	0	0	257	40	246	0
HSM7J4O3	7	599	1770	464	699	0	208	0	0	6	0	279	1926	89	1370	826	0	75	2	78	79	173	0	568	0	0	0	505	116	162	0
HSM7J4O5	4	424	1126	90	240	0	60	0	0	0	0	502	3240	230	1794	637	0	6	7	4	394	386	0	382	0	0	0	62	270	141	0
HSM7J4O7	0	269	1011	215	604	0	89	0	0	0	0	209	2921	57	476	855	0	112	0	1183	190	386	0	319	0	0	1	529	369	204	0
HSM7J4O9	0	205	890	234	511	0	47	0	0	0	1	451	1849	126	1138	1167	0	143	0	556	456	645	0	463	0	0	0	642	179	297	0
HSM7J4QZ	19	236	0	109	0	0	0	0	0	0	2032	335	1505	0	1	1	0	118	0	990	25	2954	0	0	0	536	88	624	187	240	0
HSM7J4R2	20	146	0	59	0	0	0	0	0	0	3930	253	3042	0	0	0	0	21	0	372	0	1823	0	0	0	97	65	90	43	40	0
HSM7J4RE	5	459	1084	271	315	350	884	0	0	15	0	80	514	98	875	4	0	91	2	731	1674	987	193	998	0	171	17	62	31	90	0
HSMA33J3	0	12	551	82	0	0	14	0	0	0	0	346	285	73	105	539	176	0	156	147	0	728	0	284	5951	93	48	0	75	35	298
HSMA33J5	0	6	342	29	0	0	0	0	0	0	0	268	134	21	113	243	31	0	29	316	0	3350	0	89	4839	11	5	0	17	17	140
HSMA33J7	0	214	1929	124	0	0	6	0	0	0	0	237	1274	349	206	669	338	0	67	44	0	2132	0	1091	690	3	17	0	47	102	461
HSMA33J9	0	91	662	50	0	0	4	0	0	0	0	168	806	130	379	714	268	0	448	963	0	3717	0	430	208	28	146	0	169	236	380
HSMA33MS	1	69	447	80	0	0	8	0	0	0	0	275	164	74	206	459	154	0	0	286	0	1344	0	447	5349	167	61	0	60	78	270
HSMA33NY	0	68	643	56	0	0	7	0	0	0	0	185	1171	140	142	817	120	0	712	563	0	2207	2	475	1908	98	36	0	99	118	434
HSMA33QM	1359	32	728	264	0	0	2	0	0	0	0	126	423	109	566	654	203	0	163	579	0	3301	3	537	125	27	43	0	74	110	574
HSMA33QO	27	3	580	84	0	0	4	0	0	0	0	136	198	86	71	309	97	0	4	51	0	817	0	197	7122	71	13	0	49	31	51
HSMA33SE	0	8	999	163	0	0	3	0	0	18	0	170	696	85	284	701	155	0	135	913	0	2719	1	642	1515	93	65	0	103	161	371
HSMA33SG	0	14	672	145	0	0	2	0	0	83	0	158	426	192	631	567	311	0	1037	744	0	2943	0	378	409	371	399	0	137	170	210
HSMA33SI	0	77	249	42	0	0	0	0	0	1403	0	32	487	65	110	382	125	0	1590	2376	0	1499	0	68	14	112	69	0	343	722	235
HSMA33SK	0	136	728	246	0	0	0	0	0	0	0	221	372	117	99	875	227	0	4	1361	0	3708	0	447	372	1	312	43	245	106	380
MSM6J2HN	0	47	438	4	149	276	0	0	0	84	0	16	3541	48	1718	1016	121	0	0	519	0	856	64	425	0	501	18	47	10	102	0
MSM6J2HP	0	377	448	8	257	377	0	0	0	33	0	180	1429	67	2477	310	131	0	0	19	0	1921	235	551	0	112	20	70	83	896	0
MSM6J2HR	0	243	661	25	281	260	0	0	0	47	0	15	3477	55	2363	720	258	0	0	316	0	632	28	286	0	216	15	35	21	47	0
MSM6J2HT	0	216	903	17	772	146	0	0	0	103	0	25	2635	121	3126	929	483	0	0	7	0	61	42	339	0	15	1	8	26	26	0
MSM6J2JN	2982	31	0	0	510	0	0	0	0	38	0	1103	0	142	2546	1504	0	205	8	184	0	184	0	396	0	18	15	15	3	115	0
MSM6J2JP	6761	89	0	0	405	0	0	0	0	25	0	135	0	77	1427	396	0	91	36	76	0	24	0	239	0	0	1	41	22	155	0
MSM6J2JR	3326	75	0	0	3495	0	0	0	0	173	0	140	0	62	558	835	0	139	18	314	0	42	0	395	0	7	15	199	17	190	0
MSM6J2JT	2121	779	0	0	301	0	0	0	0	3	0	397	0	102	4087	378	0	173	0	237	0	22	0	713	0	34	16	352	68	216	0
MSM6J2JZ	0	8	174	91	166	29	105	29	0	235	585	21	0	136	110	411	499	0	3	151	108	304	0	0	6125	49	63	14	9	376	199
MSM6J2K2	1	10	154	98	132	21	76	19	0	145	395	16	0	38	89	221	459	0	0	205	87	363	0	0	6846	76	61	22	10	327	129
MSM6J2K4	0	23	646	241	321	124	245	41	0	248	969	92	0	170	205	630	578	0	0	381	19	414	0	0	3966	127	104	2	24	137	290
MSM6J2K6	1	12	280	163	316	43	84	34	0	83	642	75	0	78	147	552	467	0	0	164	201	223	0	0	5885	143	66	25	28	154	132
MSM6J2K8	0	19	509	358	752	73	185	39	0	195	588	55	0	151	166	703	1522	0	0	649	214	1715	0	0	815	233	311	60	168	313	208
MSM6J2KA	1	19	483	270	417	183	154	43	0	200	603	19	0	144	423	644	933	0	5	494	254	608	0	0	2729	223	303	22	124	465	238
MSM6J2LV	1870	617	0	0	1512	0	0	0	0	497	0	675	0	420	891	1372	0	278	140	155	0	31	0	1101	0	5	6	24	49	356	0
MSM6J2LW	230	199	222	56	98	7	18	23	447	0	96	124	501	109	809	235	38	2	31	433	1145	4277	40	32	0	0	0	29	44	531	222
MSM6J2LY	203	301	924	170	88	25	44	50	373	0	63	329	2489	51	1333	488	765	6	84	100	255	1089	100	25	0	67	0	8	13	206	350
MSM6J2M3	22	126	746	75	138	4	18	4	522	0	30	191	614	21	749	314	310	50	0	875	1609	2783	82	22	53	1	11	36	107	375	112
MSM6J2PO	0	0	107	4	92	0	0	1589	6	0	0	7	369	39	1319	1267	6	0	0	163	4	2571	3	607	0	89	295	0	186	1278	0
MSM6J2PS	0	18	227	36	363	2	0	1528	11	0	0	27	189	15	1164	647	71	0	0	193	13	3416	44	677	0	49	83	3	84	1140	0
MSM6J2PU	0	0	64	0	116	0	0	804	0	0	0	21	177	9	671	889	16	0	0	330	0	3248	0	409	0	110	144	3	210	2779	0
MSM6J2PW	0	2	51	3	143	0	0	706	0	0	0	31	177	21	624	1356	9	0	0	733	1	3701	3	434	0	364	193	2	69	1375	0
MSM6J2Q1	25	54	755	266	125	0	12	23	381	0	24	171	1248	30	3217	202	280	15	0	217	85	2204	10	60	0	24	0	18	49	343	160
MSM6J2QF	0	371	916	37	315	108	0	0	0	131	0	12	3288	62	2297	1243	292	0	0	27	0	337	28	361	0	122	12	17	2	21	0
MSM6J2QH	0	138	401	9	104	245	0	0	0	113	0	29	2121	144	1964	1659	227	0	0	100	0	1704	35	166	0	474	166	63	21	117	0
MSM6J2QJ	0	95	261	7	134	117	0	0	0	42	0	11	1392	45	974	832	104	0	1	126	0	4539	33	144	0	430	71	209	38	396	0
MSM6J2QL	0	128	546	11	469	222	0	0	0	83	0	41	3126	72	1951	969	252	0	0	148	0	761	100	266	0	656	80	25	12	83	0
MSM6J2QP	0	268	841	27	425	377	0	0	0	121	0	33	2075	283	2341	1709	387	0	0	29	0	580	73	201	0	145	10	19	2	53	0
MSM6J2RK	2	12	364	131	109	20	357	32	0	120	809	10	0	112	227	757	960	0	0	295	1145	461	0	0	2768	167	134	122	43	595	245
MSM6J2RM	0	10	165	63	0	0	4	0	0	0	388	649	4715	43	859	486	40	0	12	506	65	1409	1	68	167	1	55	0	0	125	169
MSM6J2RO	0	14	242	136	222	23	99	14	0	92	346	43	0	88	130	354	674	0	2	298	18	400	0	0	6235	78	46	45	29	225	147
MSM6J2RQ	0	36	289	204	284	244	249	50	0	167	701	34	0	116	132	522	933	0	0	296	38	729	0	0	3660	133	284	66	63	461	309
MSM6J2RS	0	3	154	30	57	1	45	8	0	12	170	52	0	4	84	134	215	0	0	53	17	84	0	0	8685	17	10	4	9	48	101
MSM6J2RU	1	22	670	229	537	11	180	61	0	93	819	74	0	39	115	443	965	0	15	1233	245	687	0	0	2577	194	116	34	83	295	262
MSM6J2SE	1517	650	0	0	1064	0	0	0	0	379	0	565	1	75	1457	1572	0	66	92	531	0	31	0	1201	0	2	1	331	63	401	0
MSM6J2SI	1281	639	0	0	518	0	0	0	0	228	0	956	0	213	1501	2188	0	235	16	556	0	59	0	791	0	27	0	348	87	359	0
MSM6J2SK	64	152	0	0	396	0	0	0	0	80	0	969	0	185	2117	4799	0	76	0	183	0	60	1	867	0	9	7	6	9	21	0
MSM79H54	122	206	1171	425	395	0	18	0	0	0	0	152	0	4	66	89	1622	0	2	75	624	74	524	0	0	0	0	3787	99	544	0
MSM79H58	754	84	605	148	532	0	46	0	0	0	0	156	0	24	19	111	812	0	12	445	384	117	282	0	0	0	0	4437	367	664	0
MSM79H5A	703	94	701	191	260	0	27	0	16	0	0	285	18	27	19	57	1149	0	1	165	476	110	254	7	0	0	0	4666	206	568	0
MSM79H5E	63	62	793	182	342	9	0	13	49	0	1793	105	138	172	68	1130	1064	0	8	85	0	734	122	328	1730	28	37	0	84	392	470
MSM79H5G	71	30	530	133	220	0	0	30	17	0	1705	29	91	132	189	1207	374	0	0	278	0	1751	122	207	2181	7	61	0	71	564	0
MSM79H5K	109	49	1223	309	288	20	0	61	11	0	1040	70	107	73	46	1280	1483	0	0	477	0	1099	130	343	418	82	111	0	165	1006	0
MSM79H5M	145	34	1042	260	357	4	1	41	28	0	1384	98	124	53	181	1057	941	0	131	549	0	1233	75	183	824	36	49	0	285	886	0
MSM79H5Q	0	188	647	32	323	319	0	0	0	86	0	74	2601	95	3851	349	299	0	0	34	0	550	67	200	0	181	10	11	16	66	0
MSM79H5S	0	109	595	7	780	134	0	0	0	151	0	34	1942	159	2289	598	139	0	18	750	0	1059	113	663	0	64	101	82	64	148	0
MSM79H5U	0	193	614	31	160	270	0	0	0	68	0	17	1900	85	2994	95	186	0	0	71	0	2114	57	327	0	299	50	76	43	349	0
MSM79H5Y	0	401	957	24	293	306	0	0	0	56	0	17	1423	155	1959	1135	14	0	0	107	0	1580	225	700	0	378	39	61	29	141	0
MSM79H6D	0	13	371	259	290	18	118	93	0	119	1054	204	0	138	150	664	670	0	10	1535	206	767	4	0	1843	108	491	82	65	494	232
MSM79H6F	0	55	590	485	685	100	320	126	0	290	646	276	0	276	344	581	1612	0	0	149	27	1443	12	0	760	30	368	17	70	426	309
MSM79H6H	0	15	232	266	141	541	151	29	0	214	794	26	0	93	222	290	1066	0	0	274	8	354	0	0	4732	72	96	69	36	123	155
MSM79H6J	0	15	276	241	124	568	217	79	0	381	1113	2	0	123	127	403	1145	0	0	255	117	1224	0	0	2543	98	257	36	84	378	192
MSM79H6L	11	40	264	291	279	786	190	39	0	493	1163	12	0	293	451	249	1230	0	4	51	66	569	0	0	2694	70	93	17	16	439	190
MSM79H6N	6	59	229	331	1392	666	209	31	0	593	841	12	0	95	174	488	1024	0	13	112	150	779	1	0	2103	55	56	13	62	354	152
MSM79H6Y	34	100	557	42	64	40	12	109	241	0	65	20	0	77	2394	443	260	0	2	1603	1622	1461	155	13	1	106	1	41	42	416	80
MSM79H7O	0	82	258	131	299	8	0	977	21	0	0	24	206	58	1500	623	112	0	0	34	11	4303	8	452	0	66	7	1	22	713	83
MSM79H7Q	0	54	300	85	456	3	0	1221	5	0	0	100	229	49	973	983	142	0	0	263	31	3371	0	571	1	277	135	2	32	586	128
MSM79H7W	0	15	145	33	244	7	0	2322	35	0	0	39	163	47	1417	397	52	0	1	772	5	3103	1	409	0	108	124	1	62	499	0
MSM79H7Y	0	78	387	103	550	2	0	1310	15	0	0	10	250	44	1209	488	136	0	0	936	25	3209	1	419	2	13	29	1	81	701	0
MSM79H81	91	0	2171	740	0	0	2087	0	0	0	0	0	0	914	1	1	0	99	0	1530	6	1510	0	0	0	758	17	0	16	59	0
MSM79H83	171	0	1316	381	0	0	3047	0	0	0	0	0	0	2458	0	0	0	118	0	264	1	1963	0	0	0	131	74	0	20	58	0
MSM79H85	32	0	1890	248	0	0	2456	0	0	0	0	0	0	1861	0	0	0	39	0	621	40	1323	0	0	0	1349	84	0	23	34	0
MSM79H87	353	0	1354	359	0	0	2525	0	0	0	0	0	0	3486	0	0	0	21	0	136	804	570	0	0	0	305	29	0	23	34	0
MSM79H89	2104	0	1238	242	0	0	1785	0	0	0	0	0	0	1136	0	0	0	313	19	878	131	924	0	0	0	772	193	0	36	229	0
MSM79H8B	524	0	1457	485	0	0	2434	0	0	0	0	0	0	1560	0	0	0	106	1	348	194	585	0	0	0	2076	125	0	17	89	0
MSM79H8D	0	591	1035	118	0	0	576	279	209	0	756	512	0	0	2412	1	395	0	0	512	3	523	593	781	0	0	28	55	39	404	178
MSM79H8F	0	46	41	50	0	0	836	208	103	0	1766	3345	0	1	1488	0	473	0	0	277	0	130	875	146	0	0	1	0	11	61	144
MSM79H8H	0	325	1865	97	0	0	248	841	288	0	596	239	1	0	844	0	450	0	0	982	16	1265	331	343	0	0	22	90	91	960	105
MSM79H8L	0	390	1215	223	0	0	743	111	14	0	1784	965	0	1	1630	1	822	0	32	123	7	104	621	759	0	0	0	0	44	184	226
MSM79H8N	0	211	215	33	0	0	605	1131	298	0	247	251	1	0	1197	0	130	0	0	505	1	2626	142	174	0	0	4	19	29	2047	133
MSM79H9A	925	186	797	295	1435	2	29	0	0	0	0	142	0	43	20	201	1061	0	28	127	248	73	687	0	0	0	0	2982	116	605	0
MSM79H9C	455	28	373	116	1100	108	35	0	0	0	0	146	0	40	29	101	823	0	74	144	432	74	397	0	0	0	0	4508	275	744	0
MSM79H9G	1	87	777	281	586	52	15	0	0	0	0	110	0	16	40	39	1173	0	11	294	947	55	510	0	0	0	0	3867	222	916	0
MSM79H9K	59	83	621	190	366	135	34	0	0	0	0	421	0	32	14	88	888	0	11	51	2135	99	207	0	0	0	0	2980	385	1201	0
MSM79H9M	9	44	420	76	164	0	1	10	17	0	879	52	70	99	74	904	291	0	7	15	0	1726	46	145	3909	344	129	0	64	507	0
MSM79H9Q	24	3	74	7	123	6	3	20	21	0	1219	38	115	86	92	1034	50	0	93	7	0	1217	34	79	4733	25	135	0	400	359	0
MSM79H9W	49	17	848	230	251	212	1	32	11	0	1396	92	41	204	189	1068	817	0	14	316	0	1642	94	374	965	51	212	22	140	713	0
MSM79H9Y	5	72	318	204	737	275	1014	37	0	312	1009	6	0	61	168	340	815	0	4	2	15	1509	3	0	1953	74	61	18	27	539	420
MSM79HA1	4	32	236	176	328	208	452	29	0	192	1050	39	0	16	235	326	537	0	0	150	682	706	1	0	3675	206	68	14	14	333	287
MSM79HA3	4	19	127	186	287	72	154	28	0	115	345	15	0	11	115	199	716	0	0	21	261	208	10	0	6555	109	55	13	11	187	175
MSM79HA7	2	18	221	128	676	114	318	31	0	129	968	36	0	42	201	671	625	0	0	217	1372	453	4	0	2637	189	132	0	26	600	190
MSM79HAH	213	115	416	11	199	164	0	0	0	89	0	16	2204	140	2558	2010	12	0	0	46	0	919	48	212	0	280	1	149	39	158	0
MSM79HB6	2119	652	0	0	1310	0	0	0	0	363	0	370	0	39	2173	1184	0	143	194	117	0	79	1	640	0	16	22	123	53	401	0
MSM79HBB	85	75	306	28	33	17	14	121	157	0	78	41	0	98	2025	227	52	2	0	585	1200	4068	81	22	0	149	0	38	58	304	136
MSM79HBL	0	108	1999	254	145	11	38	249	570	0	481	164	0	150	2151	313	591	0	0	456	121	1738	25	5	9	69	0	75	56	156	67
MSM79HC4	0	4	104	9	151	0	0	824	3	3	0	20	159	18	791	834	10	0	0	503	5	4057	6	356	0	268	150	3	81	1466	173
MSM79HC8	0	25	134	19	201	2	0	1030	4	0	0	36	103	17	1249	478	55	0	14	175	4	4608	1	658	0	50	64	3	46	949	78
MSM79HCG	14	0	1593	200	0	0	2478	0	0	0	0	0	0	3086	0	0	0	121	0	344	0	1910	0	0	0	148	76	0	19	10	0
MSM79HCI	1931	0	1834	378	0	0	2359	0	0	0	0	0	0	2035	0	2	0	55	0	19	0	1212	0	0	0	2	135	0	9	30	0
MSM79HCK	417	0	3115	621	0	0	2107	0	0	0	0	0	0	2388	0	2	0	157	0	211	0	863	0	0	0	0	30	0	0	89	0
MSM79HCP	1018	0	2649	416	0	0	1714	8	0	0	1	1	0	2485	2	0	0	95	0	393	0	974	0	0	0	26	98	0	16	103	0
MSM79HCR	12	0	588	125	0	0	7305	0	0	0	0	0	0	1160	0	1	0	19	14	268	0	390	0	0	0	92	20	0	0	7	0
MSM79HES	1010	230	0	0	1182	0	0	0	0	467	0	309	0	179	1471	1892	0	42	516	476	0	23	0	938	0	5	25	287	269	679	0
MSM79HEU	4529	563	0	0	292	0	0	0	0	64	0	184	0	124	1542	1453	0	71	10	227	0	31	0	645	0	25	23	23	6	189	0
MSM79HEW	5291	589	0	0	486	0	0	0	0	182	0	117	0	86	892	667	0	179	67	236	0	26	0	621	0	21	7	73	19	442	0
MSM79HEY	29	66	0	0	453	0	0	5	0	74	0	866	0	142	1502	4781	0	81	0	915	0	245	1	712	0	41	14	6	19	47	0
MSM79HFW	0	99	934	213	231	38	18	604	376	0	233	85	0	117	3497	374	353	0	0	206	234	1663	34	10	0	38	0	18	62	443	120
MSM79HFY	0	159	1222	207	166	30	13	492	527	0	192	43	0	110	3440	325	782	0	0	232	356	1255	52	14	0	39	0	21	21	242	59
MSM9VZF7	0	82	944	283	621	949	14	0	0	0	0	596	0	5	54	75	1423	0	0	91	1705	94	585	0	0	0	0	1918	107	453	0
MSM9VZFF	564	71	375	159	293	300	14	0	0	27	0	803	0	1	38	73	586	0	6	59	4287	41	156	0	0	0	0	1059	100	988	0
MSM9VZFH	423	85	533	266	291	197	49	0	0	51	0	821	0	12	42	148	1034	0	11	1343	20	211	259	0	0	0	0	3003	234	967	0
MSM9VZFL	0	0	1335	220	496	515	0	0	0	1	0	192	0	220	958	1806	229	0	0	1312	0	1025	1	986	0	195	43	0	10	103	353
MSM9VZFN	0	0	964	220	1323	307	1	0	0	5	0	566	0	376	649	2455	292	0	36	516	0	875	1	852	0	46	27	0	54	146	288
MSM9VZFR	0	0	891	220	803	284	0	0	0	0	0	838	0	431	703	3367	273	0	5	334	0	891	2	430	0	65	33	0	21	115	293
MSM9VZFT	0	0	1089	146	377	346	0	0	0	0	0	972	0	116	598	1457	114	0	0	1675	0	1464	0	843	0	190	47	0	92	334	141
MSM9VZGO	2	4	253	34	224	0	0	68	17	0	460	31	201	37	97	537	87	0	112	968	0	3118	75	77	1452	88	792	243	94	929	0
MSM9VZGS	23	6	460	44	122	1	0	20	8	0	676	11	61	20	365	277	197	0	517	966	0	2464	48	38	717	29	264	69	442	2155	0
MSM9VZGU	161	1	265	50	190	2	0	50	3	0	753	20	22	34	391	617	261	0	21	2282	0	1676	58	66	1242	21	75	0	398	1341	0
MSM9VZGW	0	40	221	11	0	0	314	414	130	0	263	86	0	0	540	1	43	0	0	511	1	3592	68	45	0	0	13	218	84	3187	217
MSM9VZGY	0	105	384	12	0	0	589	1545	242	0	547	389	1	0	1557	4	72	0	0	1136	31	1381	366	160	0	0	8	30	108	1205	128
MSM9VZH7	0	34	356	11	0	0	307	805	218	0	384	188	1	0	879	0	55	0	0	733	16	3150	155	77	0	0	73	89	49	2252	170
MSM9VZHB	145	0	15	0	155	0	0	3	1	0	526	0	78	14	102	862	46	0	1107	10	0	56	14	12	2538	25	3127	0	836	326	0
MSM9VZHF	1670	9	225	11	196	41	0	13	12	24	536	26	336	35	370	266	298	0	0	265	0	1729	55	58	640	136	804	0	1126	1120	0
MSM9VZHJ	0	0	941	30	0	0	1902	0	0	0	0	0	0	1775	0	1	0	192	0	679	0	4270	0	0	0	0	93	11	16	89	0
MSM9VZHL	0	0	522	150	0	0	1077	0	0	0	0	0	0	617	8	0	0	842	0	561	0	5619	0	0	0	3	117	13	158	313	0
MSM9VZHN	0	0	935	286	0	0	2372	4	0	0	2	1	0	877	5	0	0	143	4	1051	0	4109	0	0	0	3	64	50	34	58	0
MSM9VZHP	0	0	626	67	0	0	843	0	0	0	0	0	0	529	0	0	0	425	0	1476	0	5805	0	0	0	4	75	23	9	119	0
MSM9VZHR	0	0	590	90	0	0	1096	0	0	0	0	0	0	565	0	1	0	174	23	3375	0	3835	0	0	0	1	110	36	34	69	0
MSM9VZHT	0	0	591	39	0	0	982	0	0	0	0	0	0	741	0	3	0	986	0	1259	0	4680	0	0	0	2	258	344	22	93	0
MSM9VZHX	0	0	1214	175	0	1122	3	0	0	648	0	0	0	1531	362	3794	0	445	19	0	0	292	85	0	0	0	0	0	19	291	0
MSM9VZHZ	0	0	919	54	0	3030	1	0	0	693	0	0	0	330	199	1519	0	1997	45	0	0	29	104	0	0	0	0	0	417	663	0
MSM9VZI2	0	0	1265	170	0	3595	2	0	0	281	0	0	0	702	295	2388	0	594	20	0	0	424	98	0	0	0	0	0	19	146	0
MSM9VZI6	0	17	200	202	16	68	260	0	42	5	63	0	6	682	138	3719	31	0	0	31	183	3133	110	24	0	102	1	4	189	749	24
MSM9VZJZ	0	186	475	35	0	0	325	3521	320	1	520	554	2	0	1147	0	119	0	0	519	8	665	441	211	0	0	20	42	53	730	107
MSM9VZKC	0	0	1226	191	1053	335	1	0	0	0	0	134	0	48	538	817	189	0	9	1190	0	2792	0	562	0	24	7	0	258	488	137
MSM9VZKE	0	0	1185	116	478	602	1	0	0	0	0	466	0	185	757	2073	94	0	0	434	0	1402	1	945	0	650	57	0	66	322	164
MSM9VZKI	100	0	1044	238	269	691	1	0	0	1	0	231	0	291	994	1956	211	0	0	792	0	1668	1	707	0	49	147	0	71	330	210
MSM9VZL5	0	143	462	16	171	0	271	0	20	0	0	276	1331	119	1987	415	137	40	0	831	0	1524	0	553	0	1491	81	0	27	50	57
MSM9VZL7	0	75	364	62	54	683	590	0	407	0	400	0	139	0	832	169	221	0	0	111	2395	2425	0	110	0	681	38	5	22	138	77
MSM9VZL9	0	30	377	41	34	230	637	0	948	0	348	0	260	0	820	207	238	0	3	372	582	3377	0	108	0	933	64	9	42	58	284
MSM9VZLB	0	33	405	45	142	501	386	0	592	1	483	0	359	0	845	241	271	0	1	722	744	3082	0	177	0	508	91	33	32	113	193
MSM9VZLD	0	128	410	57	33	575	732	0	349	0	466	0	140	0	1079	170	263	0	0	285	1278	1830	0	108	0	1667	45	2	34	209	138
MSM9VZLF	0	51	342	24	42	286	289	0	179	0	439	0	86	0	1117	73	208	0	0	2056	598	2929	0	175	0	673	19	44	42	125	203
MSM9VZLH	0	118	328	41	12	620	594	0	259	0	345	0	96	2	1280	177	200	0	1	490	1049	2343	0	186	0	1079	63	26	46	372	273
MSM9VZLJ	75	34	567	85	264	0	0	12	0	0	817	8	80	37	86	546	440	0	0	756	0	3152	94	180	260	23	474	0	574	1435	0
MSM9VZMA	0	0	564	50	0	2071	2	0	0	973	0	0	0	884	212	2226	0	1003	21	0	0	1781	64	0	0	3	0	0	17	129	0
MSM9VZMA_TR	0	0	789	81	0	2263	1	0	0	901	0	0	0	1120	295	2080	0	677	29	0	0	1517	105	0	0	0	0	0	11	133	0
MSM9VZMC	0	0	892	145	0	1106	2	0	0	625	0	0	0	1605	233	3093	0	434	3	0	0	1713	66	0	0	0	0	0	20	65	0
MSM9VZME	0	0	940	137	0	2615	2	0	0	290	0	0	0	1594	382	2067	0	730	1	0	0	718	92	0	0	0	0	0	65	367	0
MSM9VZMI	0	0	875	200	0	2721	2	0	0	1726	0	0	0	882	127	2981	0	204	136	0	0	67	49	0	0	0	0	0	0	30	0
MSM9VZMM	0	132	384	121	82	1114	578	0	538	0	951	0	1167	0	2434	710	367	0	1	14	113	891	0	76	0	92	16	7	17	70	126
MSM9VZMO	0	529	1137	230	60	999	922	0	400	0	868	0	210	0	1266	253	883	0	4	171	494	979	0	98	0	106	2	3	16	188	179
MSM9VZMS	0	315	1089	180	69	802	944	0	520	0	1041	0	306	1	1204	282	573	0	0	274	672	1029	0	194	0	222	5	25	11	105	137
MSM9VZMU	0	257	959	157	54	1108	716	0	454	0	722	0	420	0	1383	262	683	0	1	193	617	1242	0	188	0	224	8	29	10	119	193
MSM9VZMW	0	682	1629	627	41	940	451	0	165	0	877	0	154	0	1150	169	842	0	5	212	713	653	0	57	0	102	2	6	15	69	438
MSM9VZNH	0	0	40	5	170	0	0	859	9	0	0	53	62	21	473	665	10	0	73	138	0	3872	0	185	0	197	397	7	104	2659	0
MSM9VZNH_TR	0	0	45	1	129	0	0	818	4	0	0	39	65	27	549	609	15	0	82	112	0	3867	0	185	0	184	337	1	92	2841	0
MSM9VZNL	5	10	131	23	317	25	0	827	11	3	0	36	150	39	1416	348	73	0	4	273	3	3512	9	499	0	26	191	86	193	1792	0
MSM9VZOG	946	1	347	89	0	0	1202	0	0	0	1	1	0	2337	4	0	0	10	0	67	136	808	0	1	0	3924	16	0	30	81	0
MSM9VZOI	2248	0	1467	76	0	0	2328	0	0	0	0	0	0	2613	0	0	0	167	12	51	0	358	0	0	0	460	170	0	30	21	0
MSM9VZOK	312	0	408	67	0	0	4326	0	0	0	0	0	0	778	1	1	0	520	0	236	0	2196	0	0	0	924	110	0	65	54	0
MSM9VZOM	569	0	1998	323	0	0	2834	0	0	0	0	0	0	2322	0	1	0	119	0	582	0	708	0	0	0	248	164	23	19	91	0
MSM9VZOO	0	0	1441	14	0	0	1923	0	0	0	0	0	0	3802	0	1	0	572	16	345	0	1200	0	0	0	44	622	0	0	19	0
MSM9VZOQ	0	0	684	90	0	0	1981	0	0	0	0	0	0	2277	0	2	0	1123	0	170	0	1647	0	0	0	1884	51	0	27	66	0
MSM9VZPT	45	111	969	392	510	82	66	0	0	68	0	580	0	18	59	194	1177	0	49	595	486	381	497	0	0	0	0	1875	689	1156	0
MSMA26BB	0	148	524	41	43	866	422	0	279	0	504	0	191	0	1211	154	271	0	0	239	2205	1751	0	147	0	687	34	12	16	126	129
MSMA26BD	0	169	704	111	30	595	518	0	282	0	702	0	221	0	835	225	381	0	0	161	915	2578	0	114	0	982	24	61	36	228	126
MSMA26BF	0	158	371	61	42	1001	785	0	250	0	581	0	7	0	898	208	466	0	0	698	647	2963	0	143	0	325	34	29	23	179	131
MSMA26BH	0	285	594	82	47	1101	575	0	315	0	991	0	41	0	881	234	544	0	0	101	1804	1837	0	161	0	95	14	11	6	192	90
MSMA26BJ	0	66	341	33	28	403	487	0	331	0	439	0	43	0	825	178	240	0	1	569	1682	2568	0	116	0	1104	84	206	16	119	121
MSMA26BL	0	25	568	48	583	160	1107	1	1318	0	617	0	36	0	1182	348	167	0	14	647	1	2501	0	185	0	11	79	0	75	46	281
MSMA26BN	555	0	662	126	71	661	0	0	0	0	0	181	0	23	429	681	166	0	0	1356	1	3820	0	459	0	97	14	0	58	406	236
MSMA26BR	503	0	1013	226	219	370	1	0	0	0	0	364	0	175	635	1332	342	0	0	1402	0	2208	0	413	0	106	21	0	70	375	222
MSMA26BT	4	0	911	98	316	567	0	0	0	0	0	752	0	323	624	2237	174	0	0	482	30	1681	0	1213	0	80	23	0	16	202	267
MSMA26BV	334	0	683	113	95	555	0	0	0	0	0	56	0	47	346	799	146	0	0	2470	0	3368	0	219	0	65	12	0	120	440	132
MSMA26BX	671	0	1238	128	183	586	1	0	0	0	0	135	0	61	1076	1802	166	0	0	688	0	1177	1	957	0	290	5	0	56	386	392
MSMA26DG	0	223	735	48	92	0	92	0	18	0	0	24	974	69	1184	629	332	41	0	126	0	5186	0	88	0	0	2	0	5	32	98
MSMA26DI	0	64	280	17	110	0	273	0	17	0	0	40	1106	98	1419	289	185	61	0	1976	1	3631	0	154	0	0	29	0	94	54	101
MSMA26DK	0	396	582	35	230	0	349	0	36	0	0	169	1515	168	2170	353	593	134	0	381	4	2036	0	620	0	0	18	0	11	75	124
MSMA26DM	0	138	413	19	256	0	194	0	25	0	0	96	2169	94	1529	635	174	257	5	1014	4	1413	0	617	0	787	1	0	16	53	92
MSMA26DO	0	35	114	5	146	0	605	0	19	0	0	145	874	76	1265	819	110	218	0	2606	0	2382	0	203	0	0	48	0	43	45	244
MSMAPC5H	0	180	839	77	270	0	1477	0	105	0	0	359	713	447	2620	589	297	116	0	221	0	901	74	518	0	0	0	0	11	58	129
MSMAPC5L	0	134	486	53	436	0	1974	0	44	0	0	115	1190	257	2002	586	151	239	0	112	0	1430	164	252	0	103	3	0	28	89	152
MSMAPC6K	0	110	322	51	130	562	502	0	401	0	449	0	61	1	857	219	256	0	7	259	1390	3088	0	193	0	655	55	46	80	136	172
MSMAPC6M	0	57	420	37	69	418	300	0	315	0	361	0	44	0	641	208	184	0	1	655	1784	2106	0	89	0	1667	147	189	67	104	139
MSMAPC6O	0	97	396	50	83	844	458	0	400	0	374	0	35	0	781	123	324	0	0	901	713	3052	0	103	0	610	73	170	71	216	125
MSMAPC7J	0	106	250	15	0	0	360	1126	111	0	149	184	1	0	927	0	78	0	0	2417	13	1869	115	65	0	0	50	107	105	1786	165
MSMAPC7P	0	0	552	35	0	1349	1	0	0	46	0	0	0	177	143	2286	0	1054	0	0	0	2532	1607	0	0	0	0	0	32	184	0
MSMAPC7R	1	0	391	17	0	2443	3	0	0	43	0	1	0	290	383	2656	0	2038	2	2	0	1025	521	0	0	0	0	0	28	154	0
MSMAPC7T	0	0	782	91	0	3444	2	0	0	75	0	0	0	433	395	1327	0	612	0	0	0	1453	900	0	0	0	0	0	73	412	0
MSMB4LXS	0	0	0	0	26	0	13	0	110	0	0	39	484	36	327	1139	0	0	0	28	0	6063	929	2	0	0	0	0	214	107	483
MSMB4LXW	0	14	328	3	143	0	156	0	17	0	1	54	874	29	1376	1585	6	900	15	1201	5	2340	501	151	0	102	13	0	54	70	64
MSMB4LZ8	604	0	997	69	343	496	0	0	0	0	0	117	0	205	414	1348	84	0	2	2128	1	1296	1	697	0	202	92	0	394	222	288
MSMB4LZC	0	0	476	37	0	1410	21	9	0	109	3	1	0	424	245	2118	0	2482	42	7	0	608	1370	0	0	0	0	0	206	431	0
MSMB4LZK	0	155	0	24	733	0	432	0	0	0	0	288	3865	404	1259	451	0	345	10	206	0	143	1158	347	0	0	0	0	14	36	131
MSMB4LZV	0	50	192	20	37	198	359	0	248	0	229	0	29	0	547	73	116	0	0	472	913	3990	0	106	0	1688	41	106	125	215	244
MSMB4LZX	0	61	344	54	92	254	332	0	395	0	254	0	52	1	834	139	257	0	0	546	31	3590	0	202	0	1813	135	83	81	207	241
MSMB4LZZ	0	83	560	61	168	730	488	0	631	0	674	0	164	1	956	237	329	0	0	164	2325	1319	0	193	0	281	74	31	91	105	336
PSM6XBTR	2	63	269	118	222	0	113	0	576	25	0	47	3694	0	1432	1276	0	93	0	356	3	469	441	284	0	0	9	22	15	101	368
PSM6XBTT	9	66	484	49	241	0	147	0	413	49	0	155	2751	0	1028	982	0	83	0	828	35	1377	117	208	0	0	13	87	16	267	595
PSM6XBTX	381	72	1140	135	3113	0	28	0	48	1	0	53	1318	0	987	739	0	32	0	412	0	632	324	76	0	0	15	22	38	303	133
PSM6XBU2	82	103	653	42	864	0	173	0	557	34	0	40	2114	0	753	1343	0	52	0	1745	1	522	250	144	0	14	17	120	38	78	264
PSM6XBW3	0	0	0	0	0	0	0	0	0	0	0	0	0	0	0	0	0	0	6301	0	178	0	0	0	0	0	0	0	128	3393	0
PSM7J14X	301	19	192	37	790	0	294	0	534	689	0	43	425	0	323	374	0	125	412	1434	0	3079	359	85	1	26	8	70	48	158	172
PSM7J154	97	51	429	46	273	0	443	0	658	8	0	27	1974	0	460	568	0	54	0	1043	0	2781	373	196	0	4	9	54	39	142	270
PSM7J156	44	143	357	38	285	0	337	0	736	68	0	17	427	0	515	499	0	47	3	386	0	4653	226	141	0	188	26	36	37	281	508
PSM7J15K	0	0	0	0	0	0	0	0	0	0	0	0	0	0	0	0	0	0	485	0	0	6288	0	0	0	2741	282	0	46	158	0
PSM7J15M	0	0	0	0	2	0	0	0	0	0	0	0	0	0	0	0	0	0	338	0	0	6871	0	0	0	2378	210	0	41	160	0
PSM7J15O	0	0	0	0	0	0	1	0	0	0	0	0	1	0	0	0	0	0	49	24	0	4093	0	0	0	5195	412	0	130	95	0
PSM7J15Q	0	0	0	0	0	0	0	0	0	0	0	0	0	0	0	1	0	0	314	2775	0	2429	0	0	0	3405	311	0	443	322	0
PSM7J15S	0	0	0	0	2	0	7	0	0	0	0	0	0	1	11	1	0	0	614	1759	0	2874	0	0	0	3977	378	0	252	123	0
PSM7J15U	0	0	0	0	0	0	0	0	0	0	0	0	0	0	0	2	0	0	48	930	0	3227	0	0	0	5087	507	0	110	89	0
PSM7J16U	0	7	85	12	187	0	159	0	0	101	0	30	0	11	393	326	91	0	0	210	18	254	1	0	7536	24	186	0	101	72	195
PSM7J16W	111	26	242	28	197	0	54	0	0	19	0	54	0	7	409	248	79	0	0	182	93	1167	0	0	6719	62	102	0	13	76	112
PSM7J16Y	1356	198	1200	224	1198	0	248	0	0	53	0	76	0	40	1863	364	793	0	0	247	274	520	0	0	596	7	7	0	58	453	224
PSM7J171	81	27	374	47	287	0	56	0	0	39	0	81	0	13	463	113	153	0	0	126	1220	214	2	0	6463	0	67	0	17	75	83
PSM7J173	274	51	464	87	477	0	126	0	0	67	0	142	0	19	510	554	350	0	0	19	916	282	0	0	5079	128	57	0	19	217	161
PSM7J17V	0	0	0	0	0	0	0	0	0	0	0	0	0	0	0	0	0	0	870	0	0	3	0	0	0	8563	0	0	76	488	0
PSM7J17X	0	0	0	0	0	0	0	0	0	0	0	0	0	0	0	0	0	0	283	0	0	6	0	0	0	9430	0	0	133	148	0
PSM7J17Z	0	0	0	0	0	0	0	0	0	0	0	0	0	0	0	0	0	0	234	0	0	6791	0	0	0	1516	1309	0	28	123	0
PSM7J182	0	0	0	0	0	0	0	0	0	0	0	0	0	0	0	0	0	0	143	0	0	3066	0	0	0	5687	988	0	38	77	0
PSM7J184	0	0	0	0	0	0	0	0	0	0	0	0	0	0	0	0	0	0	11	0	0	5987	0	0	0	3509	409	0	16	68	0
PSM7J186	0	0	0	0	0	0	0	0	0	0	0	0	0	0	0	0	0	0	19	0	0	6581	0	0	0	2620	709	0	35	36	0
PSM7J19N	203	52	389	93	299	0	96	0	0	57	0	63	0	21	802	126	210	0	0	297	277	858	0	0	5477	160	116	1	64	221	116
PSM7J19P	156	30	279	58	194	0	54	0	0	29	0	98	0	8	519	252	156	0	0	266	509	802	0	0	6177	49	51	0	48	150	117
PSM7J19R	2477	83	393	98	457	0	149	0	0	15	0	50	1	11	1326	217	287	0	0	454	140	1835	0	0	1422	5	31	0	76	329	144
PSM7J19T	64	34	437	66	436	0	93	0	0	110	0	132	0	10	300	447	295	0	0	404	54	507	0	0	6086	165	24	0	12	150	173
PSM7J19Z	0	0	0	0	0	0	0	0	0	0	0	0	0	0	0	0	0	0	760	0	6692	0	0	0	0	0	0	0	102	2445	0
PSM7J1A2	0	0	0	0	0	0	0	0	0	0	0	0	0	0	3	5	0	0	2580	0	5279	8	0	0	0	0	0	0	699	1426	0
PSM7J1A4	0	0	6	0	0	0	27	0	0	0	463	18	244	0	153	529	6	0	1573	434	2968	736	14	42	0	198	19	0	257	2314	0
PSM7J1A6	0	0	0	0	0	0	0	0	0	0	0	0	0	0	1	0	0	0	9983	0	0	1	0	0	0	0	0	0	13	2	0
PSM7J1A8	0	0	0	0	0	0	0	0	0	0	0	0	0	0	0	0	0	0	1816	0	0	0	0	0	1	7766	5	0	39	373	0
PSM7J1DF	200	325	1138	177	991	0	81	0	439	289	0	299	2826	2	634	261	0	318	10	431	0	502	253	96	0	0	20	57	0	128	522
PSM7J1DL	91	241	821	137	597	0	438	0	663	147	0	148	2467	0	974	420	0	27	46	274	0	624	710	344	0	0	30	85	10	225	482
PSMA265D	0	0	0	0	0	0	0	0	0	0	0	0	0	0	0	0	0	0	30	2306	0	3087	0	0	0	4380	170	0	16	12	0
PSMA265F	0	0	0	0	0	0	0	0	0	0	0	0	0	0	0	2	0	0	63	351	0	8204	0	0	0	407	766	0	31	177	0
PSMA265H	0	0	0	0	0	0	0	0	0	0	0	0	0	0	0	0	0	0	39	4584	0	4090	0	0	0	1078	74	0	92	44	0
PSMA265J	0	0	0	0	0	0	0	0	0	0	0	0	0	0	0	1	0	0	2	1387	0	5789	0	0	0	2553	117	0	120	30	0
PSMA265J_TR	0	0	0	0	0	0	0	0	0	0	0	0	0	0	0	1	0	0	2	1387	0	5789	0	0	0	2553	117	0	120	30	0
PSMA265L	0	0	0	0	0	0	0	0	0	0	0	0	0	0	0	2	0	0	90	466	0	6050	0	0	0	1699	1164	0	122	406	0
ESM5GEZ1_P	0	0	0	0	0	0	0	0	0	3419	0	0	0	0	1260	258	0	635	279	1678	0	1305	0	0	0	313	22	0	7	2	820
HSM5MD8H_P	15	27	0	84	218	0	0	0	0	0	2002	912	2174	0	0	0	0	29	1	2412	0	1621	0	0	0	0	25	283	99	97	0
MSM6J2JH_P	0	10	127	91	144	44	64	23	0	93	365	55	0	94	178	158	450	0	0	246	80	1006	0	0	5928	118	72	54	5	431	164
HSM5MD8D_P	130	48	238	0	161	0	12	53	0	0	0	3	20	91	162	172	0	319	0	0	250	2247	139	0	5900	0	0	0	8	47	0
HSM6XRQC_P	0	0	0	0	0	0	0	0	0	7968	0	298	966	123	0	121	0	0	113	349	0	0	0	0	0	0	18	0	40	4	0
HSM5MD6O_P	0	577	669	0	411	0	0	0	0	0	0	475	2530	0	3521	1155	0	93	0	65	0	457	0	0	0	0	22	0	19	6	0
HSM6XRT6_P	247	47	0	0	821	0	2	601	212	2	0	181	39	94	436	689	0	241	2666	308	0	1316	0	245	0	59	7	309	150	1329	0
HSM6XRTA_P	606	84	434	0	1048	0	15	122	0	3	0	79	96	128	306	444	0	3049	39	0	16	1321	107	0	1478	450	78	0	0	99	0
HSM6XRSZ_P	84	721	0	0	1663	0	32	1950	159	2	0	281	195	198	488	1463	0	100	121	193	0	924	0	669	0	0	14	402	59	284	0
HSM6XRTC_P	149	101	503	0	132	0	18	159	0	0	0	5	10	412	374	210	0	1995	3	0	120	2114	196	0	3430	0	12	0	18	37	0
HSM5MD6S_P	0	271	622	0	341	0	1	0	0	0	0	657	1420	0	1868	1053	0	95	13	339	3	3166	0	0	0	3	114	0	15	20	0
HSM67VDX_P	0	276	962	70	971	38	736	0	0	206	0	179	1794	120	57	1	0	1	82	1000	0	143	379	554	0	8	14	0	2249	160	0
HSM6XRT4_P	118	736	0	0	1363	0	5	1048	259	916	0	330	44	233	517	1023	0	137	2027	60	0	339	0	473	0	0	93	0	143	137	0
HSM67VDR_P	0	0	385	36	41	0	53	1	184	13	1287	689	1022	0	285	1875	0	27	5	245	2	800	1	259	0	889	1052	0	50	141	660
CSM79HGR_P	965	825	584	4	422	164	0	0	0	179	2763	71	0	862	0	1759	0	0	0	132	64	475	9	0	0	268	56	0	24	375	0
MSM6J2PQ_P	0	22	235	41	521	2	1	1552	22	0	0	35	381	65	172	1096	258	0	0	909	0	1204	15	911	0	265	384	9	253	1646	0
MSM79H52_P	0	138	813	253	744	0	23	0	0	0	0	147	0	14	53	215	1041	0	3	181	26	35	901	0	0	0	0	4718	185	512	0
HSM67VG6_P	106	402	619	0	465	0	1	1737	105	1113	0	403	839	52	1019	360	0	0	250	168	0	1004	0	558	0	2	97	325	118	257	0
CSM7CZ2F_P	18	296	698	0	592	0	1	3847	643	34	0	182	885	63	660	483	0	0	48	400	0	414	0	465	0	0	0	103	24	144	0
PSM7J19X_P	0	0	0	0	0	0	0	0	0	0	0	0	0	0	0	4	0	0	2788	0	3225	25	0	0	0	0	0	0	0	3958	0
HSM7CZ2L_P	27	125	306	0	794	0	0	2037	341	7	0	60	103	55	1540	309	0	0	192	349	0	3289	0	207	0	0	1	43	43	172	0
HSM7CYYV_P	462	190	466	0	268	0	10	97	0	0	0	20	51	151	245	145	0	945	0	0	80	1727	168	0	4703	0	4	0	20	249	0
HSM7CYYR_P	111	414	533	0	985	0	26	617	0	74	0	98	49	1261	275	382	0	419	0	0	0	146	1088	0	3490	0	8	0	4	21	0
PSM6XBTZ_P	10	86	796	129	285	0	114	0	474	3	0	85	3015	1	1879	767	0	35	0	473	0	343	459	233	0	7	7	62	3	310	425
HSM7CZ2J_P	110	524	588	0	332	0	0	4524	199	1	0	148	340	70	1202	439	0	0	530	115	0	112	0	332	0	0	0	57	10	368	0
MSM79HCN_P	1848	0	1984	219	0	0	2598	0	0	0	0	0	0	1882	0	0	0	496	0	17	0	903	0	0	0	0	18	0	6	30	0
HSMA33J1_P	0	122	1113	213	0	0	3	0	0	0	37	147	1870	211	168	1250	264	0	8	200	0	3067	0	271	74	106	30	0	99	209	538
HSM5MD8L_P	42	33	314	0	141	0	9	86	0	1	0	4	25	104	121	84	0	186	0	0	438	1580	133	0	6647	0	0	0	2	48	0
MSM6J2JF_P	3901	2	13	0	366	28	44	5	3	156	3	850	23	284	1090	1291	0	84	147	292	10	282	56	308	118	30	17	158	87	351	1
HSM5MD8B_P	358	89	447	0	295	0	15	115	0	1	0	6	115	205	193	131	0	1216	24	0	567	993	165	0	4982	0	0	0	18	63	0
HSM5MD6E_P	3	1	1	116	1	0	0	0	0	0	1516	1724	4220	0	2	3	0	1	0	337	4	1904	0	0	13	0	27	23	7	97	0
HSM5MD5F_P	87	64	0	0	498	0	2	554	86	19	5	155	64	45	346	239	0	852	2403	1460	0	1703	2	253	2	8	33	105	90	924	0
HSM6XRTE_P	484	420	985	0	837	9	38	221	1	7	10	17	164	436	551	303	0	1716	2	4	163	1586	367	0	1504	0	2	0	53	119	0
HSM5MD6U_P	9	1059	953	0	1938	0	4	43	3	14	1	523	1533	10	1531	182	0	325	15	58	4	1538	8	4	40	0	2	0	21	182	0
HSM6XRT2_P	18	251	29	0	804	0	7	2550	243	577	1	314	128	123	1829	694	0	166	611	200	0	559	9	492	19	0	12	0	43	321	0
HSM67VG2_P	38	306	446	0	721	0	0	203	41	6561	1	77	179	13	212	164	0	0	781	4	0	19	0	171	0	0	0	0	24	39	0
CSM79HGV_P	80	283	385	1	763	1340	9	0	7	117	2219	128	27	567	59	744	0	0	0	687	20	872	7	4	191	1077	113	0	36	264	1
HSM67VGE_P	28	22	202	2	93	2	23	50	31	2	70	43	226	121	49	231	15	5891	9	45	44	487	320	6	1745	3	184	0	17	30	11
HSM67VGI_P	107	298	913	0	454	0	34	904	0	2	0	49	370	450	155	416	0	708	32	0	54	624	1287	0	3063	0	0	0	0	81	0
PSM6XBW1_P	4	52	827	169	313	0	91	7	13	100	16	142	47	28	462	268	467	0	0	115	11	767	9	2	5182	10	33	0	32	490	341
MSM9VZFJ_P	0	0	1844	148	833	561	1	1	0	32	0	224	55	263	821	2013	218	0	25	443	0	1043	3	566	3	207	97	0	21	168	413
MSM79H94_P	0	0	652	189	3	5528	3	3	2	445	0	1	2	1204	107	1474	0	129	42	0	0	101	53	0	27	0	0	0	0	33	0
MSM79H8J_P	0	220	849	82	7	0	349	3099	352	0	577	424	10	2	1038	11	141	17	0	158	16	1023	105	247	19	0	26	89	12	903	223
HSM5MD5Z_P	0	449	550	0	1012	0	0	0	0	0	0	714	3866	0	1840	1288	0	63	0	2	0	215	0	0	0	0	0	0	0	0	0
HSM5MD5B_P	11	66	0	0	284	0	1	4115	132	0	0	101	148	55	887	357	0	239	39	336	0	2331	0	399	0	115	59	39	35	253	0
HSM5MD5D_P	107	197	0	0	753	0	9	2370	125	0	0	238	84	119	482	754	0	215	13	364	0	2758	0	808	0	3	6	340	13	239	0
HSM5MD6I_P	0	187	0	50	0	0	0	0	0	0	2327	616	4832	0	0	1	0	0	0	428	0	1467	0	0	0	0	17	32	7	35	0
HSM6XRSX_P	79	94	0	0	784	0	18	2181	138	17	0	244	264	84	767	981	0	795	764	384	0	1191	0	284	0	9	6	150	32	733	0
HSM5MD6K_P	0	325	0	84	0	0	0	0	0	0	2478	528	3883	0	0	1	0	11	0	426	0	2102	0	0	0	0	46	50	10	58	0
HSM6XRTG_P	38	82	470	0	136	0	12	62	0	0	0	3	53	221	235	109	0	61	0	0	233	2148	137	0	5929	0	5	0	0	65	0
HSM67VDT_P	378	202	1089	60	328	0	18	1	0	0	1	241	4633	142	742	1034	0	57	7	164	28	201	0	552	0	0	1	0	11	112	0
HSM67VGA_P	221	316	998	0	1140	0	98	797	0	12	0	73	25	952	992	783	0	597	8	0	123	1301	1318	0	77	0	14	71	18	67	0
MSM6J2M3_P	22	130	729	68	157	5	18	6	506	0	30	171	620	149	760	273	320	43	0	953	1253	3071	68	16	0	1	6	35	64	403	123
HSM67VFX_P	26	247	0	0	503	0	4	754	270	0	1	148	227	78	842	798	0	1	167	539	0	4230	0	602	2	60	25	0	61	415	0
ESM5GEYU_P	0	0	0	0	0	0	7	144	0	2783	13	2	5	0	1238	483	0	770	745	1485	0	2183	6	0	0	34	20	2	11	13	55
ESM5GEZ3_P	0	0	0	0	0	0	0	0	0	1783	0	0	0	0	1531	433	0	83	44	1155	0	4518	0	0	0	97	30	0	14	6	306
ESM5MEBP_P	0	0	0	0	0	0	0	0	0	996	0	0	0	6	1350	791	0	270	48	2168	0	3724	0	0	0	3	166	0	39	0	440
HSM5MD57_P	132	447	0	0	661	0	61	1853	97	1	0	363	235	73	1325	833	0	409	1082	90	0	785	0	614	0	1	24	483	83	347	0
HSM5MD8P_P	46	82	635	0	465	0	44	7	0	6	0	15	149	116	47	345	0	826	2	0	2	933	184	0	6068	0	0	0	8	22	0
HSM5MD82_P	16	310	903	0	449	0	41	62	0	13	0	8	431	560	36	335	0	1207	65	0	6	3064	173	0	2248	0	0	0	10	63	0
HSM5MD8A_P	3	290	19	0	1335	0	105	691	310	241	0	1044	129	224	308	408	0	103	192	747	0	25	0	856	0	75	613	1	2001	280	0
ESM5ME9H_P	0	0	0	0	0	0	0	0	0	765	0	3	0	0	3313	546	0	157	11	391	0	4070	0	0	0	7	96	0	17	4	622
HSM5MD59_P	12	72	0	0	354	0	13	2135	294	1	0	268	179	72	1715	373	0	238	41	337	0	2712	0	328	0	351	333	51	12	110	0
HSM5MD8N_P	1126	354	1306	0	554	0	35	403	0	3	0	22	97	971	947	344	0	386	3	0	602	912	394	0	1457	0	0	0	9	75	0
CSM6J2H9_P	0	151	759	16	154	89	0	0	0	46	0	11	1918	39	1627	661	383	0	1	223	0	2530	28	318	0	149	111	87	39	659	0
