Name	Actinomyces_odontolyticus	Actinomyces_oris	Actinomyces_sp_HMSC035G02	Adlercreutzia_equolifaciens	Agathobaculum_butyriciproducens	Akkermansia_muciniphila	Alistipes_finegoldii	Alistipes_indistinctus	Alistipes_putredinis	Alistipes_shahii	Anaerostipes_hadrus	Anaerotruncus_colihominis	Asaccharobacter_celatus	Bacteroides_caccae	Bacteroides_cellulosilyticus	Bacteroides_clarus	Bacteroides_dorei	Bacteroides_eggerthii	Bacteroides_finegoldii	Bacteroides_fragilis	Bacteroides_intestinalis	Bacteroides_massiliensis	Bacteroides_ovatus	Bacteroides_stercoris	Bacteroides_thetaiotaomicron	Bacteroides_uniformis	Bacteroides_vulgatus	Bacteroides_xylanisolvens	Barnesiella_intestinihominis	Bifidobacterium_adolescentis	Bifidobacterium_bifidum	Bifidobacterium_dentium	Bifidobacterium_longum	Bifidobacterium_pseudocatenulatum	Bilophila_wadsworthia	Blautia_obeum	Blautia_sp_CAG_257	Blautia_wexlerae	Butyricimonas_synergistica	Butyricimonas_virosa	Clostridium_bolteae	Clostridium_citroniae	Clostridium_clostridioforme	Clostridium_innocuum	Clostridium_leptum	Clostridium_sp_CAG_58	Clostridium_symbiosum	Collinsella_aerofaciens	Collinsella_stercoris	Coprobacter_fastidiosus	Coprococcus_catus	Coprococcus_comes	Desulfovibrio_piger	Dorea_formicigenerans	Dorea_longicatena	Eggerthella_lenta	Enterococcus_faecalis	Enterococcus_faecium	Erysipelatoclostridium_ramosum	Escherichia_coli	Eubacterium_eligens	Eubacterium_hallii	Eubacterium_ramulus	Eubacterium_rectale	Eubacterium_siraeum	Eubacterium_sp_CAG_180	Eubacterium_sp_CAG_38	Faecalibacterium_prausnitzii	Firmicutes_bacterium_CAG_83	Flavonifractor_plautii	Fusicatenibacter_saccharivorans	Gemmiger_formicilis	Gordonibacter_pamelaeae	Holdemanella_biformis	Hungatella_hathewayi	Intestinibacter_bartlettii	Intestinimonas_butyriciproducens	Klebsiella_pneumoniae	Lachnospira_pectinoschiza	Lactobacillus_fermentum	Lactobacillus_gasseri	Lawsonibacter_asaccharolyticus	Odoribacter_splanchnicus	Oscillibacter_sp_57_20	Oscillibacter_sp_CAG_241	Parabacteroides_distasonis	Parabacteroides_merdae	Paraprevotella_xylaniphila	Phascolarctobacterium_faecium	Prevotella_copri	Roseburia_faecis	Roseburia_hominis	Roseburia_intestinalis	Roseburia_inulinivorans	Rothia_mucilaginosa	Ruminococcus_bicirculans	Ruminococcus_bromii	Ruminococcus_gnavus	Ruminococcus_lactaris	Ruminococcus_torques	Ruthenibacterium_lactatiformans	Sellimonas_intestinalis	Streptococcus_anginosus_group	Streptococcus_gordonii	Streptococcus_oralis	Streptococcus_parasanguinis	Streptococcus_salivarius	Streptococcus_thermophilus	Streptococcus_vestibularis	Veillonella_parvula	[Collinsella]_massiliensis
PAUL.case2_before	1	1	0	0	0	0	184	57	0	0	1	20	0	18	8	0	0	0	0	0	0	0	1	3	2	58	9	0	47	2051	486	0	203	0	1	10	52	0	0	1	24	1	0	141	6	0	8	1109	7	0	0	0	25	1	4	217	251	2212	14	456	0	0	0	0	25	237	0	336	404	17	0	0	20	0	180	17	0	0	0	0	0	0	11	0	0	86	31	5	19	12	2	10	0	0	0	0	682	20	0	0	57	128	9	0	1	0	2	2	0	0	0
PAUL.case1_before	0	0	0	0	0	0	0	0	0	0	0	0	0	0	0	0	0	0	0	17	0	0	0	0	0	0	0	0	0	0	0	0	0	0	0	0	0	0	0	0	0	0	0	0	0	0	0	0	0	0	0	0	0	0	0	0	0	0	0	0	0	0	0	0	0	0	0	0	0	0	0	0	0	0	0	0	0	211	0	9558	0	0	0	0	0	0	0	0	0	0	0	0	0	0	0	0	0	0	0	0	0	0	0	0	0	0	0	159	0	55	0
PAUL.case11_before	9	0	0	0	0	0	0	12	0	17	0	0	0	1080	0	0	620	0	0	0	13	124	814	58	439	1158	246	10	0	0	0	0	79	0	0	118	0	2	0	0	11	0	0	1	0	0	0	0	0	0	0	204	0	0	8	0	0	0	0	0	0	48	0	0	949	265	0	268	0	17	2	13	0	0	8	13	8	0	0	0	25	0	160	140	117	150	176	6	0	0	0	0	76	32	0	0	167	9	0	102	109	0	558	147	26	176	670	0	371	167	0
PAUL.case12_before	0	6	2	0	0	0	0	0	0	0	0	0	0	0	0	97	594	0	0	0	0	0	0	3884	0	0	0	0	0	0	0	0	1	0	0	0	15	11	0	0	886	0	45	0	0	0	0	184	0	0	0	398	0	0	105	0	21	767	0	426	0	47	1363	0	0	0	0	0	0	34	467	0	0	0	0	0	0	0	0	17	0	0	0	0	0	0	0	78	2	13	0	0	31	88	0	0	0	0	0	0	0	0	0	13	0	39	341	24	2	0	0
PAUL.case13_before	0	2	0	8	33	0	15	0	0	12	1871	25	8	0	0	0	744	0	0	441	0	0	713	0	534	437	515	0	0	0	0	2	1374	0	24	10	2	67	0	0	0	2	7	38	5	0	3	825	1	0	0	0	0	266	175	88	0	6	95	33	0	79	0	0	0	0	0	317	0	106	103	0	11	0	5	0	0	0	0	6	1	0	0	0	0	80	0	13	0	0	0	0	0	0	0	0	615	180	0	0	51	1	1	2	0	11	9	26	0	0	0
PAUL.case14_before	198	8	422	121	61	0	32	0	0	0	141	0	52	715	5	0	0	0	0	0	0	0	0	0	671	382	1212	0	0	0	0	0	0	0	0	0	0	78	0	0	3	0	0	209	1	0	0	1026	3	0	0	0	95	0	42	0	0	4	35	397	0	0	0	0	0	0	0	160	0	32	0	0	0	0	37	0	0	0	0	0	0	0	0	59	212	146	0	0	0	45	0	0	0	28	0	0	0	0	0	607	1265	0	0	0	0	0	1317	10	168	0	0
PAUL.case15_before	3	6	0	0	0	0	0	0	0	0	0	1	0	0	0	0	1	0	0	455	0	0	62	26	232	692	305	0	0	0	0	0	0	0	3	0	0	75	0	0	0	1	579	370	0	0	86	2	0	0	0	0	0	0	0	693	0	1	0	479	0	0	0	0	0	0	0	0	0	149	0	0	69	0	38	0	0	5	0	0	0	0	0	0	0	27	23	0	124	0	0	0	0	0	0	0	0	4970	0	0	63	50	0	0	7	7	4	383	0	10	0
PAUL.case3_before	4	0	7	38	25	328	0	87	238	12	355	0	36	129	31	6	38	0	0	46	0	32	9	207	78	671	258	0	7	0	0	39	0	0	16	168	10	69	14	1	7	2	17	4	0	38	7	0	0	8	63	0	0	182	165	94	0	0	3	20	98	198	23	296	52	1406	3	151	0	21	208	0	75	0	1	8	50	0	16	0	6	4	6	5	0	0	53	0	0	1095	276	28	154	225	0	148	1042	93	0	14	60	0	2	0	0	19	177	399	3	0	9
PAUL.case4_before	3	4	0	0	0	0	0	0	0	12	14	0	0	0	0	3	0	2	0	31	0	0	10	0	15	30	246	8	106	0	0	168	0	0	0	46	0	14	1	0	0	0	0	0	0	9	0	482	1	107	71	120	0	186	187	0	0	0	0	53	254	31	29	402	299	101	41	891	1	0	8	15	0	126	0	9	0	10	254	0	3	0	79	195	29	85	18	0	0	3448	18	104	0	425	0	16	47	0	0	230	0	0	345	44	8	134	245	0	26	101	0
PAUL.case5_before	3	1	0	13	25	1	3	0	15	0	285	0	30	11	2	6	0	0	0	302	8	0	0	0	3	113	123	13	39	0	0	87	430	501	0	84	0	13	0	0	0	0	0	0	0	0	0	619	2	0	4	156	0	56	112	33	0	3	0	1069	37	88	0	0	1	278	19	440	0	1	85	125	6	0	0	456	0	58	0	39	1780	0	2	19	21	206	0	0	0	0	479	2	200	0	0	25	531	0	0	13	3	0	3	8	0	383	419	0	0	103	0
PAUL.case6_before	3	1	0	0	0	0	0	0	60	1	0	1	0	8	0	0	0	119	0	0	0	0	24	7	11	0	123	0	0	0	0	0	0	0	0	0	30	0	0	0	362	10	2	1290	3	0	18	0	0	0	1	0	0	0	0	627	2	4963	0	0	0	0	0	0	0	0	0	0	0	112	0	0	67	0	181	0	0	0	0	0	0	1	1	0	0	0	50	0	0	0	0	0	6	0	0	0	0	1325	0	0	4	453	0	0	6	0	0	125	0	0	2
PAUL.case7_before	0	0	0	0	0	0	335	0	0	0	0	0	0	289	36	0	69	0	0	0	0	0	157	18	52	383	180	0	75	0	0	0	0	0	0	0	0	0	0	0	126	0	0	73	122	0	0	0	0	0	0	0	0	0	0	442	21	6571	12	79	0	0	0	0	0	0	0	0	0	0	0	0	49	0	124	0	0	6	0	0	0	0	0	0	0	465	77	0	2	0	0	0	0	0	0	0	0	44	0	0	0	166	0	0	0	0	0	28	0	0	0
PAUL.case8_before	0	0	0	19	26	409	71	19	248	25	0	0	6	0	0	0	537	0	0	477	0	0	295	0	757	32	1	0	328	0	0	68	116	1	5	0	0	0	0	140	0	0	0	416	0	14	2	2	0	0	1	0	0	0	0	2	858	0	29	280	16	0	0	0	0	0	0	35	0	0	0	0	4	0	0	2	15	1107	0	0	84	4	16	0	0	31	1	0	10	0	0	0	0	0	0	5	0	0	0	6	1536	0	0	0	0	0	0	0	0	1941	0
PAUL.case1_after	0	0	0	0	0	0	0	0	0	0	0	0	0	0	0	0	0	0	0	0	0	0	0	0	0	0	2882	2806	0	0	0	0	0	0	0	0	0	0	0	0	0	0	0	608	0	0	0	0	0	0	0	0	0	0	0	0	67	566	30	0	0	0	0	0	0	0	0	0	0	0	0	0	0	0	0	0	0	626	0	0	0	0	0	0	0	0	2416	0	0	0	0	0	0	0	0	0	0	0	0	0	0	0	0	0	0	0	0	0	0	0	0
PAUL.case11_after	0	0	0	0	0	0	41	125	269	59	777	0	0	212	3	0	453	16	0	0	0	0	48	154	33	491	321	0	199	406	0	0	496	0	6	127	0	2	0	0	0	0	0	23	10	8	0	1271	10	0	0	82	0	10	719	52	0	0	0	15	0	247	14	0	398	81	0	181	1	39	358	0	5	15	44	44	3	0	0	0	0	4	70	40	369	438	411	0	0	5	61	8	0	0	0	0	0	0	0	30	694	0	0	0	0	0	0	0	0	0	3
PAUL.case12_after	2	10	1	0	0	0	0	0	10	0	31	0	0	0	0	0	3	0	7	0	0	0	24	49	0	50	46	4	61	447	0	32	153	3	9	191	0	371	0	0	3	0	2	0	8	0	0	2090	17	0	49	762	0	378	1025	0	0	0	0	13	0	289	72	46	0	426	6	442	0	17	176	195	0	46	0	0	0	0	0	126	1	0	0	13	0	10	61	4	0	228	19	5	628	54	0	122	0	34	13	113	29	0	91	3	0	6	867	0	1	0	3
PAUL.case13_after	3	15	0	0	22	0	10	8	24	1	28	2	0	0	0	0	52	1	6	94	0	0	5	0	33	197	149	0	2	83	0	2	1430	0	5	141	0	520	0	0	3	2	3	3	44	0	0	1983	16	0	0	11	0	250	95	3	0	0	0	569	0	425	129	81	0	160	0	500	0	13	278	25	0	135	0	0	0	0	0	62	8	0	5	0	0	64	1	25	0	2	0	0	0	0	0	0	0	53	199	0	4	0	16	4	2	148	18	1791	17	18	1
PAUL.case14_after	3	0	4	29	323	0	1	0	1	0	76	0	17	214	0	0	1	9	20	0	0	0	0	0	106	53	46	0	0	0	0	0	20	0	4	3	0	34	0	0	0	0	7	36	0	0	0	185	1	0	60	265	42	62	19	0	0	0	2670	0	0	42	0	0	110	996	0	693	0	63	0	36	0	116	0	0	0	0	0	0	0	2	18	18	39	34	13	0	0	1466	0	13	0	218	0	0	647	0	0	1108	3	0	0	0	31	1	17	2	1	1	0
PAUL.case15_after	0	0	0	0	22	0	2	0	54	3	110	0	0	121	0	0	6	6	6	20	10	0	16	3	0	141	18	0	51	426	0	0	45	14	0	27	0	5	0	0	0	0	0	0	0	0	0	579	1	0	16	75	0	40	120	0	0	0	0	56	0	72	20	133	32	615	138	992	0	0	57	29	0	33	0	13	0	0	0	0	0	0	20	19	71	30	227	0	0	3147	1104	67	0	193	0	844	0	0	53	34	4	0	0	0	0	7	47	0	0	0	1
PAUL.case2_after	10	34	8	0	0	0	2	0	0	0	0	0	0	0	0	0	207	0	0	0	0	0	563	0	0	1725	0	0	0	0	0	0	12	0	0	1604	7	0	0	0	269	2	12	9	0	0	18	7	0	0	0	0	19	0	0	0	379	740	0	1654	0	0	384	0	0	0	0	0	0	0	139	0	0	0	100	0	0	0	0	209	18	0	0	0	0	0	885	18	0	75	2	58	17	0	0	0	4	133	0	0	10	641	5	0	1	2	15	1	2	0	0
PAUL.case3_after	2	1	8	13	297	153	172	16	109	4	286	4	3	6	4	0	168	0	0	20	0	3	1	114	19	574	7	5	5	0	298	2	62	266	6	23	2	92	4	2	1	1	1	2	20	110	4	311	2	4	89	0	0	507	474	9	0	0	0	0	190	351	105	0	260	0	77	623	0	17	499	42	73	0	0	0	6	0	0	4	34	9	12	53	35	88	33	0	137	322	281	3	185	8	0	36	1918	4	0	0	5	9	7	14	0	103	57	117	0	0	0
PAUL.case4_after	1	4	0	0	10	0	0	0	0	9	14	11	0	223	2	2	3	0	0	34	0	40	17	0	27	38	168	1	41	0	0	13	0	0	9	202	0	111	2	0	0	0	0	12	0	5	0	1091	10	104	165	88	225	234	182	0	0	0	0	167	671	160	15	87	217	418	81	1300	26	0	5	40	0	135	0	51	0	0	189	0	0	0	133	150	72	148	11	0	0	1640	305	82	0	101	0	32	209	0	0	173	2	0	81	3	0	5	13	0	0	175	1
PAUL.case5_after	5	3	1	11	28	1	2	0	16	0	220	0	22	6	1	4	0	0	0	205	6	0	0	0	2	90	116	6	27	0	0	113	448	497	0	87	0	20	0	0	0	0	0	0	0	0	0	558	4	0	5	152	0	46	123	29	0	1	0	1071	52	81	0	0	2	268	12	506	0	0	108	128	5	0	0	571	0	60	0	30	1832	1	1	17	28	131	0	0	0	0	499	1	213	0	0	33	413	0	0	15	3	0	2	7	0	449	493	0	0	110	0
PAUL.case6_after	0	2	0	0	0	0	0	0	69	0	2	0	0	21	0	0	0	66	0	0	0	0	2	82	24	75	266	2	12	0	0	0	0	0	3	81	447	1231	0	0	5	0	0	39	0	136	20	395	3	0	72	0	0	121	480	107	171	0	0	1155	0	281	0	796	0	0	0	241	0	14	1620	11	22	0	0	165	0	41	0	0	44	13	6	0	0	0	78	24	72	0	0	0	3	0	0	186	0	767	0	0	13	93	0	0	0	66	120	232	0	0	0
PAUL.case7_after	0	4	0	1	20	4	143	3	58	0	781	1	0	1	8	0	55	0	0	1	4	0	59	13	2	90	1	2	19	406	558	0	244	920	4	264	0	95	0	3	1	1	0	0	5	63	0	467	3	0	126	0	0	114	605	44	1	113	0	0	6	683	51	1040	0	0	0	47	0	5	413	7	27	0	0	5	2	24	0	234	0	0	17	0	5	26	27	0	45	0	39	118	0	17	0	326	1084	35	0	235	7	20	0	0	0	147	0	0	0	0	0
PAUL.case8_after	0	11	0	0	0	1	0	0	0	0	0	0	0	2428	0	0	0	0	0	6	0	0	214	0	1486	37	0	0	0	0	24	0	0	0	5	14	59	0	0	0	0	0	0	0	0	0	0	0	0	0	51	0	0	116	329	0	20	0	91	8	0	119	227	38	0	0	42	0	0	0	4	0	0	0	9	0	0	0	0	1450	2187	0	0	0	0	0	0	0	17	0	98	419	0	1	0	0	2	184	0	1	0	15	0	5	11	38	116	0	118	0	0
Ge_R1.V2	2	0	0	0	0	0	0	0	9	0	0	0	0	0	0	0	7274	0	0	250	0	0	41	0	0	0	0	0	0	0	884	0	0	0	0	0	0	0	0	0	0	0	0	960	0	0	0	0	0	0	0	0	0	0	142	0	0	0	0	0	0	5	0	0	0	0	0	0	0	0	166	0	61	0	0	0	0	0	0	0	0	0	0	0	0	0	0	0	0	0	0	0	0	0	19	0	0	4	0	0	170	0	0	0	0	5	7	0	0	0	0
Ge_R11.V2	0	0	0	0	0	0	5	1	519	43	25	0	0	0	0	32	38	1456	0	62	0	0	228	161	27	2161	2907	0	13	0	0	0	0	0	0	0	0	0	0	0	0	0	0	69	0	0	235	11	5	13	0	0	0	0	0	16	0	0	0	0	0	0	11	0	0	0	0	0	0	0	1716	0	2	0	0	0	0	0	0	0	0	3	0	0	0	66	165	0	0	0	0	0	0	0	6	0	0	0	0	0	0	0	0	0	0	0	3	0	0	0	0
Ge_R13.V2	0	0	0	0	0	0	0	0	0	0	0	0	0	3429	0	0	0	3652	0	0	0	0	109	0	0	1447	111	0	0	0	0	0	0	0	0	0	0	0	0	0	0	0	0	0	0	0	0	0	0	0	0	0	0	0	0	0	297	0	0	0	0	0	0	0	0	0	0	577	0	0	0	0	0	0	0	0	0	0	0	0	0	0	0	0	0	0	0	0	0	0	0	0	0	0	0	0	0	0	0	0	356	0	0	0	0	0	1	20	0	0	0
Ge_R14.V2	0	0	0	0	0	4505	379	163	1487	4	0	96	0	0	0	5	6	407	0	0	0	540	14	6	0	132	1070	6	0	0	0	0	155	0	0	0	0	0	48	27	0	0	0	10	0	0	0	0	0	54	0	0	0	0	0	0	0	317	0	0	0	0	0	0	0	0	0	0	0	0	0	0	0	0	0	0	0	0	0	10	0	0	10	0	0	104	58	0	8	0	0	0	0	0	0	0	0	0	0	0	0	0	0	0	0	18	61	246	54	0	0
Ge_R2.V2	0	0	0	0	0	0	1728	0	0	0	0	0	0	0	0	0	1310	3090	0	0	0	0	0	364	894	460	0	0	0	0	0	0	111	0	0	0	0	10	0	0	442	0	0	269	0	0	40	1	0	0	0	0	0	28	0	0	9	7	0	0	0	0	0	0	0	0	0	18	0	89	573	0	0	0	0	0	82	0	0	0	0	1	0	0	0	32	0	0	0	0	0	0	0	0	0	0	0	0	0	0	432	0	0	0	0	0	0	11	0	0	0
Ge_R5.V2	12	7	0	0	0	0	140	0	0	0	0	0	0	0	0	0	0	0	193	136	0	577	579	2990	273	2090	648	50	0	0	0	0	0	0	0	0	0	0	0	0	0	0	0	646	0	0	0	0	0	73	0	0	0	0	0	0	386	0	0	0	0	0	0	0	0	0	0	0	0	0	0	0	0	15	0	0	0	0	0	0	0	0	145	0	0	0	16	280	0	0	0	0	0	0	144	0	0	0	0	0	520	0	0	0	6	18	7	50	0	0	0
Ge_R6.V2	0	0	0	0	0	0	0	0	0	0	0	0	0	0	0	0	0	0	0	194	0	0	199	0	2002	1993	2808	0	0	0	0	0	0	0	0	0	0	0	0	0	0	208	0	231	0	0	0	324	0	0	0	0	0	0	0	48	2	0	22	0	0	0	0	0	0	0	0	0	0	349	0	0	8	0	1	0	16	0	0	0	0	0	0	0	0	0	634	0	0	0	0	0	0	0	0	0	0	872	0	0	89	0	0	0	0	0	0	0	0	0	0
Ge_R8.V2	0	0	0	0	67	0	1	65	1	42	103	4	0	0	0	2	686	0	188	0	0	72	970	1910	657	994	85	0	39	0	140	0	109	0	0	9	0	0	1	0	0	0	69	0	0	0	0	0	0	0	0	105	0	1	202	41	0	0	0	0	0	0	0	609	0	390	0	682	83	49	23	0	7	0	2	0	0	0	2	0	0	10	14	0	0	171	40	162	0	0	0	61	0	0	0	0	1108	0	0	0	21	1	0	0	0	0	0	0	0	0	0
Pa_R14.V2	0	0	0	0	0	0	775	11	0	23	0	0	0	106	345	0	212	0	0	129	0	0	0	0	73	1717	4658	0	41	0	0	177	0	0	4	0	0	0	3	39	347	0	0	115	0	0	0	0	0	302	0	0	0	0	0	68	159	0	5	0	0	0	0	0	0	0	0	0	0	0	0	0	27	0	0	0	0	0	0	0	0	0	10	0	0	0	70	0	0	0	0	0	0	0	0	0	0	0	0	0	394	0	0	0	0	0	0	0	0	184	4
Pa_R2.V2	0	0	0	0	81	0	0	0	0	0	0	0	0	0	0	0	0	0	0	0	0	0	0	0	0	0	0	0	0	4	0	263	92	0	0	0	0	0	0	0	0	0	0	0	0	0	0	28	0	0	0	0	0	0	0	0	0	0	0	0	0	0	0	0	0	0	0	0	0	0	0	0	0	0	0	0	0	3	0	0	0	0	0	0	0	0	0	0	0	7139	0	0	0	0	16	0	0	0	0	0	0	0	451	0	1	152	1457	0	0	316	0
Pa_R3.V2	3	0	0	0	22	655	3	0	4	42	0	0	0	110	0	0	6	597	43	18	0	0	14	0	69	3587	1315	0	0	0	396	0	396	1144	0	9	0	0	0	129	0	3	98	2	0	0	0	91	0	0	0	0	0	1	0	0	31	0	7	23	187	0	0	0	0	0	0	0	184	197	53	0	0	0	1	0	1	0	0	0	0	1	29	0	0	97	7	0	0	0	0	0	0	0	28	0	0	27	0	148	135	47	0	0	3	3	0	0	23	10	0
Pa_R5.V2	0	2	0	0	0	245	0	0	0	170	0	53	0	0	0	0	0	407	0	0	0	0	238	84	137	2488	1021	0	282	0	0	15	166	0	0	111	23	55	0	96	52	70	0	64	0	14	46	1	8	0	0	80	0	3	741	249	17	0	32	863	96	0	37	0	0	0	8	0	520	33	0	0	36	0	0	33	0	0	0	0	0	0	36	0	0	94	412	30	166	0	0	0	41	16	0	0	549	51	0	0	0	0	4	0	0	0	1	0	0	0	0
Ta_R1.V2	1	0	1	0	0	0	121	0	1836	0	0	0	0	0	0	0	16	0	122	0	0	261	0	0	0	65	164	25	0	0	315	0	0	0	0	0	0	1	0	0	0	0	0	86	3	0	0	2333	4	0	56	0	0	0	5	0	0	0	0	0	0	0	10	37	20	0	0	487	0	82	543	4	9	0	0	0	0	0	0	39	0	0	115	380	0	0	5	68	0	2314	0	0	0	0	90	0	0	0	0	0	171	129	0	1	2	63	14	0	0	0	1
Ut_R2.V2	0	0	0	0	274	0	17	39	1035	0	0	0	0	47	0	0	22	229	0	3	0	230	53	0	1866	212	259	0	78	231	0	0	2	0	0	983	0	0	23	9	0	0	0	77	0	0	0	1191	3	0	0	0	0	14	0	116	0	0	0	0	12	0	112	0	0	957	0	3	90	9	202	136	11	0	0	0	0	0	0	0	0	96	4	176	0	0	53	0	0	271	0	0	0	0	46	0	253	0	0	72	248	0	0	0	0	94	139	0	0	0	0
Ut_R4.V2	0	0	0	0	0	0	0	0	0	0	0	0	0	0	0	0	657	0	0	246	0	0	64	0	0	1030	0	0	0	0	0	0	6662	0	0	0	0	0	0	0	0	0	0	56	0	0	0	0	0	0	0	0	0	0	0	0	0	0	5	533	0	0	0	0	0	0	0	0	0	0	0	0	0	0	0	0	0	0	0	0	0	0	0	0	0	0	0	0	0	0	0	0	0	0	8	0	0	0	0	0	0	0	0	0	3	61	70	0	32	573	0
Ut_R5.V2	0	0	0	0	0	0	0	11	0	0	0	0	0	0	0	0	1269	0	0	654	93	0	186	0	774	0	0	0	0	5209	0	0	0	0	0	0	0	0	0	0	0	0	0	1108	0	0	0	0	23	0	0	0	0	0	0	0	0	0	48	0	0	0	0	0	2	0	0	0	0	72	0	0	0	0	0	0	0	0	0	0	0	19	73	0	0	0	0	0	0	0	0	0	0	0	0	0	0	7	0	0	432	20	0	0	0	0	0	0	0	0	0
Ge_R1.V0	3	2	0	0	180	0	0	4	19	0	295	30	0	0	0	0	1845	0	0	611	0	0	286	0	0	0	0	0	0	0	1508	0	0	0	43	0	28	173	0	0	0	0	182	33	88	0	16	0	0	0	0	0	0	62	259	0	0	0	3	84	0	304	0	0	0	0	0	0	0	487	2076	0	53	0	38	9	0	0	0	0	0	39	0	0	0	428	0	0	135	0	8	0	85	0	0	34	0	215	0	0	273	0	0	0	0	5	8	49	0	0	0
Ge_R11.V0	0	0	0	1	243	0	4	0	857	32	126	0	3	0	0	45	173	415	0	22	6	0	41	144	8	399	220	0	43	0	0	0	273	840	3	108	0	26	0	2	0	0	0	0	3	0	0	265	1	0	15	92	19	4	36	1	0	0	0	0	228	79	17	179	0	321	0	2747	29	10	962	33	8	0	0	0	0	0	109	0	0	7	10	123	0	71	185	0	6	0	207	0	8	0	1	59	89	1	4	0	0	0	0	0	0	0	0	31	0	0	0
Ge_R13.V0	0	0	0	0	0	0	0	0	0	0	0	0	0	343	0	0	0	2935	0	0	0	0	0	0	0	4178	0	0	0	1221	0	0	0	0	0	0	0	35	0	0	0	0	278	0	0	0	75	0	0	0	0	0	0	0	9	0	0	0	5	487	0	2	0	0	0	0	0	0	0	42	1	0	93	0	0	0	0	0	0	0	0	0	0	0	0	0	0	0	0	0	49	0	0	0	0	0	0	4	0	5	227	0	0	0	0	0	10	0	0	0	0
Ge_R14.V0	0	0	0	0	0	899	124	6	379	21	0	12	0	0	0	22	1	90	0	0	0	286	46	553	0	317	776	13	0	0	0	0	362	0	7	0	257	0	9	5	0	0	181	1	0	0	0	0	35	59	3	0	0	0	0	38	0	4	0	2647	0	0	0	0	0	0	0	0	0	488	0	0	16	0	4	0	0	123	0	184	0	0	17	0	0	175	93	0	29	0	0	0	0	0	0	0	0	149	0	0	1294	6	0	1	0	17	84	0	166	0	0
Ge_R2.V0	0	0	0	17	0	346	374	0	0	0	50	2	47	0	0	0	1598	969	0	0	0	0	0	237	312	514	0	0	0	311	0	0	136	0	0	7	0	56	0	0	10	2	1	5	0	0	9	136	2	0	2	3	0	34	61	0	234	0	0	5	446	174	0	5	0	0	48	1237	9	28	304	0	2	0	0	0	2	0	8	0	0	6	0	205	0	128	0	0	0	0	347	91	5	17	2	412	782	0	115	50	19	0	0	0	0	17	58	0	0	0	1
Ge_R5.V0	0	12	0	56	135	88	103	0	717	54	0	0	74	0	28	0	0	0	39	0	0	88	50	1207	48	1011	1396	19	162	0	0	0	515	182	53	71	9	0	0	128	306	18	71	30	0	0	0	337	0	165	0	0	0	0	0	114	0	0	0	149	0	0	0	0	0	2	0	14	0	26	107	0	24	29	2	0	140	0	0	0	0	8	71	7	0	0	58	312	0	0	118	8	104	0	0	0	868	55	0	0	37	25	0	0	0	7	317	180	0	0	47
Ge_R6.V0	0	0	0	0	42	0	0	0	0	0	52	1	0	0	0	0	0	0	0	0	0	0	135	0	283	934	2110	0	0	200	0	0	56	0	4	0	0	103	0	0	12	1	0	0	0	0	0	203	0	0	0	61	0	9	117	87	0	0	4	2243	0	12	0	0	0	0	132	205	0	48	0	0	17	0	0	0	0	0	0	0	0	0	0	0	108	0	647	0	0	0	802	0	39	417	0	0	669	6	0	233	10	0	0	0	0	0	0	1	0	0	0
Ge_R8.V0	0	0	0	0	171	0	6	30	4	94	52	2	0	0	0	3	231	0	73	0	0	45	184	1489	228	544	458	1	68	0	343	0	505	0	0	108	4	0	0	0	0	0	8	0	3	0	0	107	0	0	0	80	0	9	97	57	0	0	0	356	0	68	0	646	0	574	0	611	85	5	0	47	10	0	3	0	0	389	0	0	0	1	34	0	0	90	38	222	0	0	1026	112	0	0	0	0	632	12	0	0	27	6	0	0	0	0	0	0	0	0	3
Pa_R14.V0	0	0	0	0	0	0	176	11	0	29	0	5	0	40	1397	0	203	0	0	0	0	0	0	866	274	1363	466	0	418	0	0	0	0	0	1	0	0	0	8	19	700	23	0	59	0	0	0	2	0	43	0	0	0	0	0	295	0	0	0	7	0	0	0	0	0	0	0	0	0	131	0	0	69	0	16	0	229	0	0	0	0	56	52	0	0	520	207	0	246	0	0	0	0	1183	0	0	0	521	0	0	179	187	0	0	0	0	0	0	0	0	1
Pa_R2.V0	0	0	0	0	41	0	0	0	0	0	36	0	0	0	0	0	0	0	0	0	0	0	5	11	0	0	5	0	0	336	0	593	16	2	0	149	0	21	0	0	0	0	0	0	0	0	0	127	2	0	48	0	0	0	164	0	0	0	0	0	85	5	0	855	0	51	5	1857	0	0	59	1	0	9	0	0	0	14	30	6	0	0	8	0	0	0	8	0	0	3418	414	0	10	6	26	0	0	0	0	77	0	0	51	0	6	132	1300	0	0	9	0
Pa_R3.V0	8	0	0	0	30	0	9	0	0	54	15	0	0	316	0	0	71	510	41	33	0	0	20	0	60	2577	1249	32	0	0	149	2	256	96	0	91	0	80	0	27	8	2	37	0	1	0	13	25	0	0	0	0	0	59	0	127	155	11	0	929	269	5	0	79	0	0	0	234	255	0	166	0	16	0	9	0	18	0	0	0	0	0	68	4	0	652	503	0	0	0	158	0	19	0	24	0	0	6	0	69	10	0	0	1	16	39	7	28	53	197	0
Pa_R5.V0	0	11	0	0	0	288	0	0	0	59	0	7	0	0	2	0	0	333	0	28	0	0	89	86	80	392	1387	0	162	0	0	1	156	0	0	0	143	257	0	62	6	5	0	75	0	93	36	0	0	0	0	29	0	7	230	15	0	246	1	4271	23	0	0	0	41	0	0	0	35	0	0	6	6	0	0	0	0	0	0	121	33	0	7	0	0	193	137	6	68	0	0	0	0	0	3	0	147	13	0	0	8	38	328	0	14	105	108	0	0	0	0
Ta_R1.V0	4	0	2	0	0	0	0	0	249	0	50	0	0	0	1	0	112	0	1	0	0	11	0	0	0	60	0	0	0	0	0	0	22	0	3	313	0	23	0	0	0	0	0	0	0	0	0	309	0	0	63	0	27	34	88	0	0	0	0	22	143	124	6	228	135	512	40	1047	0	0	241	44	13	0	0	0	0	7	13	0	30	5	5	227	0	95	2	139	0	3204	1482	36	62	2	25	0	592	0	0	0	7	0	0	0	6	74	3	55	0	0	0
Ut_R2.V0	10	2	1	5	108	0	5	17	1054	12	0	0	4	0	0	0	7	14	0	0	0	1	2	0	3	47	10	0	55	165	0	7	98	0	4	217	0	13	0	6	0	0	0	0	0	0	0	737	6	0	37	18	37	13	127	0	0	0	0	2236	0	15	0	186	0	549	24	1265	17	0	585	33	0	0	0	0	0	13	0	0	0	29	9	62	0	15	22	0	0	858	200	61	3	0	10	138	521	0	45	33	3	0	0	4	0	91	135	0	0	0	0
Ut_R4.V0	0	0	0	0	0	0	0	0	0	0	0	0	0	0	0	0	126	0	0	0	0	0	0	0	0	8	0	0	0	0	0	0	6509	0	0	61	0	9	0	0	0	0	0	0	0	0	0	0	0	0	0	0	0	0	342	0	0	0	11	616	0	0	0	0	0	0	0	0	0	0	226	0	0	0	0	0	0	0	0	374	6	0	0	0	0	0	0	0	0	0	186	61	0	136	3	0	0	102	394	152	0	0	0	0	0	114	55	0	29	479	0
Ut_R5.V0	20	6	0	0	0	0	0	31	0	0	0	45	0	0	0	24	890	0	0	500	480	0	290	0	197	614	0	0	76	0	25	35	366	0	18	137	253	56	0	85	102	21	0	115	0	0	51	1269	278	0	0	0	0	0	0	158	0	0	3	207	0	0	0	0	18	1220	0	0	0	120	0	0	35	0	34	0	102	28	0	6	0	1	199	0	18	583	0	0	395	0	0	0	0	303	0	0	202	204	0	0	61	109	0	0	0	0	0	0	0	0	8
Ge_R1.V3	0	0	0	1	0	0	0	0	494	19	134	27	4	742	0	4	2438	0	0	147	0	0	82	390	104	410	0	0	99	616	160	0	126	0	3	64	0	85	15	65	0	0	0	9	0	0	0	289	2	27	74	103	0	43	110	0	0	0	0	124	0	132	26	938	0	0	0	65	0	131	277	42	4	4	0	0	0	0	37	0	0	6	30	0	0	291	42	25	74	0	30	0	0	0	0	0	317	0	0	477	35	0	0	0	0	1	3	0	0	0	0
Ge_R1.V4	0	0	0	4	0	0	5	0	875	61	92	27	7	357	1	52	1319	0	0	0	0	343	61	1348	330	766	141	0	281	667	0	0	291	0	9	44	0	8	19	14	0	0	0	0	0	0	0	153	0	14	64	151	0	19	122	0	0	0	0	33	0	58	21	454	0	0	0	242	0	60	171	42	0	2	0	0	0	0	40	0	0	2	70	0	0	99	149	17	45	0	10	0	129	0	0	0	190	0	43	468	9	0	0	0	0	0	3	0	0	0	0
Ge_R1.V5	0	3	0	31	0	0	10	0	2089	156	16	73	60	0	0	0	0	0	0	0	0	195	137	1396	0	0	0	0	0	1305	0	0	423	0	19	17	0	6	0	0	0	0	0	0	0	0	0	543	3	0	26	48	0	29	21	0	0	0	0	110	0	47	22	281	0	0	0	840	0	104	103	90	13	2	0	2	0	0	14	0	0	7	0	0	0	383	297	0	79	0	125	0	0	0	0	0	727	0	36	84	16	0	0	0	0	3	0	5	0	0	0
Ge_R11.V3	11	0	5	6	73	0	39	8	1331	57	199	0	16	2	0	29	512	615	0	250	12	0	131	399	23	901	69	0	75	495	0	0	528	112	0	0	0	191	1	8	0	0	0	0	0	6	0	735	5	0	1	40	15	13	45	36	0	0	0	0	125	24	9	17	0	0	30	979	61	27	644	173	12	0	0	0	0	0	0	0	0	11	55	0	0	107	180	22	0	0	230	0	0	0	17	0	8	9	28	0	0	2	0	0	0	22	114	97	0	0	0
Ge_R11.V4	12	0	5	17	409	0	38	3	1612	33	105	0	33	21	0	6	252	642	0	0	46	0	81	136	9	476	767	0	28	36	0	0	189	206	1	0	0	139	3	7	0	0	0	0	0	15	0	959	6	0	5	65	48	11	68	15	0	0	0	0	61	78	11	989	0	0	12	690	78	15	546	37	12	0	0	0	0	0	7	0	0	12	20	146	0	31	91	41	0	0	30	0	187	3	45	54	156	2	11	0	5	1	0	0	0	18	77	28	0	1	0
Ge_R11.V5	1	0	1	12	0	0	56	0	434	1	99	0	28	14	0	75	758	75	0	147	0	0	8	344	53	308	308	0	19	0	0	0	975	1282	0	0	60	485	0	0	3	0	0	0	0	21	10	784	11	0	0	0	16	14	246	17	0	0	16	0	0	51	0	0	0	0	0	1515	0	60	0	89	11	0	0	0	0	0	0	0	0	4	0	14	0	64	82	195	0	0	0	0	375	0	8	70	608	85	0	0	10	16	0	0	0	2	0	57	0	0	0
Ge_R13.V3	0	0	0	13	166	55	18	16	334	23	40	0	20	6	0	0	0	138	0	56	5	0	163	55	13	411	114	26	11	3764	445	0	687	0	12	62	0	25	0	0	0	0	0	0	0	13	0	825	5	0	7	31	53	8	68	0	12	0	0	0	2	72	8	0	0	501	1	844	5	0	217	39	1	0	0	0	0	0	34	0	0	0	13	19	78	31	0	0	8	0	92	1	0	0	0	0	321	0	0	0	4	0	0	0	0	0	3	2	0	0	1
Ge_R13.V4	0	0	0	30	66	9	16	7	387	26	29	0	44	113	0	0	0	0	0	36	3	0	3	167	15	272	116	85	11	3170	360	0	438	0	1	72	0	25	0	0	0	0	0	0	0	1	0	729	3	0	14	27	50	4	34	0	12	0	0	9	0	66	2	95	47	281	3	1600	23	6	416	108	1	0	0	0	0	0	41	0	0	0	10	75	112	49	0	0	17	0	273	0	0	4	0	56	286	0	0	0	18	0	0	0	0	0	4	16	0	0	3
Ge_R13.V5	2	0	0	15	49	12	3	2	66	5	68	0	19	51	0	0	0	16	0	5	0	0	3	21	0	44	11	0	7	5126	756	0	571	0	0	71	0	63	0	0	0	0	0	0	0	0	0	1339	5	1	17	63	0	14	90	0	0	0	0	17	0	110	11	3	0	186	0	190	0	2	248	39	6	0	0	1	0	0	5	0	0	0	0	0	2	1	0	0	1	0	13	0	5	7	0	77	450	1	8	0	79	0	0	0	0	0	9	13	0	0	3
Ge_R14.V3	0	10	0	0	98	0	2	0	6	0	265	0	0	0	0	0	0	0	0	0	0	0	0	0	0	0	2	0	0	5555	528	0	67	0	0	47	0	3	0	0	0	0	5	0	14	0	0	866	130	0	6	0	22	45	116	23	0	0	0	14	0	0	0	0	0	0	0	279	0	0	288	0	25	0	0	0	0	0	0	119	0	0	0	0	0	1	0	0	6	0	1	8	0	14	16	0	0	396	0	0	11	0	0	64	0	39	204	2	702	0	3
Ge_R14.V4	0	0	0	0	0	0	443	57	57	61	102	19	0	33	0	4	0	554	0	2	0	509	119	678	0	579	325	0	0	3115	8	0	1	0	3	36	0	146	16	10	0	0	383	0	4	0	0	178	60	76	1	0	155	1	5	10	0	0	0	330	0	0	0	0	0	0	0	0	0	39	28	0	5	0	0	0	0	35	0	178	13	0	21	0	0	606	3	84	45	0	0	0	0	0	0	0	199	157	0	0	32	51	0	4	0	24	0	0	396	0	0
Ge_R14.V5	0	21	0	0	0	2215	0	0	21	137	0	0	0	569	0	0	0	0	0	569	0	0	0	0	0	145	1474	0	0	0	0	0	0	0	53	0	0	0	0	0	0	0	15	0	0	0	0	0	0	0	0	0	0	0	0	0	11	37	0	250	0	0	0	0	0	0	0	0	0	90	0	0	0	0	0	0	0	19	0	210	47	0	0	0	0	1976	910	0	331	0	0	0	0	0	10	0	0	722	0	0	0	0	0	4	0	62	29	0	74	0	0
Ge_R2.V3	0	0	0	31	97	102	737	5	328	4	30	0	38	46	0	0	404	968	0	40	5	0	0	645	183	407	0	17	24	383	6	0	161	55	5	19	0	0	0	8	7	0	0	0	0	14	0	252	1	3	0	27	73	21	25	0	2	0	0	0	0	67	0	0	2	0	0	1305	0	9	823	31	6	0	0	2	30	0	0	0	0	18	61	0	1	89	0	0	81	0	692	0	0	97	4	798	665	0	0	0	12	0	1	0	0	10	26	1	0	0	1
Ge_R2.V4	0	0	0	20	2	63	748	7	527	20	39	0	28	638	0	0	83	664	0	312	23	0	100	152	105	1462	374	47	25	505	125	0	144	0	0	12	0	0	0	8	50	0	4	0	0	33	0	47	0	10	0	0	136	0	0	0	1	0	0	419	1	0	0	0	224	0	0	1077	0	5	13	6	0	0	2	0	0	0	0	0	0	14	117	80	295	694	0	0	144	0	186	40	0	54	0	28	60	0	0	0	25	0	0	0	0	0	0	0	0	0	0
Ge_R2.V5	0	0	0	0	2	136	753	14	2519	12	53	0	2	38	0	0	598	422	0	51	0	0	12	206	0	863	110	0	152	43	6	0	149	31	0	0	0	39	0	23	0	0	0	0	0	0	0	24	0	3	0	0	297	0	0	0	41	0	0	22	33	47	0	15	10	29	0	2796	0	0	108	2	0	0	0	18	0	0	0	0	0	0	127	0	3	134	0	0	2	0	0	19	25	3	0	0	0	0	0	0	6	0	0	0	0	0	1	3	0	0	0
Ge_R5.V3	0	0	0	0	155	1440	37	0	441	3	97	0	2	76	8	0	0	0	1	124	0	98	16	372	15	375	1617	2	0	87	0	0	253	388	27	26	99	22	5	0	44	4	65	14	0	55	0	942	12	18	0	106	502	15	153	112	0	0	18	283	0	0	0	0	0	0	0	416	0	193	40	2	21	14	0	0	0	0	0	0	0	2	27	0	0	84	97	17	0	0	0	0	2	94	0	0	0	37	0	0	160	6	0	0	0	0	0	664	0	0	0
Ge_R5.V4	5	6	0	13	179	51	18	0	229	5	91	0	29	52	0	0	0	0	12	34	0	12	15	109	27	674	1083	1	5	133	0	0	136	169	3	15	0	20	0	0	2	0	2	0	0	65	0	682	6	2	0	190	75	18	149	31	9	0	0	50	0	0	12	189	0	0	0	2213	0	67	959	4	11	0	0	0	0	0	0	0	0	5	26	0	0	71	146	64	0	0	513	22	60	148	16	0	563	14	0	0	2	9	0	0	11	297	0	161	0	6	0
Ge_R5.V5	0	0	0	16	99	151	188	0	717	19	45	1	18	19	23	0	0	0	8	0	0	119	23	609	17	1028	747	16	443	1022	0	0	115	0	41	112	17	29	4	12	2	0	5	4	1	35	0	652	5	37	0	189	253	0	234	16	0	0	0	78	0	3	46	111	7	0	0	418	0	7	380	0	18	1	0	0	46	0	108	0	0	5	55	0	0	174	78	157	18	0	279	9	0	71	0	115	632	39	0	0	33	14	0	0	0	0	3	0	0	0	0
Ge_R6.V3	0	0	0	0	0	1073	0	2	1	0	188	0	2	1	0	0	0	0	0	193	33	0	135	6	1280	2164	2063	54	0	0	0	0	14	0	14	0	50	118	0	9	0	36	49	49	0	0	0	328	0	1	0	0	52	0	2	58	0	0	19	0	117	0	0	0	0	0	0	18	0	167	0	31	24	0	1	0	0	0	0	0	0	26	61	0	0	62	440	0	185	0	0	0	0	0	0	0	0	750	0	0	3	0	0	0	0	0	0	122	0	0	0
Ge_R6.V4	0	0	0	8	21	0	0	0	0	0	95	0	9	208	0	0	9	0	0	0	0	0	322	752	63	567	1679	50	0	464	196	0	181	0	0	30	4	66	0	0	0	0	0	0	0	5	0	142	0	0	0	37	0	25	40	1	0	0	3	95	18	0	0	1338	3	645	109	706	0	27	94	15	0	0	0	0	0	0	0	0	0	2	61	0	0	25	406	0	98	0	56	0	5	298	0	65	837	101	0	0	11	0	0	0	0	1	0	7	0	0	0
Ge_R6.V5	0	0	0	3	28	0	0	0	1	55	94	0	4	51	0	0	1469	0	0	0	0	0	43	204	42	353	101	68	0	546	221	0	239	0	0	4	0	74	0	0	0	0	0	0	0	0	0	137	0	0	49	92	0	14	198	8	0	0	0	2	41	99	6	218	116	645	0	624	0	6	768	13	1	0	0	9	0	0	28	0	0	14	33	106	34	132	213	0	137	0	131	12	0	19	0	232	1675	0	25	555	1	0	0	0	0	0	0	5	0	0	1
Ge_R8.V3	0	0	0	2	200	9	0	0	0	20	39	0	6	0	0	5	195	0	19	0	0	18	13	274	37	289	111	1	26	4309	3	0	66	0	0	114	0	17	0	0	0	0	0	0	0	0	0	91	1	0	0	0	0	14	22	0	0	0	0	0	28	51	0	52	1	412	2	1285	70	0	131	25	0	0	0	0	0	0	160	0	0	2	17	0	0	12	14	100	15	0	725	122	0	147	2	570	80	0	52	0	0	0	0	0	0	10	10	0	0	0	0
Ge_R8.V4	0	0	0	5	84	84	8	4	5	64	55	0	12	38	0	3	154	0	10	1	0	3	12	76	53	179	223	8	42	3484	108	0	201	0	0	130	0	2	0	0	1	0	0	0	0	0	0	360	1	0	0	28	11	9	51	30	0	0	1	65	60	101	0	30	0	387	112	1349	41	0	290	4	9	0	9	0	2	0	59	0	0	6	33	4	0	60	20	128	39	0	342	85	12	80	6	578	422	0	77	0	32	0	0	0	0	4	14	0	0	0	1
Ge_R8.V5	3	0	4	3	132	173	37	13	1	15	67	0	6	7	0	10	288	0	1	0	28	9	16	288	8	563	51	2	3	2967	182	0	605	0	0	28	0	35	0	2	0	0	0	0	0	0	0	215	1	0	16	27	0	2	16	0	0	0	0	41	68	75	0	0	0	637	0	1195	0	1	168	17	4	0	0	0	2	2	82	0	0	5	18	0	0	19	48	84	114	0	571	0	0	5	2	813	144	0	15	0	3	0	0	0	0	5	36	0	0	0	1
Pa_R14.V3	0	0	0	77	94	1164	591	1	15	59	59	16	36	4	32	0	255	0	21	4	0	0	0	21	59	336	145	10	306	998	0	0	358	0	19	10	0	27	0	7	6	0	0	0	0	0	0	518	4	46	0	12	0	7	118	27	0	5	0	104	0	0	0	0	0	0	5	1859	0	105	435	87	19	21	0	0	30	0	0	0	0	10	1	54	821	22	111	0	38	1	371	0	0	0	0	195	26	0	34	113	60	0	0	0	0	0	0	9	0	0	1
Pa_R14.V4	239	118	428	0	0	0	0	0	0	0	0	0	0	0	0	0	0	0	0	0	0	0	0	0	0	0	0	0	0	0	0	0	0	0	0	0	0	0	0	0	0	0	0	0	0	0	0	0	0	0	0	0	0	0	0	0	40	0	0	0	0	0	0	0	0	0	0	0	0	0	0	0	0	0	0	0	0	0	0	0	0	0	0	0	0	0	0	0	0	0	0	0	0	0	520	0	0	0	0	0	0	0	0	0	0	1522	1762	5371	0	0	0
Pa_R2.V3	0	0	0	0	0	0	0	0	0	0	10	0	0	0	0	0	0	0	0	0	0	0	1	0	0	0	0	0	0	284	5	197	8	0	0	12	0	17	0	0	0	0	0	0	0	0	0	92	0	0	15	48	0	41	47	0	0	64	0	0	29	35	4	786	0	34	0	425	2	0	14	4	0	10	0	0	0	0	0	8	0	0	0	0	0	0	0	0	0	4383	235	0	0	8	12	0	0	0	0	48	0	0	146	0	18	250	2696	0	0	12	0
Pa_R2.V4	0	0	0	0	44	0	0	0	0	0	19	0	0	0	0	0	0	0	0	0	0	0	0	0	0	0	0	0	0	1270	6	164	77	0	0	6	0	2	0	0	0	0	0	0	0	0	0	77	0	0	0	2	0	4	49	0	0	0	0	0	22	37	3	529	0	0	8	278	0	0	6	0	0	8	0	0	0	0	0	55	0	0	0	0	0	0	0	0	0	4522	131	0	0	0	29	0	0	0	0	74	0	0	68	0	12	140	2215	0	0	141	0
Pa_R2.V5	0	0	0	0	28	0	0	0	0	0	4	0	0	0	0	0	0	0	0	20	0	0	0	0	0	0	0	0	0	2342	0	89	215	0	0	0	0	13	0	0	0	0	0	0	0	0	0	122	1	0	6	3	0	22	58	0	0	0	0	184	0	24	0	45	0	0	0	201	0	0	5	1	0	4	0	0	0	0	7	0	0	0	0	0	0	0	0	0	0	6202	293	0	4	0	0	0	0	0	0	18	0	0	0	0	0	0	52	0	0	39	0
Pa_R3.V3	0	0	0	17	1	311	6	4	96	180	48	11	17	111	0	0	18	444	90	95	12	0	2	18	21	1777	660	0	0	0	1	7	329	263	9	28	0	11	0	9	0	0	0	0	0	0	0	434	1	0	0	18	0	14	103	0	41	1	0	527	27	16	18	77	0	0	0	281	283	0	628	45	0	62	0	0	13	0	0	0	0	0	56	114	1	292	219	0	143	0	147	42	205	26	4	169	606	0	0	681	8	0	2	0	5	31	8	42	3	13	0
Pa_R3.V4	0	0	0	0	9	377	22	4	136	74	5	15	0	673	0	0	77	108	27	875	14	0	3	128	64	1023	638	22	7	0	0	37	12	52	5	20	0	69	0	4	0	0	0	0	0	0	0	526	3	0	0	18	0	26	63	0	38	25	0	462	90	4	18	226	0	0	0	660	258	0	183	33	0	12	0	0	9	0	14	0	0	0	91	115	4	270	373	0	40	0	430	47	14	118	9	0	748	0	80	42	42	0	22	0	3	76	19	28	15	249	0
Pa_R3.V5	1	0	0	9	3	168	17	1	89	16	31	0	8	182	0	0	109	439	79	72	15	0	22	442	64	1748	1067	9	33	220	75	37	143	0	2	70	0	9	2	8	0	6	0	0	0	0	0	355	2	0	3	49	0	23	190	0	47	0	0	502	0	101	54	138	0	0	3	172	227	0	479	31	0	13	0	0	5	0	0	0	0	0	40	87	0	354	154	0	92	0	132	213	1	106	18	0	456	0	33	103	6	0	23	10	31	189	325	0	13	24	0
Pa_R5.V3	0	1	0	0	0	278	0	0	0	63	0	0	0	0	4	0	0	385	0	0	0	0	113	221	119	1017	398	0	98	0	0	0	46	0	145	47	11	41	0	4	5	6	0	6	0	36	3	60	2	0	0	8	0	4	6	55	0	0	0	5924	23	4	0	0	0	0	0	2	6	0	1	0	10	0	0	0	0	0	0	0	0	0	0	0	0	180	240	57	116	0	0	0	0	8	0	0	211	32	0	2	2	0	0	0	0	0	1	0	0	0	0
Pa_R5.V4	0	7	0	0	0	934	0	0	6	34	20	1	0	0	1	0	0	15	0	44	0	0	343	192	477	109	1141	0	398	0	0	3	9	0	38	73	14	17	0	59	2	7	0	49	0	33	21	130	4	0	23	19	0	73	103	60	0	61	0	2649	7	17	3	0	19	0	0	2	11	20	0	1	11	0	0	0	0	115	0	2	6	7	50	0	0	160	97	5	99	0	3	0	96	310	0	0	613	1052	2	32	21	0	16	0	0	20	34	0	0	0	0
Pa_R5.V5	0	9	0	0	0	0	0	0	0	26	40	0	0	0	1	0	0	371	0	3	0	0	223	212	199	484	330	0	145	0	0	3	318	0	0	560	51	723	0	15	0	0	0	78	23	1	0	399	6	0	85	31	0	34	563	168	0	0	0	891	90	95	23	0	494	0	20	93	0	22	75	9	34	0	7	5	0	0	0	0	7	4	15	0	142	49	127	1	61	0	24	81	613	5	0	0	1573	36	21	89	68	16	24	13	3	12	54	0	3	0	0
Ta_R1.V3	1	0	1	0	0	0	94	0	1602	0	0	0	0	0	0	0	16	0	181	0	0	247	1	4	0	70	205	39	0	0	271	0	0	0	0	0	0	28	0	0	0	0	0	189	8	0	0	2176	1	0	91	0	0	0	33	0	1	0	0	0	0	0	29	79	32	0	0	638	0	66	482	5	14	0	0	0	0	0	0	46	5	0	172	268	0	0	6	72	0	1923	0	0	0	0	71	0	0	0	0	0	280	289	0	14	15	179	53	0	3	0	1
Ta_R1.V4	0	0	0	9	66	0	14	0	242	10	73	0	10	0	10	0	40	0	2	0	0	0	5	10	0	393	100	6	18	353	0	23	22	13	3	62	0	46	0	0	0	0	0	37	0	0	0	685	2	0	76	258	31	18	222	7	0	0	0	0	96	120	8	74	228	0	8	1491	83	1	458	58	6	0	0	0	0	2	64	0	0	0	17	381	0	26	54	1	0	1809	1462	24	10	80	20	0	0	0	0	89	6	0	0	5	0	365	33	32	21	0	0
Ut_R2.V3	4	2	2	11	75	0	14	1	1090	0	0	0	6	0	0	0	4	40	0	2	0	0	8	0	23	162	12	6	54	590	0	4	169	0	0	80	0	0	4	0	0	0	0	0	0	0	0	582	1	0	32	51	0	30	158	39	0	0	0	0	0	11	24	799	138	1195	0	909	11	2	433	66	3	0	0	0	0	0	0	0	0	78	33	61	0	25	14	0	0	1418	0	0	0	0	14	0	942	0	0	278	9	0	0	7	0	108	151	0	3	12	0
Ut_R2.V4	0	0	0	3	15	0	0	0	1292	0	0	0	0	0	0	0	49	66	0	0	7	33	17	0	30	669	103	0	142	447	0	0	185	0	0	454	0	6	11	0	0	0	0	0	0	0	0	732	0	0	68	49	0	32	96	0	0	0	0	0	0	3	0	86	16	1166	35	568	0	0	434	34	0	0	0	0	0	0	0	0	0	37	49	86	0	47	118	0	0	616	194	139	0	0	8	213	1199	0	0	106	0	0	0	0	0	73	267	0	0	0	0
Ut_R2.V5	0	0	0	0	10	0	0	0	1359	12	0	0	0	0	0	0	55	59	0	0	0	21	11	0	33	695	77	0	129	545	46	0	163	0	0	353	0	0	0	0	0	0	0	0	0	0	0	1374	2	0	40	30	0	0	97	0	0	0	0	57	0	0	0	0	0	1235	23	703	0	0	502	49	0	0	0	0	0	0	0	0	0	3	36	24	0	13	108	0	0	164	0	75	0	0	9	70	983	0	0	92	0	0	0	0	0	167	575	0	0	0	0
Ut_R4.V3	0	0	0	0	0	0	0	0	0	0	0	0	0	0	0	0	149	0	0	44	0	0	0	0	0	81	0	0	0	0	0	0	5537	302	0	0	0	0	0	0	0	0	0	0	0	0	0	258	0	0	0	0	0	0	0	0	26	0	0	2427	0	0	0	0	0	0	0	0	0	0	0	0	0	0	0	0	0	0	0	0	181	0	0	0	0	0	0	0	0	0	0	0	0	0	0	0	0	0	0	55	0	0	0	0	0	59	13	0	0	866	0
Ut_R4.V4	0	0	0	0	0	0	0	0	0	0	0	0	0	0	0	0	107	0	0	156	0	0	4	0	0	27	0	0	0	0	0	0	5781	2829	0	5	0	3	0	0	0	0	0	1	0	0	0	283	0	0	0	0	0	0	135	0	8	0	0	408	0	0	0	0	0	0	0	0	0	0	0	0	0	0	0	0	0	0	0	39	0	0	0	0	0	16	0	0	0	0	7	5	0	0	0	0	0	43	20	3	0	0	0	0	0	0	0	0	0	118	0
Ut_R5.V3	0	0	0	0	0	0	1	11	1935	35	0	1	0	0	0	0	248	213	0	134	132	0	64	178	13	55	19	0	99	2315	0	4	9	0	0	0	0	367	0	0	140	29	0	81	48	0	0	208	1448	0	0	0	0	0	0	88	0	0	0	443	0	0	0	476	17	0	0	0	0	202	0	0	19	0	6	0	0	0	0	4	0	44	51	0	0	410	0	85	0	0	0	0	0	0	0	0	0	55	0	0	84	208	0	0	0	3	3	16	0	0	0
Ut_R5.V4	0	0	0	0	0	0	6	0	1616	28	0	0	0	48	0	0	0	760	0	88	0	0	70	133	15	274	655	9	78	1404	0	84	927	24	0	0	0	129	0	0	46	0	0	2	146	0	19	833	273	0	0	0	0	0	0	222	0	0	0	662	0	0	0	592	22	0	0	0	0	276	0	0	40	0	0	1	0	0	84	0	0	68	22	0	0	145	0	32	0	0	0	0	0	0	0	0	0	51	0	32	35	51	0	0	0	0	0	0	0	0	0
