Name	Acidaminococcus_intestini	Actinobaculum_sp_oral_taxon_183	Actinomyces_graevenitzii	Actinomyces_odontolyticus	Actinomyces_oris	Actinomyces_sp_HMSC035G02	Actinomyces_sp_HPA0247	Actinomyces_sp_ICM47	Actinomyces_sp_S6_Spd3	Actinomyces_sp_oral_taxon_181	Actinomyces_sp_oral_taxon_448	Adlercreutzia_equolifaciens	Agathobaculum_butyriciproducens	Akkermansia_muciniphila	Alistipes_finegoldii	Alistipes_inops	Alistipes_onderdonkii	Alistipes_shahii	Anaeromassilibacillus_sp_An250	Anaerostipes_hadrus	Asaccharobacter_celatus	Atopobium_parvulum	Atopobium_rimae	Bacteroides_dorei	Bacteroides_fragilis	Bacteroides_ovatus	Bacteroides_stercoris	Bacteroides_thetaiotaomicron	Bacteroides_uniformis	Bacteroides_vulgatus	Bacteroides_xylanisolvens	Barnesiella_intestinihominis	Bifidobacterium_adolescentis	Bifidobacterium_bifidum	Bifidobacterium_dentium	Bifidobacterium_longum	Bilophila_wadsworthia	Blautia_obeum	Blautia_sp_CAG_257	Blautia_wexlerae	Clostridium_aldenense	Clostridium_bolteae	Clostridium_bolteae_CAG_59	Clostridium_citroniae	Clostridium_clostridioforme	Clostridium_innocuum	Clostridium_lavalense	Clostridium_leptum	Clostridium_methylpentosum	Clostridium_sp_CAG_58	Clostridium_spiroforme	Clostridium_symbiosum	Collinsella_aerofaciens	Collinsella_intestinalis	Collinsella_stercoris	Coprobacillus_cateniformis	Coprococcus_catus	Coprococcus_comes	Dialister_invisus	Dielma_fastidiosa	Dorea_formicigenerans	Dorea_longicatena	Eggerthella_lenta	Eisenbergiella_massiliensis	Eisenbergiella_tayi	Enterococcus_faecalis	Enterococcus_faecium	Enterorhabdus_caecimuris	Erysipelatoclostridium_ramosum	Escherichia_coli	Eubacterium_eligens	Eubacterium_hallii	Eubacterium_ramulus	Eubacterium_rectale	Eubacterium_sp_CAG_180	Eubacterium_sp_CAG_38	Eubacterium_ventriosum	Faecalibacterium_prausnitzii	Firmicutes_bacterium_CAG_110	Firmicutes_bacterium_CAG_83	Flavonifractor_plautii	Fusicatenibacter_saccharivorans	Fusobacterium_nucleatum	Gemella_haemolysans	Gemella_morbillorum	Gemella_sanguinis	Gemmiger_formicilis	Gordonibacter_pamelaeae	Haemophilus_parainfluenzae	Holdemania_filiformis	Hungatella_hathewayi	Intestinibacter_bartlettii	Intestinimonas_butyriciproducens	Janibacter_indicus	Klebsiella_oxytoca	Klebsiella_pneumoniae	Klebsiella_quasipneumoniae	Klebsiella_variicola	Lachnospira_pectinoschiza	Lactobacillus_fermentum	Lactobacillus_gasseri	Lactobacillus_paragasseri	Lactobacillus_rhamnosus	Lactobacillus_rogosae	Lactobacillus_ruminis	Lactobacillus_salivarius	Lactococcus_lactis	Lawsonibacter_asaccharolyticus	Megasphaera_micronuciformis	Monoglobus_pectinilyticus	Odoribacter_splanchnicus	Oscillibacter_sp_57_20	Oscillibacter_sp_CAG_241	Parabacteroides_distasonis	Parabacteroides_merdae	Parasutterella_excrementihominis	Phascolarctobacterium_faecium	Prevotella_copri	Prevotella_sp_885	Proteobacteria_bacterium_CAG_139	Romboutsia_ilealis	Roseburia_faecis	Roseburia_hominis	Roseburia_intestinalis	Roseburia_inulinivorans	Roseburia_sp_CAG_471	Rothia_dentocariosa	Rothia_mucilaginosa	Ruminococcus_bicirculans	Ruminococcus_bromii	Ruminococcus_gnavus	Ruminococcus_lactaris	Ruminococcus_torques	Ruthenibacterium_lactatiformans	Scardovia_wiggsiae	Sellimonas_intestinalis	Slackia_isoflavoniconvertens	Streptococcus_anginosus_group	Streptococcus_gordonii	Streptococcus_infantis	Streptococcus_lutetiensis	Streptococcus_mitis	Streptococcus_mutans	Streptococcus_oralis	Streptococcus_parasanguinis	Streptococcus_salivarius	Streptococcus_sanguinis	Streptococcus_thermophilus	Streptococcus_vestibularis	Turicibacter_sanguinis	Turicimonas_muris	Tyzzerella_nexilis	Veillonella_atypica	Veillonella_dispar	Veillonella_infantium	Veillonella_parvula	Veillonella_sp_T11011_6	[Collinsella]_massiliensis
FRICKE_16A	0	0	0	0	0	0	0	0	0	0	0	0	0	0	0	0	0	0	0	2	0	0	0	0	0	0	275	0	0	3389	0	0	0	0	0	1	0	0	609	1	0	0	137	0	0	434	0	18	0	0	0	44	0	0	0	51	0	0	0	0	0	1	71	0	0	0	0	0	1667	294	0	0	0	0	0	0	0	0	0	0	18	0	0	3	1	1	0	9	11	0	135	41	0	0	0	0	0	0	0	0	0	0	0	0	0	0	0	0	0	21	0	0	0	0	0	0	0	0	0	0	0	0	0	0	0	0	0	2	0	0	2626	0	0	0	0	0	0	0	0	1	0	5	0	2	2	0	0	88	0	0	0	15	0	1	1	23	0	0
FRICKE_18A	0	0	0	0	7	0	0	0	0	0	0	0	0	0	0	0	0	0	0	1	0	1	0	0	0	0	0	0	1	0	0	0	0	0	0	0	0	0	0	1	13	0	0	0	0	1138	0	0	4	0	2580	5	0	0	0	0	0	0	0	0	0	0	0	0	0	2556	0	0	0	0	0	0	0	1	0	0	0	1	0	0	0	0	0	1	0	11	0	0	0	0	0	0	0	0	0	10	1	4	0	0	1	0	73	0	0	0	110	0	0	0	0	0	0	0	0	0	0	0	0	0	0	0	0	0	0	0	2	12	0	0	1169	0	1	0	0	0	0	0	0	3	0	9	0	49	30	38	4	22	0	0	0	2137	2	0	0	1	0	0
FRICKE_19A	0	0	0	4	8	0	0	0	0	0	0	0	0	0	0	0	0	0	0	1	0	0	0	0	0	0	0	0	0	0	0	0	0	0	34	1	0	0	1	5	0	0	0	0	0	0	0	0	0	0	0	0	0	0	0	0	0	0	0	0	0	0	0	0	0	45	183	0	931	4736	0	0	0	5	0	0	0	1	0	0	0	0	0	0	0	10	0	0	0	0	0	13	0	0	18	3	0	1	0	0	0	0	13	0	0	0	3	0	108	0	0	0	0	0	0	0	0	0	0	0	0	0	0	0	0	0	1	3	0	13	1	0	0	0	0	0	0	0	2	0	2407	12	4	4	23	31	6	1304	30	0	0	0	34	0	0	0	0	0
FRICKE_20A	242	0	0	17	0	3	0	4	17	7	0	0	0	0	0	0	0	0	0	0	0	1	0	0	0	0	0	0	0	0	0	0	1	0	0	0	0	0	0	2	0	0	0	0	0	0	0	0	0	0	0	0	0	0	0	0	0	0	0	0	0	0	0	0	0	17	0	0	1	1777	0	0	0	11	0	0	0	1	0	0	0	0	0	15	3	28	0	0	0	0	0	0	0	0	3278	32	3	41	0	0	0	0	2324	0	0	0	5	0	467	0	0	0	0	0	0	1	24	0	0	0	1	0	0	0	0	0	7	5	0	9	0	0	0	0	0	0	0	0	14	47	0	40	0	26	109	555	0	115	27	30	0	0	686	5	1	2	0	0
FRICKE_23A	0	0	0	7	2	0	0	0	0	23	0	0	0	0	0	0	0	0	0	1	0	5	1	0	0	0	0	0	0	0	0	0	0	7886	0	0	0	0	0	0	0	0	0	0	0	104	3	0	0	0	0	0	1	0	0	0	0	0	1	0	0	1	0	295	0	17	0	0	578	314	0	0	0	2	0	0	0	0	0	0	6	0	190	1	3	8	0	0	0	0	0	308	0	0	15	21	4	30	0	0	0	0	9	0	0	0	4	0	22	0	0	0	0	0	0	0	0	0	0	0	0	0	0	0	0	0	1	1	0	0	0	0	0	0	1	0	0	2	0	0	0	2	0	0	23	55	7	11	11	6	0	0	0	13	2	2	1	0
FRICKE_28A	0	1	0	15	14	4	0	0	5	0	0	0	0	1	0	0	0	0	0	2	0	1	3	0	0	102	0	0	2	97	0	0	2	0	0	2	0	0	0	6	0	19	28	0	0	199	0	0	0	0	0	0	1	1	0	0	0	0	2	1	0	0	0	0	0	0	0	0	3531	3673	0	0	0	18	0	0	0	2	0	0	0	1	28	4	35	37	0	0	6	51	0	0	0	0	1	155	13	36	0	0	0	0	0	0	0	0	0	0	0	0	0	0	0	28	0	0	0	0	0	0	0	1	0	0	0	0	2	14	0	19	37	0	1	0	0	0	0	0	216	46	0	140	0	576	223	517	41	0	7	0	0	0	2	4	9	19	0	0
FRICKE_29A	1306	0	0	1	0	1	1	3	1	0	0	0	0	0	0	0	0	0	0	1	0	1	0	0	0	0	0	0	0	0	0	0	0	0	0	1	46	0	0	1	0	0	0	0	0	0	0	0	0	0	0	0	0	0	0	0	0	0	0	0	0	1	0	0	0	0	0	0	0	660	0	0	0	0	0	0	0	0	0	0	0	0	0	0	0	9	0	0	20	0	0	0	0	0	2464	1528	493	393	0	0	0	0	58	0	0	12	25	0	2	0	0	0	0	0	0	0	0	0	0	0	0	0	0	0	0	0	0	1	0	0	1	0	0	0	0	0	0	0	1	2	0	5	1	0	68	39	0	2187	3	3	0	0	23	461	41	114	23	0
FRICKE_54A	0	0	0	0	0	0	0	0	0	0	0	0	0	0	0	0	0	0	0	0	0	0	0	0	0	0	0	0	0	0	0	0	226	688	61	16	0	0	1	8505	0	66	0	0	0	215	0	0	0	0	0	0	0	0	0	0	0	0	0	0	0	0	0	0	0	0	0	0	141	4	0	0	0	3	0	0	0	7	0	0	0	0	0	1	0	0	0	0	0	0	0	0	0	0	0	0	0	0	0	0	8	0	0	0	0	0	0	0	0	0	0	0	0	0	0	0	0	0	0	0	0	0	0	0	0	0	0	0	0	0	8	0	0	0	0	0	0	0	0	1	0	2	0	0	0	0	0	29	0	0	0	0	17	0	0	1	0	0
FRICKE_9A	0	0	0	0	1	0	0	0	0	0	0	0	0	0	0	0	0	0	0	0	0	0	0	0	0	0	0	0	0	0	0	0	0	0	7	0	0	0	1	2	0	0	0	0	0	0	0	0	0	0	0	0	1	0	0	0	0	0	0	0	0	0	0	0	0	93	1	0	3	79	0	0	0	4	0	0	0	2	0	0	0	0	487	7	5299	6	0	0	233	0	0	0	0	0	0	0	1	0	0	0	0	0	0	0	0	0	0	0	0	0	0	0	0	0	0	0	0	0	0	0	0	0	0	0	0	0	9	7	0	0	1	0	0	0	0	0	0	1678	259	0	0	152	0	393	0	0	22	0	0	0	0	0	713	0	0	541	0	0
FRICKE_16D	0	0	0	0	0	0	0	0	0	0	0	9	0	0	15	0	0	58	0	1972	16	0	0	82	0	176	78	0	2428	1466	0	0	0	0	0	0	0	0	5	754	1	6	1	3	0	4	0	135	1	0	2	95	3	5	3	0	0	0	0	2	0	0	81	39	60	2	0	1	601	0	0	0	0	1	0	0	0	663	0	0	5	0	0	0	0	0	0	14	0	17	97	0	9	0	1	0	0	0	0	0	0	0	0	0	0	0	0	1	0	0	162	0	0	224	50	58	0	0	0	3	0	0	0	0	0	0	0	0	0	0	193	0	0	321	0	0	0	0	0	0	0	0	0	0	11	12	0	0	0	0	4	51	0	0	0	0	0	1
FRICKE_18C	8	0	0	0	6	0	0	0	0	0	0	0	59	2156	0	0	0	0	0	1313	0	0	0	0	0	20	53	3	22	49	0	0	0	0	0	0	4	515	0	510	0	4	0	0	1	45	0	0	0	2	28	0	845	2	5	1	0	0	0	3	0	0	0	0	0	1	0	0	10	60	0	0	0	5	0	0	0	1	0	0	7	839	0	0	0	2	0	0	0	16	0	0	0	0	0	0	0	0	0	0	2	2	0	0	0	0	10	0	0	0	0	0	0	0	33	0	1	0	0	0	0	3	0	0	0	1	1	0	0	0	0	829	2469	0	0	0	0	2	2	1	0	0	11	2	11	14	0	4	2	0	0	1	0	0	0	2	0	1
FRICKE_19C	0	0	2	0	5	0	0	0	0	0	0	0	0	0	0	0	0	0	0	0	0	0	0	0	0	0	0	0	0	0	0	0	0	0	0	202	0	0	1	1	0	0	0	0	3	34	0	0	0	0	0	0	0	0	0	0	0	0	0	0	0	0	41	0	0	0	31	0	432	2988	0	0	0	3312	0	0	0	1	0	0	0	0	0	0	0	4	0	2	0	0	0	1	0	0	0	146	10	24	0	0	0	0	0	0	0	0	0	0	0	0	0	0	0	0	0	0	0	0	0	0	0	0	0	0	0	0	2	5	0	4	2462	0	0	1	0	0	0	0	1	0	0	19	2	20	127	73	2	1	36	0	0	0	0	0	0	0	0	0
FRICKE_19G	0	0	9	0	3	0	0	0	2	1	5	0	0	0	0	0	0	0	0	1	0	0	0	0	0	0	0	0	0	0	0	0	1	1	0	17	0	0	1060	533	0	0	0	0	13	4	0	0	0	0	5	0	1	0	0	0	0	0	0	0	0	0	37	0	0	0	0	0	158	4598	1	0	0	1057	0	0	0	3	0	0	0	0	0	5	2	35	0	2	0	0	0	0	0	0	0	370	16	82	0	0	0	0	6	0	0	0	0	0	0	0	0	0	0	0	0	0	0	0	0	0	0	1	0	1	0	0	3	8	0	1	426	0	2	0	0	0	0	1	3	3	4	58	3	18	214	616	7	471	132	0	0	0	0	0	0	0	0	0
FRICKE_20E	0	0	0	0	0	0	0	0	0	0	0	4	63	89	0	0	0	0	134	203	7	0	0	0	0	0	0	0	0	0	0	0	163	0	0	85	0	18	5	100	0	0	0	0	0	1	0	19	0	1	7	0	144	0	1	0	37	39	0	0	33	73	12	0	2	0	0	0	5	10	4	75	0	766	0	0	13	3929	0	0	0	8	0	0	0	0	1	1	2	4	0	0	0	0	3	1	0	0	0	0	0	0	0	0	0	0	0	0	0	0	0	0	0	0	0	0	0	0	0	0	0	952	8	0	6	0	0	1	157	2730	0	0	8	44	0	8	0	0	0	0	0	0	0	0	0	20	0	0	0	0	0	0	0	0	0	0	0	0
FRICKE_23C	0	0	0	1	1	0	0	0	1	3	0	27	1	0	0	0	0	0	9	479	47	1	0	0	0	0	13	0	1	7	0	0	0	1573	0	0	0	215	10	61	0	4	0	0	0	6	0	15	0	24	7	3	1675	1	15	0	36	687	0	0	227	1339	82	1	7	0	0	2	32	36	0	527	12	908	0	0	0	3	0	119	2	324	0	0	3	1	68	19	0	2	0	3	0	0	0	262	25	66	0	0	0	0	0	0	0	0	1	0	0	0	0	0	0	1	1	0	0	0	0	0	0	0	14	0	2	0	2	2	0	0	5	4	367	3	1	14	262	6	0	1	0	2	1	3	54	147	7	2	23	78	0	0	0	0	0	0	0	2
FRICKE_23G	0	0	1	1	1	1	0	0	1	2	0	7	2	0	0	0	0	0	8	1137	12	0	0	0	0	0	1	0	0	6	0	0	0	1538	0	0	0	259	33	262	0	0	0	0	0	3	0	62	0	5	32	0	1415	1	15	0	23	337	0	0	368	905	88	0	15	0	0	1	52	71	0	489	446	564	0	0	0	0	0	0	0	385	0	6	1	10	6	22	0	3	0	0	0	0	0	5	1	1	0	0	0	0	0	0	0	0	11	0	0	0	0	0	0	1	1	0	0	0	0	0	2	2	0	0	0	1	1	4	0	0	43	1	726	12	1	0	168	2	1	7	0	12	4	10	180	141	4	36	23	0	0	0	0	0	0	0	0	2
FRICKE_28C	0	0	0	3	0	0	0	0	1	0	0	14	25	0	0	0	0	0	3	91	23	0	0	0	0	0	0	0	1	0	0	0	1	0	0	88	0	0	121	418	0	0	0	0	0	0	0	23	0	1	0	0	0	0	0	17	8	0	0	0	117	0	30	0	0	0	0	0	2	1	0	5	0	3185	151	0	0	43	0	0	0	227	0	0	5	3	60	13	0	58	0	0	0	0	0	0	0	0	0	0	0	0	0	0	0	0	1	0	0	0	0	0	1	0	0	0	0	0	0	0	0	1	0	8	8	0	0	3	0	4419	62	1	0	8	0	2	0	0	24	2	0	1	0	85	97	536	1	0	2	0	0	0	0	0	0	0	0	0
FRICKE_29C	9	1	0	2	1	2	1	9	1	1	0	0	26	0	0	0	0	0	0	823	0	0	0	1	0	0	0	0	0	0	1	0	25	0	21	649	0	1	227	0	0	0	0	0	0	20	0	9	0	1	0	0	0	0	0	0	0	0	0	0	78	927	49	0	0	2	0	0	79	5	0	0	0	714	21	0	0	0	0	0	8	0	0	0	0	12	0	7	8	1	0	117	0	0	0	0	0	0	0	0	0	0	0	0	0	17	0	0	0	0	0	0	0	0	0	0	0	0	0	0	2	0	0	161	0	0	1	4	0	0	995	0	0	8	0	4	0	7	13	18	0	19	2	2	328	495	6	3933	79	28	0	0	1	7	3	4	1	0
FRICKE_29I	33	0	0	2	0	2	2	7	1	1	0	0	86	0	0	0	0	0	0	2475	1	0	0	32	8	0	1	4	15	25	18	0	59	0	6	411	0	2	1457	0	0	0	0	0	1	55	0	22	0	2	2	0	0	0	0	3	0	0	0	0	69	910	370	0	0	0	0	1	93	6	0	1	0	713	640	0	0	0	0	0	18	0	0	0	8	10	0	53	0	1	36	34	0	0	0	0	0	0	1	0	0	0	0	0	0	3	1	0	0	0	2	0	0	4	0	0	0	0	0	0	0	0	0	32	0	2	0	1	0	0	1392	0	0	102	0	13	0	20	1	1	0	2	2	0	174	472	2	38	8	20	0	0	0	1	0	2	0	0
FRICKE_54C	0	0	0	0	0	0	0	0	0	0	0	9	275	2	0	0	0	0	0	548	4	0	0	0	1	2	0	0	0	18	0	0	324	1444	8	1520	0	0	0	350	2	1	0	1	0	3	0	0	0	0	34	0	336	1	3	0	0	0	40	0	60	0	28	0	0	0	0	0	15	6	1214	0	0	2	0	0	0	3321	0	0	3	0	0	0	0	0	1	5	0	0	4	14	0	0	0	0	0	0	0	0	0	0	0	0	0	0	1	0	0	0	0	0	0	0	1	0	0	0	0	0	1	0	0	35	3	0	0	0	115	177	35	0	0	6	0	0	0	0	0	0	0	0	0	0	1	3	0	7	0	13	0	0	2	0	0	0	0	0
FRICKE_9E	0	0	0	3	15	0	0	0	1	6	2	0	1	2064	0	0	0	0	0	6	0	0	0	0	0	0	0	0	0	0	0	0	5	11	163	13	0	0	21	101	0	0	0	0	1	37	0	71	0	0	0	0	6	109	486	12	0	0	0	0	54	0	1211	5	0	0	0	0	875	5	8	0	0	8	0	0	0	32	0	170	0	0	0	3	1	3	0	193	0	0	1	143	0	0	1	0	0	0	0	92	0	127	0	0	0	0	0	0	0	7	0	0	0	0	1	0	0	0	0	0	0	18	0	12	14	0	1	1	0	1308	89	0	0	332	131	291	0	81	16	0	1	0	0	3	93	1298	0	50	180	0	0	0	0	0	0	2	0	2
FMT10	0	0	0	1	1	0	4	0	0	0	0	0	0	1	0	0	0	0	0	0	0	0	0	0	0	0	0	0	0	1	0	0	0	0	0	0	0	0	0	0	0	0	0	0	0	1555	0	0	0	0	0	0	0	0	0	92	0	0	11	0	0	1	0	0	0	0	1404	0	616	4572	0	0	0	0	0	0	0	1	0	0	1416	0	1	2	0	2	0	0	0	0	0	0	0	0	21	1	0	0	0	0	0	0	5	0	0	31	0	0	16	0	0	0	0	0	0	0	0	1	0	0	0	0	0	0	0	0	0	1	0	0	0	0	0	0	0	0	0	2	0	0	0	32	3	2	23	5	0	0	2	0	0	0	169	0	0	0	0	0
FMT101	3	0	0	0	0	0	0	0	0	0	0	0	0	3	0	0	0	0	0	0	0	0	0	0	0	0	0	0	0	1	3	0	0	0	0	0	0	0	0	2	0	0	0	0	0	0	0	0	0	0	0	0	0	0	0	0	0	0	0	0	0	0	0	0	0	5	3	0	1	4844	0	0	0	0	0	0	0	0	0	0	0	0	14	0	0	0	0	0	6	0	0	0	0	0	1	4	0	0	0	47	0	0	27	0	1	1898	0	0	0	0	0	0	0	0	0	0	0	1	0	0	0	0	0	0	0	0	0	0	0	0	1	0	0	0	0	0	0	0	0	0	0	0	0	0	10	1	0	0	0	0	0	0	3099	18	4	2	1	0
FMT103	1650	0	0	0	2	0	0	0	0	0	0	0	0	2	0	0	0	0	0	0	0	0	0	0	0	0	0	0	0	0	0	0	0	0	0	2	0	0	0	0	0	0	0	0	0	0	0	0	0	0	0	0	0	0	0	0	0	0	0	0	0	0	0	0	0	22	550	0	0	152	0	0	0	1	0	0	0	1	0	0	0	0	0	0	0	0	0	0	1	0	0	0	0	0	26	2991	541	3526	0	0	0	0	168	0	1	0	29	0	0	0	0	0	0	0	0	0	0	2	1	0	0	0	0	0	0	0	2	0	0	0	0	0	0	0	0	0	0	0	3	0	0	2	0	6	12	17	0	259	13	0	0	0	1	0	0	19	0	0
FMT20	0	0	0	1	1	0	0	0	0	0	0	0	0	1	0	0	0	0	0	0	0	0	0	0	0	0	0	0	0	1	0	0	0	0	0	0	206	0	0	0	0	0	0	0	0	0	0	0	0	0	0	0	0	0	0	0	0	0	0	0	0	1	0	0	0	0	0	0	0	3527	0	0	0	1	0	0	0	1	0	0	0	0	0	0	0	0	0	0	0	0	0	0	0	0	6113	15	1	1	0	0	0	0	0	0	0	0	0	0	0	0	0	0	0	0	0	0	0	1	0	0	0	0	0	0	0	0	16	0	0	0	0	0	0	0	0	0	0	0	8	0	0	58	0	2	0	0	0	0	0	0	0	0	0	0	0	40	0	0
FMT23	0	0	0	0	1	0	0	0	0	0	0	0	0	1	0	0	0	0	0	0	0	0	0	0	0	0	0	0	0	1	0	0	1	0	0	0	0	0	0	0	8	4	0	0	40	145	51	0	0	0	1	0	0	0	0	0	0	0	0	0	0	1652	0	531	0	0	6	0	1002	386	0	0	0	1	0	293	0	0	0	0	19	2147	0	0	0	0	0	0	0	0	393	36	0	0	1	33	4	11	0	0	0	0	0	0	0	0	0	0	0	0	0	0	0	0	0	0	0	2	0	0	0	2320	0	0	0	0	0	0	0	0	573	0	0	0	0	0	0	0	2	0	0	14	0	1	4	0	0	0	4	0	0	0	285	0	0	24	0	0
FMT35	44	0	0	3	6	2	7	0	0	0	0	0	0	0	0	0	0	1	0	1	0	0	0	0	0	0	0	0	1	5	1	0	5	1435	447	1	0	1	0	2	0	0	0	0	0	345	0	1	0	0	0	0	6	0	0	0	0	0	0	0	1	4	0	0	0	4	0	0	0	114	0	0	0	13	0	0	0	25	2	0	0	2	0	0	0	1	0	0	0	0	0	22	1	0	1	219	11	88	2	0	0	0	1	0	0	3	34	0	2	0	1	1	1	3	0	0	2	11	1	0	0	2	0	1	0	0	0	1	0	4	6736	0	2	0	0	0	0	2	5	1	0	3	4	0	31	173	2	16	0	1	0	0	2	20	5	96	3	0
FMT5	0	0	0	0	0	0	0	0	0	0	0	0	0	0	0	0	0	0	0	0	0	0	0	0	0	0	0	0	0	1	0	0	0	0	615	0	0	0	0	0	0	0	0	0	0	0	0	0	0	0	0	0	0	0	0	157	0	0	0	0	0	0	0	0	0	0	1478	0	0	252	0	0	0	0	0	0	0	0	0	0	0	0	0	0	0	0	0	0	0	0	0	0	0	0	283	3897	266	1170	0	0	1	2	105	0	0	6	0	0	0	0	0	0	0	0	0	0	0	1	0	0	0	0	0	0	0	0	1	0	0	0	0	0	0	0	2	0	0	0	0	0	0	0	0	0	5	2	0	73	4	0	0	0	1661	0	0	11	0	0
FMT51	0	0	0	2	2	0	0	0	1	0	0	0	0	0	55	0	0	16	0	0	0	294	120	0	0	0	0	0	32	0	1	0	0	0	846	9	0	0	0	56	16	23	0	18	1	73	12	0	0	0	43	619	0	0	0	11	0	0	6	0	0	0	117	0	17	10	0	0	0	0	0	0	0	0	0	0	0	0	0	0	191	0	23	0	14	7	0	21	177	0	19	0	0	0	0	0	0	1	0	0	0	0	0	0	0	0	0	0	169	0	0	0	0	0	0	0	16	0	0	0	0	0	0	0	0	0	0	0	0	0	1066	0	0	18	0	0	0	46	113	0	0	7	0	6	318	3403	0	0	122	169	0	0	180	76	32	1382	25	0
FMT56	2	0	0	0	0	0	0	0	0	0	0	0	0	0	0	0	0	0	0	0	0	0	0	0	0	0	0	0	0	12	1	0	16	32	0	36	0	0	0	19	0	0	0	0	0	0	0	0	0	0	0	0	27	0	0	0	0	0	0	0	0	0	0	0	0	0	6	0	0	112	0	0	0	12	0	0	0	72	0	0	0	0	0	0	0	0	0	0	0	0	0	0	0	0	4322	4003	0	0	0	0	40	0	757	0	0	0	0	0	0	0	0	0	0	0	0	0	0	44	17	0	0	0	0	0	0	0	0	0	0	0	298	16	38	0	0	0	0	0	0	0	44	0	0	0	0	12	0	0	62	0	0	0	0	0	0	0	0	0
FMT59	0	0	0	0	1	0	1	0	0	0	0	0	0	0	0	0	0	0	0	0	0	0	0	0	0	0	0	0	0	0	0	0	0	0	0	128	0	0	0	0	0	3	24	0	13	201	0	0	0	0	3	57	0	0	0	0	0	0	0	0	0	0	62	0	0	21	18	0	86	31	0	0	0	0	0	0	0	0	0	0	0	0	0	0	0	0	0	14	0	0	5	0	0	0	0	0	0	0	0	68	0	0	5	0	0	1	0	0	0	0	0	0	0	0	0	0	0	0	0	0	0	10	0	0	0	3	0	0	0	0	105	0	0	32	0	0	0	0	0	0	9024	0	0	12	36	9	0	2	22	0	0	0	0	0	0	1	0	0
FMT69	0	0	0	0	0	0	0	0	0	0	0	0	0	1	0	0	0	0	0	0	0	0	0	0	0	12	0	0	0	0	2	0	0	5	0	0	0	0	0	0	0	0	0	0	0	23	0	0	0	0	0	0	0	0	0	0	0	0	213	0	0	0	0	0	0	0	945	0	32	845	0	0	0	0	0	0	0	0	0	0	1	0	549	0	1	0	0	0	258	0	0	0	0	0	52	349	54	124	0	60	0	0	165	0	0	6227	49	0	0	0	0	0	0	0	0	0	0	1	0	0	0	0	0	0	0	0	0	0	0	0	0	0	0	0	0	0	0	0	0	0	1	0	0	0	0	4	0	6	0	17	0	0	2	0	0	0	0	0
FMT75	0	0	2	387	0	14	0	0	0	4	0	0	0	0	0	0	0	0	0	0	0	0	0	0	0	0	0	0	0	1	0	0	0	0	0	0	0	0	0	0	0	0	0	0	0	0	0	0	0	0	0	0	0	0	0	0	0	0	0	0	0	0	265	0	0	230	327	0	0	3691	0	0	0	0	0	0	0	0	0	0	0	0	0	0	0	0	0	43	12	0	0	45	0	0	505	2396	429	463	0	0	0	0	249	0	0	0	0	0	0	0	0	0	0	0	0	0	0	0	0	0	0	0	0	0	0	0	0	0	0	0	7	0	0	0	0	0	0	0	0	0	0	0	0	0	2	3	0	43	0	0	0	0	0	660	200	21	0	0
FMT78	0	0	0	5	6	0	0	0	0	0	0	0	0	2	0	0	0	0	0	0	0	2	0	0	0	0	0	0	0	2	0	0	0	0	0	0	0	0	0	0	0	0	0	0	0	0	0	0	0	0	0	0	0	0	0	0	0	0	0	0	0	0	0	0	0	5	9859	0	0	1	0	0	0	0	0	0	0	0	0	0	0	0	0	0	0	0	0	0	0	0	0	0	0	0	0	0	0	0	0	9	0	0	1	0	0	0	0	0	0	0	0	0	0	0	0	0	0	1	0	0	0	0	0	0	0	0	11	0	0	0	0	0	0	0	79	0	0	0	0	0	2	5	0	0	5	0	0	0	0	0	0	0	0	0	0	3	0	0
FMT82	0	0	1	0	1	0	2	0	0	0	0	0	0	0	0	0	0	0	0	0	0	0	0	0	0	0	0	0	0	0	0	0	0	0	0	0	0	0	0	0	0	0	0	0	0	475	0	0	0	0	0	0	0	0	0	0	0	0	0	0	0	0	0	0	0	0	0	0	0	1	0	0	0	0	0	0	0	0	0	0	111	0	265	0	0	0	0	0	2	0	0	0	0	0	3497	143	20	15	0	0	0	0	481	0	0	2729	1	0	313	0	0	0	0	0	0	0	0	0	0	0	0	0	0	0	0	0	0	2	0	0	0	0	0	0	0	0	0	0	6	0	0	1	2	0	58	944	2	1	34	0	0	0	837	18	12	25	1	0
FMT88	0	0	0	0	1	0	1	0	0	0	0	0	0	2	0	0	0	0	0	0	0	1	0	0	0	0	0	0	0	2581	0	0	0	0	199	0	106	0	306	0	0	0	0	0	449	329	24	0	0	0	0	0	4	66	133	0	0	0	1	0	0	2	0	0	0	3	178	0	387	113	0	0	0	0	0	0	0	0	0	0	207	0	56	0	0	0	0	0	0	0	0	0	0	0	7	21	3	4	0	9	7	1	16	0	0	3	1	0	0	0	0	0	0	0	0	0	0	0	0	0	0	3532	0	0	0	0	0	0	0	0	1183	0	0	0	2	0	0	8	0	0	1	0	1	0	4	2	0	0	4	0	0	0	32	0	0	1	0	3
FMT93	847	0	1	2	15	0	0	2	0	0	0	0	0	4530	0	0	0	0	0	0	0	1	1	0	0	0	0	0	0	0	0	0	0	0	0	2	99	0	0	0	0	0	0	0	0	0	0	0	0	0	0	0	0	0	0	0	0	0	8	0	0	0	0	0	0	0	2001	0	0	624	0	0	0	0	0	0	0	0	0	0	0	0	0	0	0	1	0	0	0	0	0	0	0	0	411	491	116	102	0	2	6	0	504	0	0	0	2	0	4	0	0	0	0	0	0	41	0	0	0	2	0	0	0	0	0	0	1	1	0	0	0	0	0	0	0	0	0	1	8	1	0	6	0	1	38	55	3	30	20	0	4	0	13	1	0	1	0	0
FMT96	0	0	0	7	14	4	83	0	0	12	1	0	0	0	0	0	0	0	0	0	0	0	0	0	0	0	0	0	0	2	1	0	0	0	0	0	50	0	0	2	0	0	0	0	4209	4	0	0	0	0	0	0	2	0	0	0	0	0	98	0	0	1	0	0	0	0	268	0	0	37	0	0	0	2	0	0	0	7	0	0	0	0	102	0	0	0	0	0	0	0	0	0	0	0	25	25	0	5	0	506	10	134	1026	0	0	0	0	0	12	0	0	0	2	0	0	293	0	3	0	2417	0	0	0	0	0	0	0	1	0	0	0	0	0	0	8	0	0	0	5	0	1	0	67	0	323	40	0	40	0	0	127	0	1	6	11	4	1	0
FMT99	0	1	1	13	12	4	31	7	0	4	7	0	0	0	0	0	0	0	0	0	0	1	0	0	0	0	0	39	0	0	2	0	0	1	2	0	0	0	0	0	0	0	0	0	0	0	0	146	0	0	0	0	0	0	0	0	0	0	46	0	0	0	0	0	0	0	0	0	0	49	0	0	0	0	0	0	0	0	0	0	0	0	3	2	0	1	0	0	0	0	0	0	0	0	3	1	0	0	0	69	2	3	8283	0	0	0	8	0	30	0	0	0	0	0	0	0	0	0	0	0	2	0	0	0	0	0	0	0	0	0	5	0	0	0	2	0	0	2	6	0	0	1	32	1	203	133	24	677	37	1	0	0	47	5	1	52	0	0
FMT100	0	1	1	15	11	6	48	9	1	5	13	0	0	0	0	0	0	0	0	2	0	0	0	0	0	0	0	119	0	1	274	0	0	0	640	0	0	0	0	1	0	0	0	0	0	85	0	170	0	0	0	0	1	0	0	0	0	0	28	590	0	0	301	0	0	1	1	1	32	781	0	0	0	1	0	0	0	1	0	0	1699	0	19	0	0	2	0	58	0	103	0	4	0	0	4	3	1	2	0	9	7	19	2524	0	0	1	0	0	2	0	0	0	0	0	0	607	0	1	0	46	13	0	0	0	0	0	0	0	0	0	2	0	0	0	1	678	0	2	1	0	1	0	53	1	143	150	7	604	29	3	33	0	1	6	1	20	0	0
FMT105	716	0	0	2	6	0	0	1	0	0	0	0	0	0	0	0	0	0	44	0	0	2	1	0	0	0	0	0	0	0	2340	0	0	0	0	3	13	0	0	1498	2	0	0	0	269	19	45	67	3	0	8	11	0	0	0	0	0	0	15	10	0	0	205	5	1637	1	1	1	9	53	0	0	0	0	0	0	0	0	0	0	239	0	0	0	0	1	0	40	1	0	89	0	0	0	1	2	0	2	0	10	263	0	10	0	76	0	7	0	0	407	0	0	0	0	0	77	0	1	0	6	0	0	0	0	0	0	1	1	0	0	421	0	0	313	0	51	0	3	33	1	2	2	0	1	142	694	1	2	90	0	12	0	6	2	0	1	0	0
FMT106	0	0	0	3	1	3	33	0	0	1	0	0	0	0	0	0	0	0	0	732	0	0	0	0	0	0	0	0	0	0	2015	0	0	0	20	0	31	0	279	1314	0	27	0	1	5	36	8	0	0	0	0	1	0	0	0	0	0	0	150	0	0	452	47	0	2	0	0	0	11	0	9	0	0	0	0	91	0	410	0	0	198	56	0	0	0	0	0	9	0	0	1	14	2	0	0	0	0	0	0	33	38	161	1	0	2564	0	12	0	0	1	0	0	0	0	0	198	0	0	0	369	0	0	0	0	0	0	0	1	0	0	469	0	0	5	0	1	0	0	0	3	0	1	6	0	67	11	1	55	3	6	27	0	1	1	0	4	0	0
FMT11	2	0	0	3	3	1	30	0	0	1	2	103	61	1	32	0	19	28	2	0	129	0	0	1	0	1	0	7	13	19	1	2	1313	0	6	198	4	449	0	0	1	0	0	1	0	10	2	210	0	0	0	0	864	3	15	0	0	521	0	2	390	1264	7	0	0	0	4	8	8	7	0	0	0	1	232	1	0	587	121	43	1	0	0	0	0	0	28	3	0	0	1	3	172	0	1	4	1	4	4	9	0	0	5	0	165	47	0	11	0	0	10	74	142	5	0	0	0	135	2	0	3	0	0	0	3	258	1	14	0	0	30	0	1550	35	0	0	1	21	0	0	0	1	116	0	79	307	0	1	11	0	0	0	0	0	0	0	0	7
FMT110	0	0	0	0	0	0	0	2	0	0	0	0	0	0	0	0	0	0	0	1279	0	0	0	0	0	0	0	0	0	0	3176	0	0	0	0	0	0	0	0	2532	0	12	0	0	7	6	3	0	0	6	0	2	0	0	0	0	0	0	0	16	0	199	236	0	1	0	0	1	82	1	105	0	0	0	0	0	0	732	0	0	166	0	0	0	0	2	0	44	0	0	5	3	0	0	0	0	0	0	0	0	0	0	0	0	0	0	2	0	0	0	0	0	0	0	0	215	0	0	0	15	0	0	0	0	0	0	0	0	0	0	1089	0	0	0	0	0	0	0	0	0	1	0	0	0	2	3	0	25	0	0	14	11	1	2	0	0	0	0
FMT12	0	0	0	1	2	0	11	0	0	0	3	23	2	4	60	0	28	239	1	0	22	0	0	26	0	8	1	117	47	610	35	71	114	0	1	16	18	103	0	0	7	0	0	4	10	4	11	20	0	0	0	3	467	1	7	0	0	58	0	2	273	721	4	0	0	0	1	2	4	13	0	0	2	653	123	213	0	1767	391	8	1	0	0	0	0	0	36	1	0	3	12	2	126	0	2	2	0	2	204	4	0	0	1	27	2	9	37	19	0	0	224	262	1049	244	0	3	66	684	29	1	1	0	0	53	0	52	0	2	0	0	19	0	308	42	0	0	0	2	0	0	0	1	13	0	33	57	0	18	7	0	0	0	0	0	0	0	0	3
FMT13	0	0	0	8	5	2	19	0	0	0	4	24	48	1	8	0	3	21	1	3	21	0	0	4	0	2	1	21	22	89	5	4	1357	0	2	120	5	176	0	0	2	0	0	7	2	13	3	7	0	0	0	2	901	2	12	0	0	43	0	2	360	1842	17	0	0	1	0	2	7	1012	0	7	1	47	166	2	0	347	40	7	21	0	0	0	0	0	28	6	0	1	4	8	65	0	13	1	1	1	3	317	0	2	27	0	306	12	86	19	8	0	7	47	71	65	0	0	133	352	109	0	0	0	0	11	0	80	13	3	0	0	7	0	361	88	0	0	1	10	310	0	0	51	48	1	129	57	0	35	6	0	0	0	0	0	0	242	0	4
FMT14	0	0	0	2	4	1	20	0	0	0	4	27	1	1	46	0	23	169	1	0	24	0	0	19	0	4	1	74	43	418	26	53	261	0	2	47	14	181	0	0	3	0	0	2	7	8	7	15	0	0	0	2	932	3	12	0	0	73	0	1	351	1365	11	0	0	0	1	2	5	8	0	0	2	508	110	161	0	1325	308	9	1	0	0	0	0	0	44	4	0	2	8	7	103	0	2	1	0	1	147	10	0	1	3	17	7	14	85	18	0	0	167	203	762	180	0	2	59	492	20	0	0	1	0	60	0	83	1	4	0	0	18	0	428	69	0	0	0	6	0	0	0	1	33	0	69	117	0	44	6	0	0	0	0	0	0	0	0	5
FMT18	0	1	0	16	14	0	0	0	0	2	6	102	0	1552	6	0	3	3	0	27	53	15	15	0	0	4	1	7	21	100	6	0	776	0	18	652	13	18	0	3	0	18	0	0	209	44	1	17	0	1	5	312	258	3	19	1	28	26	25	2	24	516	4	0	0	0	2	3	917	1671	0	26	5	1	342	0	0	129	2	590	4	15	1	0	0	1	7	4	0	1	22	0	3	0	1	4	0	1	0	0	0	1	15	0	64	74	0	6	0	0	9	29	283	24	0	0	14	91	8	1	0	0	0	0	7	0	10	6	0	0	70	0	327	15	10	0	0	72	64	1	0	0	0	6	8	16	0	24	0	0	0	18	0	0	0	7	0	18
FMT19	0	1	0	6	6	0	0	0	0	1	6	56	0	1803	10	0	6	10	0	18	32	9	8	3	0	5	2	100	84	1028	7	7	522	0	17	337	16	8	0	3	1	4	0	1	454	32	1	20	0	1	12	297	223	2	11	1	17	17	14	0	10	281	4	1	0	0	2	2	626	1153	0	14	8	2	169	0	0	245	13	346	4	8	1	0	0	0	5	3	1	1	15	0	4	0	1	7	1	2	0	0	0	1	8	0	153	45	0	9	0	0	75	219	424	297	0	4	52	111	7	15	0	1	0	0	4	0	4	3	0	0	75	0	203	5	4	0	0	20	28	1	0	0	0	3	4	9	0	6	0	0	2	13	1	1	0	36	1	10
FMT37	72	0	0	2	0	0	0	1	0	0	0	1	28	0	1	0	0	4	0	82	0	0	0	71	0	105	1	0	88	438	1	0	1	1	0	28	0	15	0	12	0	3	0	54	78	4	1	0	0	0	0	3	301	1	4	0	21	21	0	1	207	156	32	0	0	154	31	0	245	1609	0	15	4	33	0	0	0	88	0	0	10	17	0	0	0	0	0	6	11	0	5	10	1	0	0	1	0	1	0	0	0	4	0	0	0	16	0	9	2	0	0	0	0	163	59	0	0	46	578	0	0	0	1	0	0	0	0	1	0	0	2847	766	1093	1	0	0	2	0	0	0	1	1	0	1	8	3	0	1	0	0	0	0	56	91	11	141	16	2
FMT39	0	0	0	0	0	0	0	0	0	0	0	37	0	0	0	0	0	211	0	115	71	0	0	8	0	90	1341	0	53	0	1	0	0	0	0	0	4	452	11	136	0	1	0	1	0	4	10	8	0	41	9	3	0	0	0	0	0	136	0	0	72	0	132	10	3	0	0	4	0	0	442	221	0	774	0	259	0	2104	0	0	43	451	0	0	0	0	0	73	0	16	0	0	3	0	0	1	0	1	0	1	1	2	8	0	1	0	0	70	0	8	0	0	0	561	130	0	0	0	0	0	0	4	22	122	5	0	0	0	1050	0	19	345	95	31	0	0	0	0	0	0	0	0	0	0	0	0	0	168	3	0	0	0	0	0	0	0	0	0
FMT41	0	0	0	0	0	0	0	0	0	0	0	25	0	0	0	0	0	156	0	286	46	0	0	972	0	76	1666	0	487	0	0	0	0	0	0	0	3	133	6	194	0	2	0	2	0	1	6	8	0	40	4	2	0	0	0	0	0	91	0	0	32	0	44	4	1	70	0	2	4	0	635	79	0	1347	0	311	0	1212	0	0	23	472	0	0	0	0	0	28	0	4	0	0	1	0	1	0	0	1	0	0	1	4	9	0	0	1	0	42	0	12	0	0	0	200	69	0	0	0	0	0	0	94	15	332	18	0	1	0	168	0	42	200	64	14	0	0	0	0	0	0	0	0	0	0	0	0	0	226	11	0	0	0	0	0	0	0	0	0
FMT43	0	0	0	1	0	0	14	0	0	0	1	35	11	1	83	0	36	142	2	130	30	0	0	0	0	4	0	29	50	543	30	11	1	0	2	12	34	121	0	1	0	0	0	3	2	3	16	123	0	0	0	2	468	1	13	0	0	39	0	0	114	384	18	0	0	0	0	2	13	24	0	0	56	1050	6	36	0	2160	175	13	14	0	0	0	0	0	46	6	0	4	0	12	66	0	0	1	0	0	276	4	0	0	3	36	0	33	0	6	0	0	174	96	88	259	0	4	307	762	76	0	1	127	0	93	21	34	0	1	0	703	1	0	253	58	0	0	0	3	0	0	1	0	65	0	85	229	1	1	4	0	0	0	0	0	0	1	0	2
FMT44	0	13	0	3	2	1	0	0	1	0	7	41	7	0	13	0	7	19	4	14	23	3	2	0	7	3	0	23	25	63	3	3	1510	0	119	2	3	34	0	45	0	8	3	7	0	3	1	48	0	22	0	10	749	3	9	0	20	52	0	12	80	395	2	7	38	0	0	2	0	542	0	81	0	12	93	0	0	95	19	5	1	10	0	0	1	1	9	2	0	0	6	7	19	0	0	0	0	0	0	0	72	388	40	0	699	2027	0	2	0	0	7	1	18	9	0	0	11	15	2	0	4	47	0	0	5	3	8	2	0	0	0	0	36	147	0	0	1	23	159	3	0	1	3	10	111	1607	10	0	139	10	0	2	0	0	0	0	0	4
FMT47	0	0	0	10	21	0	7	0	0	0	0	24	17	1	9	0	5	8	0	7	19	0	0	7	0	2	0	10	13	197	10	9	2	0	0	4	4	30	0	46	0	0	0	0	0	0	1	0	0	4	0	0	344	0	4	0	24	170	0	0	135	283	5	0	0	0	0	1	0	1442	407	25	10	466	919	92	0	579	8	4	0	109	0	0	0	0	12	1	0	1	0	0	0	0	0	1	0	0	94	3	0	3	0	21	26	0	0	0	0	0	174	123	325	62	0	1	90	790	1093	0	0	490	36	2	306	27	7	8	13	0	0	0	156	6	0	0	0	1	299	27	0	23	0	1	144	11	0	0	0	1	0	0	0	0	0	127	0	1
FMT49	0	0	0	7	14	0	33	0	0	0	1	56	159	0	29	0	21	13	1	50	86	4	1	4	0	9	1	30	59	297	15	4	383	0	0	283	5	52	0	107	0	1	0	1	0	0	0	88	0	34	0	0	634	1	11	0	35	317	0	2	151	600	4	5	0	0	0	5	0	598	7	525	16	768	822	4	0	423	27	6	3	222	0	0	0	0	38	6	0	1	0	13	3	0	0	0	0	0	34	3	0	2	0	6	15	0	13	95	0	0	15	143	45	40	0	3	125	35	3	0	5	660	39	0	17	154	1	0	6	0	0	0	1099	19	0	0	1	0	3	0	0	0	0	0	73	209	0	27	3	6	0	0	0	2	0	1	0	3
FMT50	2645	0	0	0	0	0	0	0	0	0	0	0	0	0	0	0	0	0	0	0	0	0	0	0	0	0	0	0	0	0	0	0	2	0	0	0	0	0	0	1	0	0	0	0	3	0	0	0	0	0	0	0	0	0	0	0	0	0	0	0	0	1	0	0	0	0	4476	0	0	14	0	0	0	1	0	0	0	1	0	0	0	0	0	0	0	0	0	5	0	0	0	0	0	0	56	70	23	13	0	0	0	0	0	0	0	0	0	0	0	0	0	0	0	555	0	0	0	3	0	0	0	0	0	0	0	0	0	0	0	0	0	0	0	0	0	0	0	0	0	0	0	0	0	0	0	0	0	1	0	0	0	0	0	0	0	2127	0	0
FMT55	1	0	0	0	0	0	0	0	0	0	0	0	0	13	21	0	11	41	0	0	0	0	0	19	17	1	3	67	22	258	11	1	0	0	28	0	12	227	0	0	1	5	17	2	0	4	2	0	0	0	0	55	142	1	2	8	25	257	10	23	90	205	67	0	0	0	0	0	0	9	0	38	0	855	15	0	0	1069	0	0	0	0	2	0	0	0	0	12	1	0	43	0	224	0	0	2	0	1	82	0	0	0	0	4	17	0	0	0	1	0	206	6	0	146	0	0	492	2950	1858	0	0	0	0	0	190	5	0	0	0	0	1	0	20	23	0	0	0	0	6	0	2	0	0	1	1	4	0	0	0	3	0	0	6	0	0	35	0	1
FMT58	2	0	0	0	0	0	0	0	0	4	0	0	0	2	0	0	0	0	0	15	0	0	0	0	0	0	0	0	0	2	1	0	13	0	0	0	0	0	0	4	0	0	0	0	0	0	0	0	0	0	0	0	3	0	0	0	0	0	0	0	0	4	0	0	0	0	5	0	0	7	0	0	0	4	0	0	0	4	0	0	0	0	0	0	0	0	0	0	0	0	0	0	0	0	0	6	0	10	0	0	1646	1	7393	0	3	0	25	0	0	0	0	0	0	0	0	0	750	3	0	0	0	1	0	0	0	0	0	0	0	0	3	0	1	0	0	0	0	60	0	0	0	0	13	0	9	1	0	0	0	0	0	0	0	0	0	7	0	0
FMT64	0	0	0	0	2	0	1	0	0	0	0	6	7	0	8	0	6	1	0	2	4	0	0	0	0	0	0	3	15	58	1	0	254	0	0	0	2	1	0	1	0	2	2	0	2	0	2	19	0	7	0	18	252	0	2	0	17	78	59	2	16	116	8	1	0	16	0	0	0	890	3	16	6	179	437	1	0	293	0	23	2	8	0	0	0	0	4	3	0	1	1	0	10	0	0	0	0	0	0	112	0	0	5	0	3	46	0	4	0	0	10	0	325	7	0	0	10	8	1	0	0	37	0	0	0	16	0	0	0	0	0	0	184	18	0	0	0	0	0	0	6007	0	0	23	90	17	0	4	201	0	0	0	0	0	0	0	0	1
FMT66	0	0	0	0	0	0	0	0	0	0	0	11	31	0	2	0	0	42	0	3	6	0	0	0	0	4	12	4	27	213	8	0	205	0	0	31	0	2	0	0	0	1	0	0	2	1	0	84	0	4	0	0	135	0	2	0	13	115	0	4	14	338	16	0	0	323	158	0	0	316	8	6	4	27	446	1	0	280	0	608	1	49	0	0	0	0	2	3	0	2	0	3	0	0	0	0	0	0	0	7	0	0	9	0	6	0	0	12	0	0	29	0	79	62	0	0	14	1018	176	0	0	12	0	0	0	63	2	1	0	0	4	0	34	8	1	0	0	0	0	0	4460	0	0	0	179	18	0	0	237	0	0	0	0	0	0	0	0	1
FMT67	0	0	0	0	1	0	2	0	0	0	0	2	184	0	3	0	1	21	0	0	2	0	0	0	0	0	1	2	34	200	5	0	4	0	0	2	0	2	0	2	0	1	42	1	11	25	4	0	0	3	0	74	291	0	2	1	8	167	0	8	39	264	24	1	0	189	13	0	1	994	1	10	8	35	255	0	0	61	0	89	0	28	0	0	0	0	1	6	0	5	1	0	0	0	0	0	0	0	0	0	0	0	2	0	35	0	0	3	0	0	13	0	11	20	0	0	80	4	69	0	0	1	0	0	0	15	0	1	0	0	13	0	389	22	0	0	0	0	0	0	6069	1	0	1	61	10	0	0	48	0	0	0	0	0	0	0	0	1
FMT72	0	0	0	5	1	0	0	0	0	0	0	0	0	0	6	0	4	4	0	0	0	0	0	0	0	0	0	6	662	2739	1	0	0	680	44	0	4	0	0	1	0	0	0	0	0	32	0	0	0	0	0	0	0	0	0	0	0	0	0	0	37	0	0	0	0	0	318	0	0	130	0	0	0	0	0	0	0	0	0	0	0	0	0	0	0	0	0	0	0	13	0	0	0	0	8	146	19	50	0	49	114	0	42	0	1359	2486	1	0	0	0	1	0	0	552	0	2	132	0	0	0	0	0	0	0	0	0	0	0	0	0	0	0	0	0	0	0	0	6	27	0	0	2	175	10	4	68	33	23	1	0	0	0	0	0	0	0	0	0
FMT81	0	0	0	1	17	0	0	0	0	0	0	0	0	2949	7	0	5	12	0	0	0	1	0	0	0	9	3	266	189	2571	81	190	0	0	0	0	0	0	0	128	0	99	17	0	0	150	0	0	0	0	0	0	1	0	1	0	0	0	0	0	0	0	0	0	0	124	427	0	126	0	0	0	0	0	0	0	0	0	0	0	209	178	313	0	0	0	0	11	0	1	0	126	7	0	0	0	0	0	0	0	0	0	0	0	7	0	0	0	0	0	229	0	21	158	0	48	68	235	180	3	0	0	0	0	0	0	2	0	0	0	0	0	0	358	16	0	0	0	11	0	1	0	0	21	1	0	1	0	0	0	3	0	0	0	0	418	0	0
FMT85	0	0	0	0	0	0	0	0	0	0	0	68	63	239	50	0	34	28	0	19	51	0	0	4	0	2	4	19	36	82	15	3	628	0	0	49	3	52	0	38	0	1	0	1	0	0	0	3	0	5	0	0	343	1	6	0	47	365	0	0	215	419	1	0	0	0	0	3	0	4	7	126	42	2482	384	2	2	969	19	196	2	159	0	0	0	0	24	2	0	0	0	0	5	0	0	1	0	0	20	0	0	0	0	7	600	0	1	1	0	0	19	147	12	43	0	1	81	411	92	0	0	463	38	7	82	10	0	0	1	0	0	0	615	9	0	0	0	0	0	0	0	0	0	0	3	5	0	0	0	0	0	0	0	0	0	0	0	4
FMT92	0	0	0	0	2	0	1	0	0	0	1	42	51	1917	211	0	160	39	0	164	33	0	0	235	2	35	0	115	311	741	15	4	576	0	15	81	17	144	27	35	1	2	0	7	19	1	4	42	0	37	0	18	842	43	129	0	29	57	0	16	89	262	0	41	0	0	0	2	0	2	30	187	74	493	34	2	0	370	0	0	228	178	0	0	0	0	0	0	0	3	0	5	0	0	1	0	0	1	53	0	1	0	0	20	364	2	0	2	0	0	111	0	0	99	0	3	22	106	57	0	1	486	200	0	0	10	0	0	0	0	59	0	70	85	1	0	0	1	0	0	1	0	2	0	1	1	0	0	1	9	0	3	0	0	0	0	0	8
DA_R01_CDI_P_01_PRE	0	2	0	2	11	0	1	0	0	0	1	0	0	0	0	0	0	0	0	0	0	1	1	0	0	0	0	0	0	0	0	0	0	0	1	0	0	0	0	0	0	0	0	0	0	0	0	0	0	0	0	0	0	0	0	0	0	0	0	0	0	0	0	0	0	0	3888	0	0	0	0	0	0	1	0	0	0	1	0	0	0	0	0	0	0	2	0	0	13	0	0	0	0	7	0	360	62	523	0	1	0	0	703	0	0	165	0	0	0	0	0	0	0	0	0	0	0	0	0	0	0	0	0	0	0	0	0	0	0	0	0	0	0	0	2	0	0	0	0	5	0	5	0	2	12	24	11	10	2	0	0	0	0	0	0	4175	0	0
DA_R02_CDI_C_02_PRE	0	0	4	0	0	0	0	0	0	1	0	0	0	980	0	0	0	233	0	1	0	0	0	0	1	0	0	0	0	0	0	0	0	0	0	0	0	0	0	0	0	0	0	0	0	0	0	0	0	0	0	0	0	0	0	0	0	0	275	0	0	0	0	0	0	0	0	0	0	3129	0	0	0	2	0	0	0	0	0	0	0	0	1521	0	0	1	0	0	0	0	0	0	0	5	0	2368	429	767	0	0	0	0	60	0	0	0	0	0	11	0	0	0	0	0	0	0	0	0	0	0	0	0	0	0	0	0	0	1	0	0	0	0	0	0	0	0	0	0	0	3	0	7	0	0	15	8	0	2	0	0	0	0	11	1	6	160	0	0
DA_R03_CDI_C_03_PRE	0	0	0	0	0	0	3	0	0	0	0	0	0	1	0	0	0	0	0	3	0	0	0	0	0	7230	0	0	0	0	1	0	0	0	17	0	0	0	61	296	27	7	11	6	0	116	0	0	0	0	0	0	0	0	0	0	0	0	2	0	0	0	36	0	0	0	0	0	31	1102	0	0	0	0	0	0	0	55	0	0	22	251	1	0	0	0	0	4	0	0	0	0	0	2	5	1	0	0	0	5	1	0	0	0	0	0	3	0	0	0	0	0	0	0	0	0	0	0	0	0	0	0	0	3	494	0	0	0	0	1	60	0	0	0	6	18	0	0	4	0	0	0	0	0	12	33	0	0	0	0	0	0	0	0	0	69	0	0
DA_R04_UC_P_02_PRE	0	0	0	0	1	0	0	0	0	0	1	0	0	12	0	0	0	1	0	21	0	0	0	0	15	0	0	0	1	0	0	0	11	0	0	1	0	0	0	11	0	0	0	0	0	0	0	0	0	0	0	0	0	0	0	0	0	4	3	0	1	2	1	0	0	0	0	0	0	5035	0	1	0	5	3	0	2	9	0	5	0	11	6	0	0	0	0	0	0	0	0	0	0	3	0	2592	337	1005	13	0	0	0	0	0	0	0	2	0	9	0	0	0	0	0	0	5	0	0	0	0	0	8	0	2	3	0	0	0	2	27	1	3	0	1	0	0	0	0	0	0	0	1	0	0	4	8	0	20	2	0	0	0	3	1	0	781	0	0
DA_R05_UC_C_01_PRE	0	0	0	0	0	0	0	0	0	0	0	0	0	0	1	0	0	0	0	0	0	0	0	0	5	123	0	71	251	1709	0	0	0	0	104	0	0	0	0	0	61	212	361	0	401	207	0	0	0	0	0	217	0	0	0	0	0	0	29	0	0	0	0	0	0	0	0	0	88	1015	0	0	0	0	0	0	0	0	0	0	0	0	7	0	0	0	0	0	26	0	849	0	0	0	100	379	53	324	0	0	0	0	0	0	0	0	0	0	85	0	0	0	0	781	0	0	0	0	0	0	0	0	0	0	0	0	0	0	0	0	74	0	0	0	0	0	0	0	0	0	0	0	0	0	2	2	0	0	0	0	0	0	110	7	6	2336	4	0
DB_R01_CDI_C_02_PRE	0	0	1	2	2	1	0	5	0	0	0	0	7	3	0	2	0	0	15	677	0	0	0	1	10	2	2	3	10	21	2	3	3	1	0	201	0	1	42	3	0	26	1	0	27	30	12	34	0	0	216	13	7	0	0	1	0	3	8	2	136	410	162	0	22	0	0	0	161	6	6	2	1	33	1	66	1	2148	3	0	96	3922	0	2	0	1	3	50	0	16	5	31	0	37	0	0	0	0	714	0	0	2	10	0	0	0	3	0	0	1	0	1	0	2	3	6	1	11	0	69	2	42	0	12	17	0	0	0	12	119	38	81	4	37	0	0	0	0	0	1	0	7	0	0	7	17	0	63	0	1	1	0	0	0	0	0	0	0
DB_R02_CDI_C_02_PRE	0	1	1	1	2	3	0	2	0	1	0	0	0	2	0	1	1	0	0	3	0	0	0	0	4	0	1	0	4	1	0	1	0	0	0	0	0	0	0	1	0	0	0	0	0	0	0	0	0	0	0	0	0	0	0	0	0	1	0	0	0	0	0	0	0	0	0	0	0	2724	6	1	0	7	0	0	0	4	1	0	0	2	0	1	0	4	0	0	0	0	0	0	0	21	147	3	0	0	2	0	0	0	62	0	0	0	22	0	2	0	0	0	0	0	1	0	0	1	0	0	0	4	0	1	0	0	0	2	2	3	0	1	0	0	0	0	0	0	1	12	0	13	0	1	15	2	1	55	5	0	0	0	218	1	0	6619	0	0
DB_R03_CDI_P_02_PRE	0	0	0	1	0	0	0	1	0	0	0	0	0	0	0	1	0	0	0	1	0	0	0	0	0	0	0	1	2	6	0	1	0	0	0	0	219	0	0	1	0	0	0	0	0	0	0	0	0	0	0	0	1	0	0	0	0	0	0	0	0	1	0	0	0	0	0	0	0	0	1	0	0	8	0	0	0	4	1	0	0	1	1192	0	0	1	0	0	0	0	0	0	0	6	791	0	0	0	0	0	0	0	325	0	0	2631	0	0	270	0	0	1	0	1	2	0	0	5	0	0	0	1	0	0	0	0	0	0	1	0	0	1	1	0	0	0	0	0	0	0	0	1	0	0	2	3	0	1	0	0	0	0	3351	0	0	1158	0	0
DB_R04_CDI_P_02_PRE	0	0	0	0	0	0	0	0	0	0	0	0	0	0	0	1	0	0	0	3	0	0	0	0	2	0	1	1	5	2	0	1	0	0	0	0	0	5	0	1	0	0	0	0	0	0	0	0	0	0	0	0	11	0	0	0	0	1	0	0	1	4	0	0	0	0	0	0	0	4324	1	1	1	24	0	0	0	11	1	0	0	8	198	0	0	0	1	0	1	0	0	0	0	7	3	2782	362	1079	1	0	0	0	134	0	0	5	7	0	512	0	0	0	0	1	1	0	0	2	0	0	0	12	0	0	1	0	0	0	4	16	0	3	10	0	0	0	1	0	0	0	0	0	0	0	0	0	0	11	0	0	0	0	40	334	37	19	5	0
DB_R05_UC_P_01_PRE	0	0	1	0	0	0	1	2	0	0	0	0	0	0	0	0	0	0	0	0	0	0	0	0	0	0	0	0	0	0	0	0	0	0	2606	0	0	0	0	1	0	0	0	0	0	118	0	0	0	0	0	0	1	0	0	0	0	0	0	0	0	0	0	0	0	81	58	0	2630	318	0	0	0	1	0	0	0	1	0	0	0	0	0	0	0	1	0	0	0	0	0	0	0	2	412	34	10	59	0	0	0	0	0	0	0	0	3	0	0	0	0	0	0	0	0	0	0	0	0	0	0	0	0	0	0	0	0	1	0	0	687	0	0	2896	0	0	0	0	0	1	0	1	1	2	11	20	0	0	3	24	0	0	3	8	1	2	0	0
DA_R01_CDI_P_02_POST	0	0	0	1	2	0	0	0	0	0	0	0	31	716	1	24	2	9	0	322	0	0	0	0	702	2	3	2	17	0	2	21	52	0	6	57	0	403	1	227	0	5	3	0	0	14	3	3	0	73	73	5	2	0	0	0	2	256	451	1	43	115	127	0	2	0	1	0	1	24	162	202	46	127	0	9	62	315	5	931	4	954	0	0	0	2	37	20	2	2	6	8	1	1	0	1	0	0	304	0	0	0	0	29	0	0	0	2	0	108	1	14	2	5	6	1	1	68	0	0	0	27	151	311	12	0	0	0	1870	0	13	209	2	28	0	11	2	0	0	3	0	2	0	3	21	34	11	8	8	0	0	0	0	0	0	27	0	0
DA_R01_CDI_P_03_POST	0	0	0	1	1	0	1	0	0	0	0	0	27	2396	0	0	0	9	0	210	0	0	0	0	1974	0	0	0	0	1	1	0	23	0	1	12	0	11	12	146	0	15	0	0	1	21	2	1	3	56	62	12	0	0	0	1	2	145	228	6	53	9	83	0	10	0	0	0	6	88	148	99	57	3	0	14	152	734	0	96	46	255	0	0	0	0	55	19	0	2	5	75	17	1	0	0	0	0	223	0	0	0	0	33	0	0	0	11	0	1114	0	5	0	0	0	0	0	5	0	0	0	314	30	161	4	0	0	0	420	0	41	0	0	163	0	8	0	0	0	0	0	2	0	2	13	7	5	0	10	0	0	2	0	0	0	19	0	0
DA_R01_CDI_P_05_POST	0	0	0	3	4	0	1	0	0	0	0	0	9	1838	0	0	0	10	0	1302	0	0	0	0	450	0	0	0	0	0	0	0	5	0	9	205	0	13	90	708	1	18	0	0	3	31	26	1	2	29	204	19	1	0	0	14	3	573	152	1	65	96	233	0	49	0	0	0	2	121	24	547	41	7	0	0	33	69	1	19	9	239	0	0	0	4	71	54	0	4	8	53	0	4	0	0	0	0	51	0	0	0	1	0	0	0	0	0	0	925	0	0	0	0	0	0	0	2	0	0	0	0	0	206	24	0	0	0	1	599	63	326	0	109	0	85	0	0	0	1	0	7	0	2	16	17	13	70	0	0	0	1	0	0	0	0	0	0
DA_R01_CDI_P_06_POST	0	0	0	1	1	0	8	0	0	0	0	0	17	1788	0	0	0	16	0	648	0	0	0	1	1983	0	0	0	0	0	0	0	0	0	1	0	0	28	179	237	2	27	0	1	2	38	13	6	0	53	11	20	0	0	0	5	2	265	342	6	34	33	137	158	11	0	0	0	9	1	112	141	19	0	0	0	37	325	0	509	43	343	0	0	0	1	25	40	36	6	10	28	0	0	0	0	0	0	208	3	0	4	0	2	0	0	0	5	0	169	0	30	0	0	0	0	0	0	0	0	0	0	0	0	80	0	0	0	0	1292	89	218	0	44	1	22	0	1	0	9	0	1	0	0	16	21	7	18	0	0	0	0	0	0	0	3	0	0
DA_R02_CDI_C_03_POST	0	2	4	0	0	0	0	0	0	3	0	0	20	1120	0	0	0	31	0	658	0	0	0	0	1479	0	0	0	0	0	0	0	0	0	0	186	0	211	167	1041	0	6	0	0	0	168	1	3	1	6	249	6	0	0	0	0	4	233	1	14	149	238	173	0	1	0	0	0	38	121	0	168	182	929	0	0	155	152	0	11	254	572	0	0	0	2	2	24	0	5	3	0	5	1	0	0	0	0	78	0	0	0	0	11	0	0	0	3	0	3	0	1	0	0	0	0	0	0	0	0	0	0	20	312	15	1	0	0	14	0	595	6	0	114	0	21	0	0	0	0	0	2	0	0	1	3	0	1	0	0	0	2	0	0	0	0	0	0
DA_R02_CDI_C_04_POST	0	3	30	1	1	4	0	0	0	5	0	0	59	19	0	0	0	10	0	232	0	1	0	0	3672	0	0	0	24	0	0	0	7	0	0	635	0	91	0	942	0	0	0	0	0	22	0	0	0	12	234	0	0	0	0	0	0	157	0	12	408	441	183	0	0	0	0	0	0	50	124	309	2	339	0	0	5	42	0	0	14	424	2	1	0	4	69	24	0	16	1	0	0	12	0	0	0	0	81	0	0	0	0	1	0	0	2	0	4	0	0	0	0	0	0	0	0	0	0	0	4	0	0	1	349	1	0	6	0	18	706	3	0	18	0	10	0	0	0	5	0	16	0	4	41	37	0	31	1	9	0	0	0	6	0	0	0	0
DA_R02_CDI_C_05_POST	0	0	0	0	0	0	0	0	0	2	0	0	2	761	0	0	0	7	0	233	0	0	0	0	27	0	0	0	110	1	3	0	0	0	0	119	0	47	0	307	0	0	0	0	0	11	0	1	0	7	95	0	0	0	0	1	2	358	0	1	135	146	89	0	1	0	0	0	4	4	7	269	30	2715	0	0	15	13	0	46	16	198	1	0	0	0	17	13	0	4	1	0	0	0	0	0	0	0	36	0	0	0	0	4	0	0	0	0	0	3	0	0	0	0	0	0	0	0	0	0	0	0	0	29	11	1	0	0	37	3685	58	125	0	141	0	23	0	0	0	0	0	1	0	1	7	16	0	1	0	0	0	1	0	0	0	0	0	0
DA_R02_CDI_C_06_POST	0	0	1	0	0	0	0	0	0	1	0	0	6	369	0	0	0	21	0	153	0	0	0	0	84	0	0	0	446	0	0	0	3	0	0	47	0	25	0	58	0	0	0	0	0	3	0	0	0	21	31	0	0	0	0	1	1	126	1	0	55	69	59	0	2	0	0	0	1	12	10	178	30	2522	2497	0	11	47	0	33	74	229	0	0	0	0	33	8	0	2	0	0	0	0	0	0	0	0	78	0	0	0	0	3	0	0	0	2	0	4	0	0	0	0	0	0	0	0	0	0	0	2	0	119	19	0	0	0	22	2269	40	105	0	50	0	12	0	0	0	0	0	1	0	0	1	1	0	1	0	0	0	0	0	0	0	0	0	0
DA_R02_CDI_C_07_POST	0	0	1	0	0	0	0	0	0	0	0	0	7	255	0	0	0	68	0	202	0	0	0	0	309	0	0	0	1078	0	0	0	0	0	0	42	0	28	0	127	0	1	0	0	0	4	0	0	0	13	66	0	0	0	0	0	1	65	1	1	45	30	51	0	3	0	0	0	0	7	150	176	17	3295	2621	0	12	75	0	67	48	212	0	0	0	0	46	8	0	2	1	0	10	0	0	0	0	0	144	0	0	0	0	7	0	0	0	3	0	0	0	8	0	0	0	0	0	0	0	0	0	0	5	42	86	0	0	0	0	380	1	110	0	53	0	7	0	0	0	0	0	1	0	0	2	4	0	0	0	0	0	0	0	0	0	0	0	0
DA_R03_CDI_C_04_POST	0	1	0	1	2	0	5	0	0	0	0	0	41	2157	0	0	0	1	0	2447	0	2	1	105	43	14	24	42	70	16	45	0	202	0	54	37	0	48	5	908	0	5	4	0	0	4	0	0	0	3	10	1	387	0	1	0	7	369	7	0	237	202	40	0	3	0	0	0	4	98	5	76	124	56	0	0	56	55	0	3	62	889	0	0	0	0	6	7	0	3	0	17	1	2	0	0	0	0	14	11	7	0	0	1	0	0	0	0	0	38	2	3	0	24	0	0	0	0	0	0	0	8	2	7	43	4	0	0	0	31	135	512	0	17	14	4	0	1	6	0	0	1	0	1	12	44	0	5	0	0	0	1	2	0	0	36	0	0
DA_R03_CDI_C_05_POST	0	0	0	0	0	0	2	0	0	0	0	0	12	898	0	0	0	2	0	14	0	1	0	4333	86	208	330	812	1277	6	232	0	2	0	11	0	0	5	0	6	0	132	0	0	1	0	1	0	0	1	0	9	28	0	0	0	0	0	144	0	0	8	6	0	0	0	0	0	0	79	1	13	2	0	0	0	2	13	0	0	0	1	6	0	0	0	0	1	0	0	1	0	6	0	0	0	0	0	12	4	3	0	0	0	0	0	0	0	10	0	1	1	0	872	0	0	0	0	0	0	0	32	11	1	24	0	0	0	0	0	0	5	0	0	2	0	0	0	2	0	0	0	0	1	7	34	0	0	0	0	0	0	16	5	2	264	0	0
DA_R03_CDI_C_06_POST	0	2	0	0	1	0	5	0	0	0	0	0	24	3373	0	0	0	6	0	1540	0	0	0	220	23	26	32	52	334	0	89	0	0	0	28	0	0	198	4	403	0	19	7	0	0	7	2	17	0	13	0	6	437	0	1	0	4	157	4	6	251	155	54	4	1	0	0	0	2	41	29	698	178	64	0	0	115	63	0	99	49	454	0	0	0	0	20	21	0	3	3	0	2	0	0	0	0	0	42	0	0	0	0	1	0	0	0	0	0	0	4	19	0	21	0	0	0	0	0	0	0	56	8	11	53	3	0	0	0	0	35	292	0	49	13	0	0	0	2	0	0	1	0	1	4	22	0	5	0	0	0	7	0	0	0	5	0	0
DA_R03_CDI_C_07_POST	0	0	0	0	1	0	3	0	0	0	0	0	41	488	0	0	0	1	0	3706	0	0	1	64	46	44	7	13	61	0	28	0	4	0	16	0	0	44	3	1084	0	3	1	0	0	8	0	0	0	5	0	0	480	0	1	0	4	263	5	0	254	178	101	1	0	0	0	0	0	7	25	701	101	570	0	0	42	20	0	37	5	586	0	1	0	0	24	34	0	3	0	0	0	0	0	0	0	0	18	3	2	0	0	2	0	0	0	0	0	0	0	5	0	3	0	0	0	0	0	0	0	67	81	7	12	4	0	0	0	0	76	479	0	29	6	0	0	3	4	0	0	1	1	4	10	56	0	1	0	0	0	10	0	0	0	1	0	0
DA_R03_CDI_C_08_POST	0	0	0	1	1	0	11	0	0	0	0	0	4	2310	0	0	0	0	0	3164	0	0	0	170	313	124	9	279	121	2	69	0	370	0	20	116	0	14	32	233	0	38	0	0	5	28	0	20	0	10	0	4	710	0	4	54	1	100	8	0	0	149	119	0	18	0	0	0	2	36	0	447	51	21	0	0	67	36	0	59	11	2	0	0	0	0	1	60	0	1	5	1	0	0	0	0	0	0	31	1	0	0	0	0	0	0	1	0	0	0	0	3	0	11	0	0	0	0	0	0	0	30	0	0	10	0	0	0	0	0	21	268	0	139	28	6	0	1	1	0	0	0	0	1	4	5	0	0	0	0	0	4	0	0	0	0	0	0
DA_R04_UC_P_03_POST	0	0	0	0	0	0	0	0	0	0	0	0	27	775	0	0	0	79	0	1320	0	0	0	0	577	0	0	0	2	0	0	0	674	0	0	51	0	24	10	489	0	3	1	0	0	21	0	3	0	27	22	2	0	0	0	13	3	235	194	8	73	165	64	3	2	0	0	0	0	23	3	72	38	33	2	7	172	441	0	276	19	716	0	0	0	0	32	9	0	5	0	7	5	0	0	0	0	0	450	0	0	0	0	15	0	0	0	2	0	17	0	15	0	0	0	14	0	0	0	1	0	455	16	112	128	1	0	0	142	1531	67	215	0	71	0	11	0	0	0	0	0	0	0	0	0	2	0	0	0	0	0	1	0	0	0	2	0	0
DA_R04_UC_P_04_POST	0	0	0	0	0	0	0	0	0	0	0	0	38	259	0	0	0	62	0	1157	0	0	0	0	2858	0	0	0	0	0	0	0	784	0	0	122	0	23	0	562	0	0	0	0	0	4	0	0	0	10	44	0	0	0	0	0	1	220	50	3	74	299	110	0	0	0	0	0	0	4	1	148	0	465	0	17	9	356	0	27	0	1266	0	0	0	0	78	16	0	0	0	0	0	1	0	0	0	0	113	0	0	0	0	3	0	0	0	0	0	36	0	0	0	0	0	11	0	0	0	0	0	239	0	3	76	2	0	0	11	322	18	37	0	10	0	1	0	0	0	0	0	0	0	0	10	23	0	3	6	0	0	0	2	1	0	1	0	0
DA_R04_UC_P_05_POST	0	0	0	0	1	0	0	0	0	0	0	0	19	3	0	0	0	109	0	474	0	0	0	0	2495	0	0	0	0	0	0	0	76	0	0	21	0	8	0	142	0	1	0	0	0	0	0	0	0	2	7	0	0	0	0	0	1	68	47	0	30	81	15	0	0	0	0	0	0	6	15	13	6	570	0	49	31	345	0	15	9	421	0	0	0	0	20	2	0	0	0	5	0	1	0	0	0	0	1587	0	0	0	0	8	0	0	0	3	0	1	0	39	0	0	0	342	0	0	0	17	0	402	3	172	1143	1	0	0	41	885	15	152	0	2	0	1	0	0	0	0	0	0	0	0	5	10	0	3	2	17	3	0	6	5	1	28	1	0
DA_R04_UC_P_06_POST	0	1	5	2	7	1	1	0	1	4	2	0	33	4	6	45	7	6	1	736	0	1	0	0	2520	151	39	13	37	2	15	10	506	2	0	179	0	32	0	248	0	3	3	0	0	8	0	1	0	13	4	0	31	0	0	0	0	538	86	1	114	588	127	0	3	0	0	0	1	952	8	327	10	229	11	14	15	138	1	2	13	832	0	0	0	0	10	18	0	2	0	15	0	35	0	0	0	0	4	22	0	0	0	1	0	0	4	0	0	0	0	4	0	4	13	25	5	11	0	4	0	18	2	2	50	1	0	1	1	85	244	48	36	19	1	0	5	0	11	0	0	15	7	3	65	99	1	291	31	1	0	0	17	5	1	64	1	0
DA_R04_UC_P_07_POST	0	0	0	0	0	0	0	0	0	0	0	0	17	0	0	0	0	16	0	1323	0	0	0	0	2103	0	0	0	0	0	0	0	208	0	0	37	0	15	3	106	0	2	1	0	0	17	0	0	0	18	6	0	0	0	0	0	1	232	292	2	80	129	49	14	2	0	0	0	0	34	0	201	68	3077	0	191	123	89	0	15	31	384	0	0	0	0	0	6	0	3	0	11	0	0	0	0	0	0	0	0	0	0	0	0	0	0	0	5	0	5	0	0	0	0	0	34	0	0	0	2	0	608	61	132	29	1	0	0	22	0	92	75	0	14	0	1	0	0	0	0	0	0	0	0	2	4	0	1	0	0	1	0	0	0	0	0	0	0
DA_R04_UC_P_09_POST	0	0	0	0	0	0	0	0	0	0	0	0	35	3	431	0	0	11	0	1387	0	0	0	0	2437	0	0	0	0	0	0	0	91	0	0	45	0	76	7	143	1	12	8	0	0	22	1	1	0	49	36	1	0	0	0	0	2	341	78	8	115	275	113	8	1	0	0	0	0	1	0	118	135	1352	0	393	87	136	0	26	32	368	0	0	0	0	0	15	0	12	1	98	0	0	0	0	0	0	0	0	0	0	0	0	0	0	0	3	0	11	0	0	0	0	0	271	0	0	0	17	0	2	40	173	67	1	0	0	126	460	141	123	0	35	0	8	0	0	0	0	0	0	0	0	2	5	0	0	0	0	3	0	0	0	0	0	0	0
DA_R05_UC_C_02_POST	6	0	0	0	0	0	0	0	0	0	0	0	41	0	0	0	0	10	0	748	0	0	0	0	1945	0	0	0	0	0	0	0	349	0	0	994	0	1197	1	992	0	0	0	0	0	39	0	0	0	1	307	0	0	0	0	0	0	367	0	0	413	255	35	0	0	0	0	0	0	0	0	301	144	80	0	0	41	614	0	0	7	731	0	0	0	0	5	12	6	4	0	32	0	0	0	0	0	0	0	0	0	0	0	0	0	0	3	0	0	6	0	1	0	0	0	0	0	0	0	0	0	0	7	35	0	6	0	0	84	0	59	35	0	0	0	4	0	0	0	0	0	0	0	0	17	41	0	9	0	0	0	0	4	5	2	5	2	0
DA_R05_UC_C_03_POST	0	0	0	1	0	0	0	1	0	0	0	0	20	0	0	0	0	6	0	825	0	0	0	0	427	0	0	0	0	2425	0	0	11	0	0	399	0	16	12	565	0	0	0	0	0	21	0	0	0	9	146	0	0	0	0	0	2	643	0	7	109	928	31	0	0	0	0	0	0	0	0	234	42	192	0	0	150	467	0	2	48	317	0	0	0	0	0	6	11	6	0	76	0	0	0	0	0	0	0	0	0	0	0	0	0	0	0	1	0	3	0	3	0	0	0	0	0	0	0	0	0	0	2	384	304	1	0	0	132	0	332	48	0	2	0	1	0	0	0	0	0	0	0	0	12	23	0	415	0	0	0	0	30	107	23	13	7	0
DA_R05_UC_C_04_POST	0	6	0	1	1	0	0	1	0	0	0	0	34	0	0	0	0	17	0	898	0	0	0	0	199	0	0	0	0	2009	0	0	5	0	0	358	0	539	1	219	0	0	0	0	0	45	0	0	0	5	220	0	0	0	0	0	3	564	0	2	121	509	58	0	0	0	0	0	6	0	0	642	77	134	0	0	197	1466	0	3	74	750	0	0	0	0	2	17	1	6	0	1	0	1	0	0	0	0	0	0	0	0	0	0	0	0	0	0	0	0	0	1	0	0	0	0	0	0	0	0	0	0	1	140	153	1	0	1	106	0	121	137	0	2	0	2	0	0	0	1	0	1	0	0	37	41	3	12	0	0	0	0	16	15	2	8	1	0
DA_R05_UC_C_05_POST	0	0	0	1	0	0	0	0	0	1	0	0	91	0	0	0	0	10	0	492	0	0	0	0	150	0	0	0	0	2068	0	0	585	0	0	407	0	147	1	118	0	0	0	0	0	13	0	0	0	12	157	0	833	0	5	0	3	316	0	1	99	969	34	0	0	0	0	0	0	0	0	42	86	362	0	0	297	1604	0	18	36	439	0	0	0	0	3	11	0	1	0	0	0	0	0	0	0	0	0	0	0	0	0	0	0	0	0	2	0	0	0	63	0	0	0	0	0	0	0	0	0	0	0	58	146	0	0	0	106	0	6	178	0	3	0	2	0	1	0	0	0	0	0	1	9	11	0	2	0	0	0	0	0	0	0	0	0	0
DB_R01_CDI_C_03_POST	0	0	0	0	0	0	0	0	0	0	0	5	42	0	45	348	80	0	6	383	7	0	0	0	100	91	1457	473	734	0	122	290	0	0	0	0	0	35	0	46	0	8	0	0	0	9	4	7	1	9	4	0	214	0	1	0	2	94	0	0	41	216	0	0	8	0	0	0	0	5	73	130	10	385	0	62	39	395	1	87	2	199	0	0	0	0	47	8	0	16	1	15	0	0	0	0	0	0	156	0	0	0	0	1	0	0	1	9	0	0	24	135	9	109	707	35	83	0	0	91	1	100	97	0	56	0	0	0	1113	559	1	4	180	71	0	0	64	0	0	0	0	0	0	0	2	15	0	9	0	3	3	0	0	0	0	0	0	0
DB_R01_CDI_C_04_POST	0	0	1	3	1	1	0	8	2	1	0	6	5	1	56	1638	101	0	21	251	6	0	0	0	90	120	681	364	1125	2	175	72	0	0	0	0	1	27	0	28	0	1	0	0	0	0	0	31	1	18	28	0	268	0	1	1	1	56	1	0	56	117	3	1	53	0	0	0	0	11	12	43	10	275	0	1	105	270	20	55	10	60	0	0	1	0	148	7	0	78	1	15	12	17	0	0	0	0	18	0	0	0	0	0	0	0	0	67	0	0	8	367	6	62	363	29	131	2	0	109	0	32	44	0	20	0	0	0	1	755	31	1	253	968	0	0	40	0	16	12	0	15	0	5	34	6	6	10	0	2	6	0	0	0	0	1	0	0
DB_R01_CDI_C_05_POST	0	0	0	0	0	0	0	0	0	0	0	13	14	0	16	361	127	0	9	440	14	0	0	0	247	127	215	327	2827	0	376	166	0	0	0	0	1	102	0	34	0	3	0	0	0	1	0	22	0	13	0	0	131	0	1	1	0	99	0	0	52	132	1	0	2	0	0	0	0	5	88	157	55	578	0	46	97	512	1	79	2	233	0	0	0	0	57	9	0	12	0	0	2	4	0	0	0	0	236	0	0	0	0	10	0	0	2	15	0	0	22	95	1	97	369	30	155	0	0	28	1	85	34	0	6	0	0	0	16	610	0	9	166	102	0	0	86	0	0	0	0	0	0	0	3	11	0	1	0	0	1	0	0	0	0	0	0	0
DB_R01_CDI_C_06_POST	0	0	1	2	0	1	0	6	0	0	0	18	35	0	4	507	10	0	0	763	28	0	0	0	10	15	130	43	830	0	34	32	0	0	0	0	0	207	0	56	0	0	0	0	0	0	0	29	0	9	1	0	392	0	1	0	4	75	0	0	208	434	2	0	0	0	0	0	0	15	2	142	73	478	0	0	51	808	1	56	0	577	0	0	0	0	106	17	0	3	0	47	0	0	0	0	0	0	107	0	0	0	0	0	0	0	9	0	0	0	0	0	7	47	417	3	6	0	0	36	0	18	75	0	203	0	0	0	75	898	72	142	1374	30	0	0	120	0	0	1	0	1	0	0	3	19	0	76	0	1	0	1	0	0	0	0	0	0
DB_R01_CDI_C_07_POST	0	0	0	0	0	0	0	1	0	0	0	5	16	1	14	264	24	0	3	357	5	0	0	0	50	70	300	102	2443	1	296	167	0	1	0	31	0	28	0	17	0	0	0	0	0	2	0	16	0	2	2	0	169	0	1	0	5	30	0	0	32	82	0	0	0	0	0	0	0	16	7	113	14	138	2679	1	7	198	1	7	7	143	0	0	0	0	27	5	0	2	0	36	1	6	0	0	0	0	22	0	0	0	1	2	0	0	1	14	0	0	5	0	2	186	669	19	43	1	0	100	2	49	1	1	68	0	0	0	1	669	18	20	106	12	0	0	21	0	0	0	0	0	0	0	1	5	0	8	0	0	9	0	0	0	0	0	0	0
DB_R02_CDI_C_03_POST	0	2	2	7	4	6	0	16	2	3	0	2	27	38	0	1	4	0	0	916	3	1	0	0	3894	6	3	13	1	1	1	14	0	0	0	0	3	158	0	598	1	3	1	1	0	37	2	5	0	5	0	0	725	0	3	4	2	144	0	0	160	158	25	0	2	0	0	0	0	2	16	98	37	646	0	13	1	129	0	1	0	46	5	6	2	8	27	5	0	33	0	0	0	10	0	0	0	0	2	0	0	0	0	0	0	0	1	0	0	0	0	0	0	962	194	5	261	79	0	0	0	6	7	0	25	0	3	17	0	0	0	0	208	1	0	0	11	1	8	28	0	25	0	11	22	9	2	0	0	0	0	0	6	2	0	9	0	1
DB_R02_CDI_C_04_POST	0	0	0	0	0	0	0	0	0	0	0	0	6	0	8	0	108	0	0	285	0	0	0	0	886	386	363	197	2485	0	0	206	0	0	0	0	0	7	0	31	0	0	0	0	0	0	0	0	0	0	4	0	11	0	0	0	0	27	0	0	8	87	7	0	0	0	0	0	0	0	0	156	14	139	0	0	6	0	0	0	3	146	0	0	0	0	12	0	0	1	0	0	0	1	0	0	0	0	0	0	0	0	0	0	0	0	0	0	0	0	3	0	0	2245	1873	0	74	0	0	0	0	86	0	0	5	0	0	0	0	0	28	0	79	10	0	0	0	0	0	0	0	0	0	0	2	4	0	0	1	0	0	0	0	0	0	0	0	0
DB_R02_CDI_C_05_POST	0	1	0	0	0	0	0	0	0	0	0	0	47	0	16	0	237	0	0	1356	0	0	0	0	321	154	12	172	40	0	0	69	0	0	0	0	0	39	0	37	0	3	87	9	0	122	0	0	0	0	26	0	597	0	2	0	0	300	0	0	162	1025	75	12	1	0	0	0	0	471	1	655	107	1284	1	3	0	2	0	0	2	1	0	0	0	16	24	9	22	27	2	26	0	1	0	1	0	0	1	0	0	0	0	0	0	0	22	0	0	0	1	0	0	167	96	0	121	2	0	0	0	23	0	0	98	0	0	1	1	2	1245	0	195	297	0	0	0	1	1	6	0	2	0	2	3	9	0	34	0	9	0	0	3	4	0	79	0	0
DB_R02_CDI_C_06_POST	0	0	1	0	1	0	1	2	0	0	0	0	31	0	0	0	0	0	0	1545	0	0	0	0	2663	169	308	749	673	0	0	0	0	0	0	81	0	8	0	18	0	4	0	10	38	0	1	0	0	0	0	138	73	0	0	0	0	113	0	0	98	207	0	0	0	0	0	0	0	0	18	760	46	241	0	0	0	0	0	0	0	0	2	0	0	0	164	0	88	0	2	9	0	1	0	0	0	0	0	0	0	0	0	0	0	0	6	0	0	0	0	0	0	0	960	0	234	0	0	0	0	8	0	0	76	0	0	3	0	0	113	0	292	0	0	0	0	0	0	0	0	3	0	1	5	16	0	5	0	0	0	0	0	3	0	8	0	0
DB_R03_CDI_P_03_POST	0	0	0	0	0	0	0	0	0	0	0	5	3	6	10	401	53	0	1	272	8	0	0	0	96	132	7	229	371	931	46	320	63	104	0	14	2	21	0	87	0	0	0	0	0	0	0	1	0	9	0	0	119	0	0	0	2	73	1	0	31	217	2	0	0	0	0	0	0	0	402	151	11	1947	0	4	16	736	323	45	2	174	0	0	0	0	65	5	0	3	0	24	4	0	0	0	0	0	17	0	0	0	0	0	0	0	0	1	0	0	49	127	105	77	403	15	53	774	0	0	0	298	22	3	7	0	0	0	222	0	0	94	133	10	0	0	7	0	0	0	0	0	0	0	0	0	0	0	0	34	0	0	0	0	0	0	0	0
DB_R03_CDI_P_04_POST	0	0	0	0	0	0	0	0	0	0	0	4	7	18	6	302	29	0	0	60	5	0	0	0	103	95	26	260	391	2045	76	378	0	0	0	0	2	12	0	35	0	0	0	0	0	1	0	0	0	20	0	0	48	0	0	0	1	57	20	0	28	67	4	0	0	0	0	0	0	0	341	38	5	2517	0	0	20	253	326	9	1	99	0	0	0	0	34	2	0	2	0	33	1	0	0	0	0	0	10	0	0	0	0	0	0	0	0	1	0	0	55	37	120	206	245	40	84	945	0	1	0	45	25	0	15	0	0	0	74	0	0	169	126	13	0	0	6	0	0	0	0	0	0	0	0	0	0	1	0	0	0	0	0	0	0	0	0	0
DB_R03_CDI_P_05_POST	0	0	0	0	0	0	0	0	0	0	0	4	5	93	8	129	37	0	0	65	4	0	0	9	55	291	37	380	341	3255	103	341	8	0	0	0	6	12	0	12	0	0	0	0	0	0	0	1	0	2	0	0	46	0	0	1	1	28	1	0	34	65	2	0	0	0	0	0	0	0	160	50	6	1223	0	18	27	300	133	13	0	73	0	0	0	0	35	4	0	2	0	3	0	0	0	0	0	0	52	0	0	0	0	0	0	0	0	2	0	0	75	172	224	208	672	89	92	178	0	4	0	79	123	9	203	0	0	0	142	0	0	158	79	4	0	0	6	0	0	0	0	0	0	0	0	0	0	0	0	3	1	0	0	0	0	0	0	0
DB_R03_CDI_P_06_POST	0	0	0	0	0	0	0	0	0	0	0	4	11	122	9	568	40	0	0	198	5	0	0	184	265	108	68	535	1255	1528	188	353	2	0	0	0	1	15	0	15	0	0	0	0	0	0	0	0	0	8	0	0	51	0	0	0	3	59	2	0	31	123	9	0	0	0	0	0	0	0	293	70	27	879	0	14	18	315	61	18	1	144	0	0	0	0	31	7	0	3	0	4	1	0	0	0	0	0	44	0	0	0	0	0	0	0	0	1	0	85	68	68	87	107	391	16	121	686	0	0	0	3	8	16	2	0	0	0	223	0	0	249	159	11	0	0	5	0	0	0	0	0	0	0	1	1	0	0	0	0	0	0	0	0	0	0	0	0
DB_R03_CDI_P_07_POST	0	0	0	0	0	0	0	0	0	0	0	3	3	0	24	517	103	0	0	70	4	0	0	29	282	48	136	792	212	661	1330	463	4	0	0	0	1	7	0	8	0	0	0	0	0	0	0	0	0	3	0	0	37	0	0	0	1	30	23	0	28	94	1	0	0	0	0	0	0	0	204	29	6	885	0	0	37	278	61	4	4	60	0	0	0	0	100	1	0	2	0	3	3	0	0	0	0	0	1	0	0	0	0	0	0	0	0	1	0	12	131	66	65	239	225	38	106	1985	0	2	0	18	98	107	52	0	0	0	82	0	0	21	107	9	0	0	1	0	0	0	0	0	0	0	0	1	0	35	0	0	1	0	0	0	0	0	0	0
DB_R03_CDI_P_08_POST	0	0	0	0	0	0	0	0	0	0	0	1	3	105	19	676	75	0	0	4	1	0	0	83	236	28	55	387	929	788	128	555	3	0	0	0	1	2	0	21	0	0	0	0	0	0	0	0	0	4	0	0	16	0	0	0	0	3	0	0	8	22	1	0	0	0	0	0	0	0	17	10	5	299	0	0	8	171	437	13	5	10	0	0	0	0	23	1	13	3	0	3	0	0	0	0	0	0	0	0	0	0	0	0	0	0	1	3	0	13	54	12	9	166	423	45	65	2936	0	4	0	11	4	0	6	0	0	0	1002	0	0	25	14	11	0	0	7	0	0	0	0	0	0	0	1	2	0	8	0	0	3	0	0	0	0	0	0	0
DB_R04_CDI_P_03_POST	0	0	0	0	0	0	0	0	0	0	0	10	37	36	4	343	16	0	1	422	11	0	0	0	134	26	48	174	408	1	84	135	0	22	0	0	1	71	0	118	0	1	0	0	0	4	0	2	1	17	0	0	301	0	1	0	12	125	1	0	37	404	8	3	7	0	0	0	0	45	241	156	37	325	0	8	118	1002	37	18	1	320	0	0	0	0	176	16	29	39	0	41	11	0	0	0	0	0	34	1	0	0	0	1	0	0	0	2	0	0	41	199	6	134	198	42	174	1309	0	3	1	547	893	16	42	0	0	0	9	1	0	6	564	44	0	0	31	0	0	0	0	0	0	0	0	0	0	8	0	44	1	0	0	0	0	0	0	0
DB_R04_CDI_P_04_POST	0	0	0	1	0	0	0	1	0	0	0	8	19	22	12	888	37	0	2	353	9	0	0	0	179	45	41	309	955	0	2	86	0	191	0	0	0	37	0	113	0	0	0	0	0	0	0	0	0	5	0	0	355	0	1	0	2	71	530	0	55	469	0	0	0	0	0	0	0	2	85	133	41	737	0	1	101	1264	80	2	1	431	0	0	0	0	68	6	5	8	0	25	2	0	0	0	0	0	1	0	0	0	0	0	0	0	5	5	0	0	9	56	5	128	639	2	152	429	0	0	3	57	28	132	111	0	0	0	19	0	0	45	249	25	0	0	21	0	0	0	0	6	0	0	17	18	0	0	0	25	0	0	23	0	0	0	0	0
DB_R04_CDI_P_05_POST	0	0	0	0	0	0	0	1	0	0	0	13	21	57	7	814	27	0	2	188	15	0	0	0	318	8	102	189	655	0	1186	113	0	33	0	0	2	39	0	36	0	0	0	0	0	1	0	7	1	7	0	0	223	0	0	0	2	43	85	0	57	238	2	0	37	0	0	0	0	39	131	78	11	800	0	7	148	651	451	7	4	135	0	0	0	0	213	7	13	17	0	27	18	0	0	0	0	0	33	0	0	0	0	2	0	0	0	5	0	0	63	163	67	65	115	18	413	359	0	1	4	35	281	42	88	0	0	0	401	0	0	12	421	65	0	0	18	0	0	1	0	3	0	0	7	21	0	0	0	10	1	0	0	0	0	0	0	0
DB_R04_CDI_P_06_POST	0	0	0	0	0	0	0	1	0	0	0	11	41	29	6	1285	5	0	3	539	14	0	0	0	205	23	46	213	942	0	25	140	0	95	0	0	3	95	0	65	0	0	0	0	0	0	0	2	1	14	0	0	371	0	1	0	2	124	247	0	82	438	2	0	3	0	6	0	0	0	66	118	43	854	0	12	136	1123	225	7	2	336	0	0	0	0	86	8	0	4	0	188	3	0	0	0	0	0	7	0	0	0	0	1	0	0	0	3	0	0	40	146	48	45	133	6	121	298	0	0	10	49	50	21	37	0	0	0	159	0	0	15	353	103	0	0	18	0	0	0	0	0	0	0	5	17	0	0	0	26	0	0	0	0	0	0	0	0
DB_R04_CDI_P_07_POST	0	1	0	0	2	0	0	3	2	0	0	26	14	170	1	404	1	0	11	1194	31	0	0	0	47	3	6	70	630	2	1	32	0	567	0	8	0	48	0	126	0	0	0	0	0	1	0	2	0	0	0	0	908	0	3	0	3	216	381	0	115	889	1	0	1	0	0	1	0	0	3	606	89	204	0	3	122	396	26	2	0	208	0	0	1	1	89	18	0	10	0	287	0	1	0	0	0	0	6	0	0	0	0	1	0	0	1	1	0	0	3	2	9	19	68	1	226	216	0	0	15	16	11	65	9	0	0	0	62	0	0	35	654	160	0	0	90	0	1	2	0	2	0	0	4	3	0	278	0	54	0	0	0	0	0	0	0	0
DB_R04_CDI_P_08_POST	0	2	0	0	1	0	0	4	0	0	0	16	32	18	2	911	4	0	28	1209	17	0	0	0	49	5	7	23	255	0	23	85	0	118	0	1	0	21	0	120	0	0	0	0	0	8	0	43	0	1	0	0	700	0	3	0	2	85	220	0	90	605	1	0	1	0	0	0	0	0	125	464	53	1050	0	4	43	835	70	1	0	222	0	0	0	2	74	19	0	9	0	400	0	11	0	0	0	0	11	0	0	0	0	2	0	0	2	0	0	0	5	0	0	12	4	19	10	599	0	1	3	14	26	1	42	0	0	0	81	0	0	7	621	45	0	0	58	0	0	0	0	1	0	0	2	5	0	143	0	193	1	0	0	0	0	0	0	0
DB_R04_CDI_P_09_POST	0	0	0	0	0	0	0	2	0	0	0	26	121	65	1	78	0	0	8	1109	32	0	0	0	15	4	2	13	35	17	0	16	0	101	0	193	0	159	0	82	0	0	0	0	0	1	0	3	1	1	0	0	828	0	4	0	10	143	428	0	137	737	1	0	3	0	0	0	0	2	19	510	114	165	0	5	367	1469	51	3	0	594	0	0	0	0	137	21	0	18	0	106	0	0	0	0	0	0	4	0	0	0	0	0	0	0	0	0	0	0	5	1	3	4	46	2	18	147	0	0	10	117	42	453	28	0	0	0	8	0	0	32	872	128	0	0	58	0	0	0	0	1	0	0	5	16	0	6	0	35	0	0	0	0	0	0	0	0
DB_R05_UC_P_02_POST	0	0	0	0	0	0	0	0	0	0	0	6	19	5	47	548	431	0	6	347	6	0	0	0	160	186	55	74	803	2	0	262	0	0	4	0	0	65	0	39	0	0	0	1	0	4	0	57	2	6	0	0	75	0	0	2	1	84	0	0	15	68	0	6	6	0	14	0	2	0	653	78	35	1388	0	73	67	353	18	4	0	388	0	0	0	0	145	15	5	10	1	40	1	0	1	1	0	0	88	0	0	0	0	5	0	0	8	4	0	0	12	53	2	30	156	54	43	0	0	3	0	665	5	0	64	0	0	0	1126	619	1	24	232	10	0	0	49	0	0	0	0	0	0	0	3	9	0	40	1	2	1	0	2	3	1	1	0	0
DB_R05_UC_P_03_POST	0	0	0	0	0	0	0	0	0	0	0	16	27	185	20	31	287	0	3	84	15	0	0	0	252	50	181	172	2035	1	16	327	0	0	0	0	2	102	0	15	0	0	0	1	0	0	0	2	2	9	0	1	18	0	0	0	2	77	0	0	19	90	0	2	1	0	0	0	0	0	700	75	15	450	0	94	1	333	66	9	0	130	0	0	0	0	53	8	0	5	1	0	2	0	0	0	0	0	411	0	0	0	0	14	0	0	0	11	0	0	39	323	38	354	404	155	73	1	0	10	0	617	41	1	78	0	0	0	652	543	0	37	117	11	0	0	70	0	0	0	0	0	0	0	5	5	0	0	0	0	4	0	1	0	0	0	0	0
DB_R05_UC_P_04_POST	0	0	0	0	0	0	1	0	0	0	0	28	65	34	3	111	12	0	11	263	28	0	0	0	158	15	14	52	1118	0	25	67	0	0	0	0	1	273	0	50	0	0	0	0	0	1	0	23	2	16	0	0	381	0	2	3	2	88	0	0	62	247	0	3	2	0	0	0	0	0	171	75	74	957	0	31	86	231	1	6	1	958	0	0	0	0	81	25	0	12	0	79	2	1	0	0	0	0	541	0	0	0	0	3	0	0	3	5	0	0	2	0	1	10	20	4	13	0	0	0	1	1183	4	22	85	0	0	0	42	1465	0	129	367	38	0	0	82	0	0	0	0	1	0	0	4	17	0	2	1	0	0	0	0	0	0	0	0	0
DB_R05_UC_P_05_POST	0	0	0	0	0	0	0	0	0	0	0	14	39	156	19	251	55	0	5	204	13	0	0	0	36	10	32	26	257	0	10	93	0	0	0	0	1	330	0	19	0	0	0	0	0	1	0	3	0	12	0	0	228	0	1	6	4	70	0	0	65	264	0	2	0	0	0	0	1	2	142	42	84	2150	0	9	41	464	97	20	3	597	0	0	0	0	136	14	0	8	0	35	1	0	0	0	0	0	21	0	0	0	0	2	0	0	0	4	0	0	6	27	30	18	35	0	9	0	0	0	0	521	30	6	102	0	0	0	1534	915	0	93	478	28	0	0	64	0	0	0	0	0	0	0	1	2	0	1	0	0	0	0	0	0	0	0	0	0
DB_R05_UC_P_06_POST	0	0	0	0	0	0	0	0	0	0	0	4	16	5	23	441	35	0	3	62	5	0	0	0	360	99	532	101	1975	0	172	189	0	0	0	0	0	54	0	21	0	0	0	0	0	0	0	2	0	16	0	0	61	0	0	0	0	54	0	0	25	88	0	0	1	0	0	0	0	21	464	43	21	1366	0	45	31	772	14	8	3	168	0	0	0	0	20	5	0	7	2	1	4	0	0	0	0	0	397	0	0	0	0	0	0	0	0	13	0	0	30	15	32	240	428	30	66	0	0	1	0	526	5	71	212	0	0	0	419	0	0	9	132	7	0	0	21	0	0	0	0	0	0	0	1	2	0	1	0	0	2	0	1	0	0	0	0	0
