	Akkermansia_muciniphila	Alistipes_onderdonkii	Alistipes_putredinis	Bacteroides_caccae	Bacteroides_cellulosilyticus	Bacteroides_dorei	Bacteroides_eggerthii	Bacteroides_finegoldii	Bacteroides_fragilis	Bacteroides_massiliensis	Bacteroides_ovatus	Bacteroides_stercoris	Bacteroides_thetaiotaomicron	Bacteroides_uniformis	Bacteroides_vulgatus	Barnesiella_intestinihominis	Bifidobacterium_adolescentis	Dialister_invisus	Escherichia_coli	Eubacterium_eligens	Eubacterium_rectale	Eubacterium_siraeum	Faecalibacterium_prausnitzii	Oscillibacter_unclassified	Parabacteroides_distasonis	Parabacteroides_merdae	Parabacteroides_unclassified	Prevotella_copri	Roseburia_intestinalis	Roseburia_inulinivorans	Ruminococcus_torques	Subdoligranulum_unclassified
CSM5FZ4M	0	48	674	0	0	1499	0	0	0	0	2190	0	229	3739	0	0	0	0	12	0	0	32	1074	24	30	0	348	0	0	0	12	90
CSM5MCUO	0	42	565	308	5	69	0	0	75	0	412	1001	7	811	2025	234	3	0	32	892	452	0	1924	0	0	31	0	0	802	91	26	192
CSM5MCWQ	0	222	1567	1	1	917	0	0	155	0	1678	1	56	2964	11	0	0	0	0	0	0	270	1674	0	6	1	0	0	0	0	60	414
CSM5MCX3	0	59	360	293	19	49	0	0	94	0	406	845	14	562	2161	405	3	0	428	140	982	0	1770	13	0	91	0	0	770	263	120	154
CSM5MCXH	71	0	0	543	368	73	0	73	0	0	811	1551	2	2402	2427	0	0	0	1	21	219	0	591	172	153	344	0	0	0	28	17	134
CSM5MCXJ	397	0	0	1202	33	14	0	281	0	0	709	1749	4	2053	1943	0	0	0	0	8	727	0	242	112	100	271	0	0	0	24	8	122
CSM5MCXL	593	0	0	697	111	93	0	310	0	0	652	2297	3	934	2444	0	0	0	0	14	597	0	390	102	126	296	0	0	0	125	18	200
CSM5MCXN	0	41	490	166	0	0	0	0	0	0	78	650	65	1691	439	0	10	0	0	33	1741	9	3638	44	91	140	0	0	0	76	22	577
CSM5MCXP	801	0	0	726	38	109	0	173	0	0	716	1291	3	1232	2347	0	0	0	0	31	953	0	572	139	72	395	0	0	0	261	22	118
CSM5MCXR	275	0	0	727	5	100	0	133	0	0	794	1726	2	1534	2589	0	0	0	59	3	1280	0	96	113	40	379	0	0	0	0	17	127
CSM5MCY4	95	185	944	0	186	0	0	0	45	0	0	1809	231	2062	0	0	0	0	211	27	60	8	1148	0	84	1601	0	0	31	4	187	1081
CSM5MCY8	3	185	815	0	95	0	0	0	21	0	0	1952	288	2393	1	0	0	0	376	50	209	6	570	37	97	1781	0	0	161	88	114	758
CSM67U9H	205	0	0	101	0	139	0	0	0	0	103	32	0	66	63	0	0	0	22	56	2339	0	258	40	39	0	3	6459	38	2	17	16
CSM67U9N	0	0	0	1548	0	929	0	0	0	0	773	345	0	1565	330	0	0	0	226	30	1545	132	466	170	336	0	56	1461	0	0	26	63
CSM67UAK	0	0	0	695	296	3479	0	0	0	0	2016	0	178	2074	1	0	0	69	144	0	0	0	3	29	351	0	152	0	54	72	217	170
CSM67UAM	0	0	0	916	160	3882	0	0	0	0	2216	0	188	803	0	0	0	216	2	0	0	0	0	25	619	0	468	0	44	0	411	49
CSM67UAO	0	15	5	907	433	1084	0	0	0	0	2280	19	272	3610	8	3	0	82	11	0	0	1	10	0	552	1	347	0	135	50	87	88
CSM67UAQ	0	0	0	448	661	1608	0	0	0	0	3201	0	92	2853	1	0	0	118	0	0	0	0	0	24	541	0	247	0	87	9	81	28
CSM67UAS	176	0	0	1169	406	1385	0	0	0	0	1413	0	264	4174	0	0	0	20	22	0	0	0	0	50	281	0	206	0	47	0	232	155
CSM67UBX	0	73	1023	286	0	1099	0	0	111	0	2101	0	126	3954	0	0	0	0	2	0	0	76	930	0	8	0	0	0	58	0	52	101
CSM67UBZ	0	72	1056	1040	0	1370	0	0	0	0	1310	0	185	2807	0	0	0	0	0	0	0	21	1790	20	18	0	192	0	0	0	9	111
CSM67UC6	0	28	1291	528	0	2172	0	0	20	0	441	0	65	2907	0	0	0	0	0	0	0	48	1813	51	425	0	0	0	0	0	43	169
CSM67UDF	175	0	0	895	111	114	0	258	0	0	744	1495	2	1304	2706	0	0	0	0	3	446	0	510	76	408	589	0	0	0	26	7	131
CSM67UDJ	227	0	0	820	28	99	0	240	0	0	739	1979	3	1558	2595	0	0	0	2	0	744	0	273	113	101	293	0	0	0	50	22	111
CSM67UDN	17	0	0	556	6	103	0	408	0	0	555	2569	3	776	2763	0	0	0	39	14	1113	0	302	93	184	356	0	0	0	47	15	81
CSM67UDR	0	0	0	295	0	61	0	310	0	0	185	1479	0	365	2446	0	0	0	0	14	781	0	2932	113	110	105	0	0	0	388	125	290
CSM67UDR_TR	0	0	0	176	0	140	0	443	0	0	173	1152	0	344	3040	0	0	0	0	20	932	0	1957	20	132	157	0	0	0	865	150	297
CSM67UDY	0	0	0	757	39	125	0	148	0	0	354	2244	2	1369	2997	0	0	0	141	0	294	0	515	8	121	440	0	0	0	325	12	109
CSM67UE3	0	221	1042	0	1059	0	0	0	27	0	0	1082	379	2135	0	0	0	0	95	10	112	35	330	162	50	1252	358	0	432	283	322	613
CSM67UE7	0	33	332	638	0	4	0	0	0	0	618	154	65	2977	248	0	0	0	0	83	2633	335	709	47	324	319	0	0	0	1	12	468
CSM67UEA	0	75	1193	273	1185	0	0	0	0	0	5	284	177	742	2440	119	0	0	0	45	102	1231	950	19	220	376	0	0	183	0	3	378
CSM67UEI	810	156	772	0	937	0	0	0	62	0	0	1339	104	1849	0	0	0	0	1448	0	0	0	0	137	66	920	489	0	0	0	16	893
CSM67UEM	169	56	629	0	2089	0	0	0	127	0	0	3269	219	1377	2	0	0	0	91	0	0	0	0	28	46	791	726	0	0	0	4	378
CSM67UEW	0	0	0	0	0	0	0	0	111	0	12	1016	96	509	271	0	880	8	104	146	20	0	5639	6	0	0	0	0	955	19	146	63
CSM67UEW_TR	0	0	0	0	0	0	0	0	141	0	9	811	81	518	198	0	972	6	129	117	16	0	5998	6	0	0	0	0	823	12	102	62
CSM67UF1	0	0	0	0	0	0	0	0	293	0	214	2399	308	796	843	0	479	39	32	379	36	0	1997	14	0	0	0	0	1787	0	292	89
CSM67UF5	0	0	0	0	0	0	0	0	115	0	24	921	172	206	231	0	1902	30	25	374	45	0	2261	8	0	0	0	0	3270	22	277	116
CSM67UFV	0	116	646	374	30	36	0	0	77	0	876	1864	10	1056	1486	501	11	0	19	243	520	0	1505	41	0	12	4	0	10	107	37	420
CSM67UFZ	0	1	898	524	33	47	0	0	26	0	462	2919	10	1172	1638	353	21	0	13	241	354	2	1095	2	1	33	1	0	16	50	11	78
CSM67UG8	0	72	710	313	27	34	0	0	100	0	488	1271	8	1254	1622	373	13	0	177	492	347	0	2159	32	0	43	7	0	20	45	26	368
CSM79HGF	0	0	0	942	0	574	0	0	0	0	402	420	0	2216	93	0	0	0	0	186	1748	72	1512	344	511	0	76	475	0	17	9	402
CSM79HID	0	0	0	598	612	2054	0	0	0	0	3959	0	182	1354	0	0	0	123	2	0	0	0	0	15	497	0	347	0	44	0	171	43
CSM79HIF	0	0	0	470	503	2545	3	0	0	2	3656	2	265	1385	5	0	0	119	1	0	0	0	9	0	420	0	419	72	66	0	25	34
CSM79HIH	0	0	0	446	1131	1947	0	0	0	0	2498	0	460	2601	0	0	0	79	0	0	0	0	0	0	361	0	292	0	52	0	101	33
CSM79HIJ	2	4	9	625	859	1526	0	0	0	0	864	28	273	4717	2	4	0	196	1	0	0	14	6	84	381	1	272	0	18	0	24	88
CSM79HIL	0	0	0	526	325	1900	0	0	0	0	626	0	247	5651	0	0	0	157	1	0	0	0	0	0	238	0	214	0	12	0	34	67
CSM79HIN	0	0	0	853	1032	3772	0	0	0	0	747	0	193	1569	0	0	0	208	0	0	0	0	0	74	625	0	620	0	14	0	137	157
CSM79HLA	0	0	0	1220	37	57	0	21	0	0	773	1201	1	875	1379	0	0	0	1	27	2542	0	221	322	47	528	0	0	0	132	223	393
CSM79HLA_TR	0	0	0	1234	46	0	0	26	0	0	697	1787	1	1082	1613	0	0	0	12	18	1840	0	215	299	45	593	0	0	0	99	66	327
CSM79HLC	0	0	6	820	24	54	0	20	0	0	649	3776	5	1113	1307	0	0	1	0	12	1053	0	277	211	36	257	0	0	7	223	12	138
CSM79HLE	25	1	0	615	59	182	0	225	0	0	543	1534	8	1307	3617	0	0	0	0	1	751	1	113	16	325	553	0	0	0	49	3	72
CSM79HLG	0	0	0	832	2	95	0	310	0	0	1236	591	5	1424	2057	0	0	0	0	47	1232	0	427	152	211	897	0	0	0	287	27	168
CSM79HLI	0	0	0	628	195	64	0	16	0	0	419	4004	2	903	1924	0	0	0	4	3	834	0	273	53	209	315	0	0	0	84	9	62
CSM79HLK	0	0	0	1083	13	60	0	235	0	0	1328	2440	3	1281	1522	0	0	0	4	5	743	0	259	101	156	447	0	0	0	102	52	166
CSM79HLM	0	168	1406	772	0	1175	0	0	57	0	1607	0	80	3538	0	0	0	0	0	0	25	229	608	41	128	0	18	0	0	0	16	132
CSM79HM1	16	0	0	0	0	90	0	0	264	0	1034	3214	417	2012	403	0	401	31	16	644	165	0	964	19	0	0	0	0	113	0	88	109
CSM79HM7	3	0	0	0	0	0	0	0	125	0	462	1891	160	140	127	0	544	56	9	664	14	0	1760	42	0	0	0	0	3780	9	149	67
CSM79HMN	0	98	1164	347	30	28	0	0	323	0	257	1392	6	528	1513	872	6	0	39	215	269	0	2287	52	0	36	0	0	1	250	36	252
CSM79HMP	0	191	853	249	83	231	0	0	33	0	345	1911	18	241	2002	343	62	0	21	400	639	0	1088	73	0	43	0	0	80	320	30	744
CSM79HMT	0	193	784	356	22	22	0	0	52	0	459	2618	4	1020	1747	471	36	0	11	233	208	0	1066	52	0	33	0	0	51	102	14	445
CSM79HNE	0	0	610	0	0	0	0	0	936	0	195	0	0	0	0	0	11	15	0	16	298	0	596	6	0	0	0	0	7205	46	35	32
CSM79HNI	998	0	3055	0	0	0	0	0	2657	0	235	0	0	0	0	0	4	86	0	255	1487	0	771	57	0	0	0	0	242	40	54	57
CSM79HNK	312	0	2827	0	0	0	0	0	3652	0	505	0	0	0	0	0	5	60	0	80	1175	0	955	16	0	0	0	0	269	73	18	52
CSM79HNM	523	0	2360	0	0	0	0	0	4353	0	339	0	0	0	0	0	4	249	0	11	992	0	529	62	0	0	1	0	285	182	31	76
CSM79HO1	268	98	458	0	530	0	0	0	51	0	0	3617	228	1310	0	0	0	0	957	0	0	30	0	51	75	1430	799	0	0	0	11	86
CSM79HPK	0	0	0	4	0	51	0	0	0	0	8	9	0	25	146	0	0	0	0	68	875	0	290	6	33	0	2	8211	89	126	50	7
CSM79HPO	0	0	9	1001	0	95	0	0	5294	0	1036	355	0	1027	225	0	0	0	216	0	518	0	34	0	149	0	0	24	0	0	0	18
CSM79HPS	0	0	0	120	0	290	0	0	51	0	208	177	0	909	58	0	0	0	14	43	730	103	352	160	219	0	71	6368	18	14	17	79
CSM79HPU	0	0	0	0	0	0	0	0	2364	0	944	0	0	1430	1541	0	0	0	0	0	1232	0	0	0	0	0	0	2490	0	0	0	0
CSM7KOJQ	0	0	0	564	501	2856	0	0	0	0	594	0	213	3870	0	0	0	260	0	0	0	0	0	15	526	0	370	0	54	0	104	71
CSM7KOJS	0	0	0	180	596	1278	0	0	0	0	1320	0	90	5040	0	0	0	260	0	0	30	0	0	22	596	0	463	0	29	0	49	46
CSM7KOJU	0	0	0	278	309	1035	0	0	0	0	674	0	91	6184	0	0	0	164	0	0	26	2	0	72	520	0	502	0	39	0	41	64
CSM7KOJW	0	0	0	643	1303	2621	0	0	0	0	1582	0	149	2290	0	0	0	138	0	0	255	0	0	57	417	0	359	0	12	0	40	134
CSM7KOJY	0	0	0	333	1035	1478	0	0	0	0	972	27	142	5072	11	0	0	195	0	0	17	0	0	29	270	6	272	0	5	0	7	128
CSM7KOK1	0	0	0	512	502	1999	0	0	0	0	670	0	166	4732	0	0	0	249	0	0	19	0	218	0	507	0	360	0	16	0	26	24
CSM7KOLY	31	0	2505	0	0	0	0	0	4001	0	388	0	0	0	0	0	19	51	0	46	1398	0	445	31	0	0	0	0	876	146	23	40
CSM7KOMP	12	1	0	0	0	68	0	0	282	0	164	3665	286	530	209	0	356	273	141	1333	66	0	1894	34	0	0	0	0	387	23	144	134
CSM7KOMT	9	0	0	0	0	0	0	0	243	0	125	1883	241	270	135	0	1199	265	75	1556	862	0	2658	15	0	0	0	0	92	15	197	161
CSM7KONU	0	0	0	15	0	271	0	0	1269	0	384	339	0	472	169	0	0	0	0	0	2087	0	692	378	398	0	0	3455	0	0	48	22
CSM7KOP6	0	788	1149	0	785	2	0	0	346	1437	322	663	45	2584	369	0	0	0	16	58	61	130	484	14	47	326	226	0	0	5	54	89
CSM7KOP8	9	267	624	0	429	2	0	0	0	799	399	1566	20	2500	293	0	0	0	1	112	197	1552	744	6	11	284	50	0	80	10	26	17
CSM7KOPE	0	242	732	0	1379	1	0	0	0	1080	2501	101	16	1599	446	0	0	0	0	15	768	193	576	12	9	240	33	0	5	6	16	31
CSM7KOPG	0	0	0	502	512	2689	0	0	0	0	606	0	169	3744	0	0	0	185	14	0	58	0	322	0	692	0	427	0	16	0	37	27
CSM7KOPI	0	0	0	549	261	2122	0	0	0	0	617	0	315	3872	1	0	0	293	1	0	51	0	626	40	734	0	301	0	118	0	61	38
CSM7KOPK	0	0	0	625	308	2311	0	0	0	0	494	0	357	4150	0	0	0	223	0	0	51	0	306	1	550	0	468	0	18	0	45	92
CSM7KOPM	0	1	1	679	177	1007	0	0	0	4	357	1	339	5360	1	0	0	225	0	0	137	0	587	34	677	0	312	0	28	0	39	35
CSM7KOPO	1	0	7	933	470	759	0	3	7	0	494	4	427	4571	6	0	0	269	2	0	110	0	516	84	647	0	477	0	61	0	66	86
CSM7KORM	0	157	0	532	0	12	106	1029	0	0	1246	1002	148	566	1114	0	0	0	11	485	54	0	2444	182	350	381	0	0	25	1	19	139
CSM7KORO	0	44	0	418	0	0	0	1039	0	0	965	1276	61	385	1205	0	0	0	0	172	102	0	2351	14	133	1133	0	0	564	21	109	9
CSM7KORS	0	0	0	1144	0	0	0	1023	0	0	1672	1283	522	0	1257	0	0	0	0	214	288	0	1089	86	882	443	0	0	0	0	25	72
CSM7KORU	0	0	0	688	0	9	0	1134	1	0	1404	1225	909	44	1316	0	0	0	0	115	102	1	1791	120	760	297	0	0	0	0	32	49
CSM7KOS7	1707	0	4066	0	0	0	0	0	1766	0	115	0	0	0	0	0	11	225	5	110	750	0	445	562	0	0	0	0	42	2	52	144
CSM7KOSH	220	0	3444	0	0	0	0	0	3626	0	688	0	0	1	1	0	18	89	0	44	53	0	1471	104	0	0	1	0	100	32	9	99
CSM7KOU9	0	620	773	0	519	16	0	0	3	1092	464	534	22	4069	177	0	0	0	0	144	227	0	768	37	31	53	277	0	9	0	59	106
CSM7KOUB	0	892	1033	0	579	2	0	0	525	1413	191	594	35	3385	300	0	0	0	37	3	6	126	164	14	37	116	312	0	21	3	91	122
CSM7KOUL	0	0	0	332	2	150	4793	585	0	0	84	2	429	1532	535	0	64	4	0	111	110	2	656	40	243	4	91	0	122	38	33	39
CSM7KOUN	0	0	0	502	0	166	3253	1123	0	0	22	3	820	1230	379	0	133	0	7	88	32	1	1155	60	503	0	405	0	38	7	19	53
CSM9X1XU	0	0	0	714	0	1	1	1254	0	0	1809	1626	395	4	1285	0	0	0	0	91	28	0	725	159	1278	530	0	0	0	0	18	81
CSM9X1Y3	0	121	0	379	0	0	0	1259	0	0	749	2050	96	0	919	0	0	0	11	447	546	0	1473	152	1102	491	0	0	0	0	108	97
CSM9X1Y5	17	0	3263	0	0	0	0	0	3154	0	153	0	0	0	0	0	45	151	0	59	856	0	801	148	0	0	1	0	879	248	60	168
CSM9X1ZO	1206	636	947	0	895	0	0	0	0	1605	750	107	25	2242	455	0	0	0	1	83	60	133	251	13	15	438	20	0	27	4	15	72
CSM9X1ZQ	170	621	637	0	661	0	0	0	0	1781	475	73	34	3828	516	0	0	0	2	17	51	104	247	10	29	510	164	0	14	2	19	35
CSM9X1ZY	158	287	767	0	999	1	0	0	0	1529	773	339	40	3163	609	0	0	0	0	47	134	0	337	9	31	261	376	0	84	6	8	40
CSM9X211	0	0	0	1087	0	60	2477	1311	0	0	75	1	226	1337	483	0	0	0	0	417	476	0	1369	42	265	0	181	0	0	49	64	79
CSM9X213	4	10	20	803	0	245	3171	1412	1	0	137	74	513	806	612	10	0	0	0	148	340	30	1045	71	175	5	100	0	124	68	18	57
CSM9X215	0	0	0	567	0	35	4408	1640	0	0	97	1	512	931	574	0	0	0	0	143	59	0	516	18	114	0	104	0	211	24	18	29
CSM9X219	0	0	0	507	0	84	1060	1354	0	0	33	0	537	1758	1009	0	0	0	3	475	283	0	1880	151	165	0	151	0	289	201	16	45
CSM9X21J	0	73	0	187	0	1	0	1032	2	0	1475	2064	183	0	931	0	7	0	4	637	416	0	1295	56	614	910	0	0	0	10	56	46
CSM9X21L	1	70	1	141	0	0	0	515	12	0	916	2219	68	4	792	0	30	0	8	174	413	0	3381	124	720	306	5	0	1	0	39	61
CSM9X21N	0	109	0	400	0	0	0	1195	13	0	1882	2695	268	0	850	0	5	0	9	166	325	0	713	48	561	637	0	0	0	2	25	98
CSM9X22G	980	1037	1567	5	339	2	0	0	92	933	466	243	22	2255	448	0	57	0	40	16	39	157	230	28	44	585	194	0	35	3	56	129
CSM9X22I	1124	607	746	0	353	1	0	0	0	695	742	182	12	3393	190	0	19	0	0	25	50	698	545	26	15	366	58	0	4	0	45	104
CSM9X22K	277	638	1366	0	309	0	0	0	4	675	611	502	7	2795	437	0	0	0	0	6	345	103	291	12	22	1358	0	0	116	17	60	48
CSM9X22S	0	0	0	801	0	40	1348	1765	0	0	210	0	513	1212	930	0	0	0	0	381	239	0	1688	78	223	0	244	0	1	252	23	51
CSM9X22U	0	0	0	603	0	258	2908	1351	0	0	21	0	264	848	688	0	0	0	0	259	169	0	2232	48	99	0	62	0	4	105	31	49
CSM9X23H	0	0	0	223	0	64	5770	1264	0	0	415	1	396	766	289	0	0	0	0	15	16	0	416	48	125	0	118	0	29	9	10	27
CSM9X23N	0	1	0	736	0	53	2319	915	8	2	230	4	907	2318	678	0	0	0	2	0	76	0	961	255	300	0	173	0	0	32	4	25
ESM5ME9U	0	0	2726	193	0	141	0	0	0	255	497	0	151	1012	835	0	303	117	0	279	1231	2	897	66	0	1063	0	0	50	20	79	82
ESM5MEBS	2	0	1898	457	0	275	0	0	0	125	560	0	952	2031	889	0	71	514	0	56	281	0	710	97	0	403	405	1	51	152	24	46
ESM5MEBU	0	0	1785	115	0	188	0	0	0	302	618	0	553	1627	1089	0	33	162	0	176	526	0	728	28	0	530	162	0	1230	100	11	37
ESM5MEC3	0	0	3251	134	0	233	0	0	0	451	529	0	632	121	513	0	256	393	0	56	373	6	1062	127	0	1292	0	0	344	99	28	100
ESM5MEC5	0	0	1429	103	0	221	0	0	0	498	806	0	762	2411	1065	0	32	146	0	10	254	4	329	51	0	622	187	0	946	67	35	20
ESM5MEC9	0	5	0	0	0	97	0	0	0	0	1882	4334	0	727	603	0	0	0	2	0	264	0	1569	5	0	474	0	0	0	0	10	29
ESM5MEDU	0	0	1242	257	0	188	0	0	0	879	719	0	959	1291	1220	0	167	351	0	229	415	5	816	71	0	661	0	0	122	336	29	46
ESM718SY	0	0	2718	137	0	373	0	0	0	533	783	1	558	525	945	0	234	238	0	118	552	12	713	107	0	1015	44	0	216	95	36	46
HSM5MD3Y	0	0	0	1269	0	364	0	0	953	0	440	567	0	1696	4	0	0	0	192	0	621	0	2033	0	237	1490	0	0	0	26	50	59
HSM5MD41	0	0	0	1302	0	130	0	0	1968	0	1272	1971	0	2115	0	0	0	8	111	0	118	7	324	12	309	306	0	0	0	6	27	15
HSM5MD43	0	0	0	652	0	131	0	0	684	0	2407	1660	0	1598	0	0	0	29	45	0	168	8	2201	4	58	52	0	0	0	12	118	172
HSM67VGY	0	0	0	668	0	332	0	0	227	0	1115	178	0	3213	0	0	0	2	2	4	284	7	2891	0	394	534	0	0	0	62	47	38
HSM67VH1	0	0	0	612	0	145	0	0	2	0	255	551	0	1063	0	0	0	0	0	71	372	0	3891	1	86	419	0	0	2467	7	37	21
HSM6XRR5	15	9	61	0	0	0	0	0	3	1014	290	1835	36	964	338	12	662	0	174	24	1231	441	2310	34	0	74	0	13	0	65	125	267
HSM6XRR7	0	18	112	0	0	2	0	0	0	185	114	3827	239	523	422	49	767	0	169	99	1019	75	2056	79	1	49	0	0	0	3	24	168
HSM6XRR9	0	0	0	0	0	0	0	0	0	0	0	4678	0	0	3198	0	0	0	0	0	0	0	0	0	0	0	0	0	0	0	0	2124
HSM6XRRB	0	0	0	0	0	9839	0	0	0	0	0	0	0	0	1	0	0	0	0	94	0	0	0	13	0	0	0	0	0	14	23	15
HSM6XRRD	0	1	143	0	0	0	0	0	0	755	170	4243	0	634	343	12	118	0	1	113	926	54	971	34	1	146	0	627	0	638	11	59
HSM6XRTM	0	0	0	1654	0	545	0	0	325	0	807	435	0	1614	0	0	0	104	2	0	1495	42	1902	22	315	569	0	0	0	78	65	26
HSM6XRTO	0	0	1	2183	0	493	0	0	581	0	2757	286	0	1582	8	0	0	103	21	14	271	16	1094	0	124	378	0	0	0	8	58	21
HSM6XRTQ	0	0	0	243	0	1783	0	0	5	0	261	463	0	609	2	0	0	61	66	40	251	0	6094	22	35	2	0	0	0	0	10	53
HSM6XRTS	0	0	0	1645	0	204	0	0	224	0	1283	204	0	3280	2	0	0	0	6	139	476	36	1399	66	421	506	0	0	0	3	68	36
HSM6XRUX	0	3	245	1	0	27	0	0	1	952	913	2605	10	805	581	73	549	0	72	16	603	500	749	86	1	892	0	4	1	18	11	282
HSM6XRUZ	0	0	153	0	0	0	0	0	0	498	388	2649	2	737	659	11	511	0	44	115	1682	34	1955	45	0	123	0	87	0	93	44	169
HSM6XRV2	0	7	170	1	0	1	0	0	0	1489	406	1649	27	432	456	62	213	0	55	260	2627	138	1053	49	2	166	9	80	0	444	78	126
HSM6XRV4	0	7	122	0	0	0	0	0	0	1058	269	1915	5	1064	234	23	169	0	0	170	1197	175	3001	24	0	171	0	77	0	188	11	120
HSM6XRV6	3	9	326	0	0	0	0	0	0	1291	265	1819	32	420	403	31	194	0	1	81	1678	142	2348	29	1	397	0	124	0	199	24	182
HSM6XRV8	0	14	106	0	0	0	0	0	0	457	173	584	6	65	213	7	1827	0	126	35	2223	55	2700	15	1	165	0	165	0	640	38	386
HSM7CZ1V	0	85	3	0	0	0	0	0	437	2	725	1712	484	1528	3815	0	4	0	0	75	0	0	495	46	13	0	453	0	49	17	25	31
HSM7CZ1Z	1	1228	2	6	0	1	0	1	450	52	919	1251	267	1345	1960	7	10	0	0	242	2	0	555	112	15	2	636	716	0	24	112	82
HSM7CZ22	0	516	0	0	0	0	0	0	465	0	1544	968	228	1704	2219	0	39	0	10	0	0	0	1329	38	257	0	292	0	214	80	61	36
HSM7J4GP	0	776	0	0	0	1	0	0	286	0	632	935	527	1311	2750	0	6	0	0	148	0	0	1418	26	22	0	1049	0	21	7	20	63
HSM7J4GR	0	356	0	0	0	23	0	0	459	0	288	695	271	2439	3458	2	6	0	16	78	0	0	857	36	25	18	886	0	40	0	25	23
HSM7J4HM	0	0	322	47	0	0	0	0	0	0	624	0	0	0	4	0	0	5	5	165	5622	0	1802	0	681	508	0	1	0	51	161	2
HSM7J4HO	0	0	546	210	0	0	0	0	0	0	520	3	0	0	7	0	0	11	5	98	3280	0	3470	0	898	765	0	0	0	26	155	7
HSM7J4HQ	0	65	490	28	0	0	0	0	24	0	562	133	20	49	1516	0	15	61	78	158	1251	0	3904	211	717	645	0	3	0	0	67	3
HSM7J4HS	0	0	432	5	0	0	0	0	0	132	5	530	0	0	119	0	212	0	0	25	5217	0	2790	23	285	64	0	0	0	0	161	0
HSM7J4HU	0	0	1541	361	0	0	2	0	0	674	19	2983	0	65	825	0	4	77	773	7	1096	0	557	34	749	209	0	0	0	0	16	10
HSM7J4JZ	0	0	129	44	2	0	456	0	0	419	24	1017	0	400	424	0	118	0	0	27	4234	0	2249	46	118	2	0	0	5	0	282	5
HSM7J4K2	0	30	780	215	73	0	676	0	0	350	247	2993	0	1684	383	0	48	1	0	31	697	0	1239	31	91	58	304	0	33	0	32	4
HSM7J4K4	0	0	0	21	0	3	43	0	23	145	15	1537	0	327	1074	0	0	0	104	0	2669	0	2227	0	0	3	0	0	901	0	108	800
HSM7J4K6	0	2	307	186	8	0	213	0	0	292	196	3705	0	1295	302	0	36	37	285	49	739	0	900	48	44	46	102	0	30	0	99	1080
HSM7J4K8	0	0	301	112	9	0	392	0	2	172	83	1195	1	521	102	0	47	41	0	16	3084	0	1483	25	1	69	123	37	248	0	224	1711
HSM7J4KA	0	0	0	0	0	0	0	0	0	28	130	1909	0	62	1450	0	0	0	0	0	0	0	3067	0	0	0	0	0	0	0	2234	1119
HSM7J4M4	0	15	78	0	0	0	0	0	0	39	51	91	4	237	950	38	1334	0	121	160	1266	32	4881	197	0	8	4	2	0	7	58	428
HSM7J4M6	0	1	301	0	0	0	0	0	0	591	60	1264	0	878	973	33	998	0	47	184	632	6	3617	52	0	9	10	25	0	3	44	272
HSM7J4M8	0	3	231	0	0	3	0	0	0	493	320	1323	4	821	512	124	1260	0	3	187	1298	18	2927	103	0	107	0	6	1	17	24	214
HSM7J4MA	0	5	331	0	0	2	2	0	0	445	145	1426	1	860	386	61	1021	0	5	188	1301	106	3126	96	1	25	0	25	0	129	41	273
HSM7J4MC	7	32	402	0	0	34	0	0	11	572	502	2753	22	573	450	227	968	0	31	50	902	15	1902	50	0	90	9	2	0	12	27	357
HSM7J4ME	0	1	271	0	0	0	0	0	0	114	61	920	1	374	389	63	1018	0	21	128	1864	3	4100	106	0	45	0	8	0	26	18	468
HSM7J4NC	0	460	0	0	0	0	0	0	528	0	540	1165	914	1257	1723	0	14	0	1	99	0	0	1562	81	26	0	1381	0	142	18	40	48
HSM7J4NE	0	873	0	0	0	0	0	0	505	0	829	1943	334	639	3015	0	16	0	1	223	0	0	1045	84	9	0	358	0	10	6	80	31
HSM7J4NM	0	171	0	0	0	0	0	0	502	0	284	834	270	997	2295	0	89	0	2	50	0	0	2963	31	17	0	1049	0	253	75	72	48
HSM7J4NO	0	0	0	0	0	0	0	0	7	0	21	0	1	129	335	246	0	149	8	6	19	0	533	0	36	538	0	7826	0	97	0	46
HSM7J4NS	0	0	0	2	10	0	0	0	22	0	56	0	4	194	269	326	0	1420	21	276	303	13	2492	58	54	779	0	2716	6	622	56	302
HSM7J4NU	0	0	0	9	47	0	0	1	798	0	203	0	29	517	469	1140	0	158	30	114	343	245	2204	16	85	860	0	2047	2	144	73	465
HSM7J4PC	0	4	111	0	0	0	0	0	0	585	280	910	32	302	324	15	474	0	44	180	1855	128	3760	0	0	336	0	12	0	201	81	366
HSM7J4PE	0	8	189	0	0	1	0	0	0	478	287	2029	65	443	538	16	236	0	62	55	1421	106	3447	30	0	102	0	109	0	180	34	162
HSM7J4PG	0	3	732	927	0	18	0	57	30	443	667	228	11	1174	2062	17	90	5	9	60	596	8	1825	48	128	535	0	6	0	82	43	197
HSM7J4PI	0	3	126	0	0	0	0	0	0	439	139	360	25	420	489	20	363	0	56	124	1232	32	5400	143	0	85	0	5	0	94	29	417
HSM7J4PK	0	0	0	0	0	0	0	0	0	0	0	1044	0	465	2718	0	902	0	0	0	975	0	3691	0	0	0	0	0	0	0	0	205
HSM7J4PM	0	26	297	2	0	1	0	0	0	676	151	551	28	379	496	49	538	0	69	52	1508	24	4503	75	0	54	0	7	0	48	52	412
HSMA33IA	0	4	842	0	0	63	0	0	0	759	1107	4921	203	888	41	0	0	19	0	0	195	0	390	7	90	387	45	0	0	14	10	15
HSMA33IC	0	1	311	0	0	18	0	0	0	675	541	3850	127	506	47	0	18	92	1	0	1303	0	1169	19	162	438	232	0	190	19	232	48
HSMA33IO	1278	0	0	0	0	0	0	0	0	0	0	0	0	2598	5538	0	0	0	0	0	0	0	0	0	0	0	0	0	586	0	0	0
HSMA33IS	0	1	495	268	12	0	0	13	0	332	367	546	0	224	249	0	0	81	29	0	1430	0	3472	40	9	623	0	1460	0	51	0	298
HSMA33LB	0	0	0	0	0	0	0	0	0	447	144	847	83	281	990	0	42	3	35	0	3940	0	2836	0	13	0	26	0	0	6	167	142
HSMA33LH	0	20	123	0	0	5	0	0	0	622	475	2476	202	371	254	0	21	321	21	0	0	0	4354	0	19	127	508	0	0	0	0	80
HSMA33LH_TR	0	32	150	0	0	1	0	0	0	476	315	1790	315	320	157	0	24	458	10	0	0	0	5294	0	9	90	410	0	0	7	39	101
HSMA33LJ	0	15	600	0	0	3	0	0	0	1303	356	1364	200	341	147	0	96	237	8	0	0	0	4346	0	60	223	378	0	0	73	180	68
HSMA33LX	0	0	0	0	9	0	0	0	162	0	172	0	23	333	275	884	0	456	11	82	472	6	2742	15	76	1185	0	2442	51	241	41	321
HSMA33LZ	0	0	0	0	45	0	0	0	6	0	322	0	21	178	475	876	0	20	44	0	0	0	595	8	132	2354	0	4792	33	33	34	30
HSMA33M2	0	0	0	5	77	1	0	2	152	0	279	2	47	314	339	1137	0	2	11	56	119	24	1778	17	98	1920	0	2796	10	285	162	366
HSMA33M8	0	0	0	0	1	0	0	0	24	0	182	0	51	37	511	644	0	181	13	3	74	0	189	15	24	617	0	7112	67	198	29	27
HSMA33MA	0	20	468	140	57	23	503	0	0	313	111	1446	0	182	160	0	67	16	280	30	2055	16	1891	27	1	84	88	0	0	39	102	1881
HSMA33MC	0	110	1572	452	33	2	759	0	0	1525	261	1809	0	550	180	0	0	0	207	0	49	0	840	29	0	478	33	0	0	1	148	964
HSMA33ME	0	64	16	110	0	0	1033	3	0	1372	127	2883	0	548	758	0	0	0	0	0	2425	0	97	40	0	86	242	0	23	26	136	13
HSMA33MG	324	14	0	19	0	0	319	0	720	485	39	3716	11	297	396	0	0	0	0	0	51	0	2846	6	0	0	266	0	0	0	492	0
HSMA33MI	0	0	0	147	0	0	455	0	0	172	220	5029	0	390	419	0	0	0	0	0	1048	0	1952	11	27	0	34	0	0	0	98	0
HSMA33MK	0	3	26	48	0	0	269	0	0	2526	203	1229	0	114	371	0	0	0	0	8	3658	0	567	0	121	174	113	0	0	526	47	0
HSMA33MX	0	0	0	0	0	0	0	0	0	0	0	18	0	0	469	0	0	0	6251	0	0	0	409	0	0	0	0	2298	0	0	0	555
HSMA33MZ	0	0	0	0	0	0	0	0	0	11	3	47	0	12	39	0	0	153	0	0	1048	0	485	0	1	15	0	8170	5	10	0	2
HSMA33N4	0	0	0	0	0	0	0	114	0	0	5880	0	925	0	0	0	0	0	3082	0	0	0	0	0	0	0	0	0	0	0	0	0
HSMA33NW	0	37	1152	0	0	2	0	0	0	1712	468	2806	284	169	98	0	36	478	493	0	194	0	405	83	0	975	169	0	0	0	334	105
HSMA33O1	0	756	0	0	0	0	0	0	722	0	628	1561	187	647	3136	0	20	0	0	60	0	0	1292	173	391	0	246	0	9	66	60	46
HSMA33O3	0	266	0	0	0	0	0	0	999	0	925	572	520	399	3579	0	0	0	12	0	5	0	1557	161	266	0	295	0	97	189	129	30
HSMA33OD	0	0	0	0	33	0	0	0	107	0	520	0	9	340	806	2358	0	223	13	27	40	8	1602	0	114	1741	0	1712	2	102	119	124
HSMA33OJ	0	0	0	1	14	0	0	0	55	0	495	0	2	210	510	740	0	35	609	7	104	18	406	0	73	1137	0	4813	293	259	152	66
HSMA33OL	0	0	0	0	14	0	0	0	40	0	225	0	27	95	313	402	0	0	71	61	46	3	210	10	44	978	0	7178	25	215	10	31
HSMA33OP	0	102	365	1383	79	0	108	0	0	489	1235	2611	0	867	893	0	15	244	0	0	70	0	547	0	0	251	240	0	0	0	0	500
HSMA33OR	0	0	129	82	1	0	628	0	0	493	85	3087	0	477	279	0	26	8	162	199	1111	0	561	7	0	121	28	0	2070	40	19	386
HSMA33OT	0	20	140	61	6	0	590	0	0	549	234	3749	0	1502	364	0	0	19	0	0	341	0	848	27	0	180	268	0	237	0	37	828
HSMA33OV	0	26	462	175	57	0	783	0	0	473	561	1853	0	819	210	0	6	9	0	76	1572	0	955	62	0	191	42	74	483	22	29	1059
HSMA33OX	0	38	401	196	43	0	1278	0	0	577	243	1449	0	850	160	0	45	10	0	0	1150	0	1410	52	0	212	46	0	4	104	24	1708
HSMA33OZ	0	4	287	116	7	0	890	0	21	1547	102	3253	2	188	475	0	38	7	29	4	1465	0	453	38	0	165	361	0	1	1	193	354
HSMA33P6	0	21	667	0	0	68	0	0	0	939	850	1574	282	1272	65	0	17	255	0	2	1836	0	1177	31	211	349	182	0	0	23	76	104
HSMA33RD	0	10	184	45	2	3	0	19	0	71	26	54	0	10	73	0	0	0	0	9	1677	6	1559	10	9	77	0	5862	1	29	26	237
HSMA33RF	0	4	187	126	0	101	0	16	0	428	116	418	0	55	484	0	0	0	0	90	2387	2	919	15	3	87	0	4270	0	177	24	91
HSMA33RR	0	0	0	0	0	0	0	0	0	1044	103	716	96	65	149	0	220	71	0	0	0	0	6824	0	79	21	153	0	0	0	31	428
HSMA33RT	0	26	0	9	0	84	0	0	0	764	1609	2596	472	1800	110	0	8	0	73	0	0	0	1055	0	1	818	318	0	143	16	72	24
HSMA33RX	0	33	0	409	0	328	0	0	0	200	1128	2350	139	3340	392	0	14	0	18	0	0	0	942	0	0	349	245	0	0	4	87	22
HSMA33RX_TR	0	48	0	334	0	0	0	0	0	200	855	2396	140	4090	353	0	17	0	1	0	0	0	928	0	0	335	247	0	0	3	32	21
MSM6J2HD	0	0	0	0	0	0	0	0	1725	0	0	1	0	4988	2596	0	0	103	9	0	0	0	460	0	0	0	1	1	51	15	40	9
MSM6J2HF	0	0	16	4	127	3	0	0	1035	0	1	0	4	2902	4121	1	0	237	68	0	0	0	600	0	0	0	13	1	755	9	85	17
MSM6J2HH	0	0	0	0	0	7	0	0	576	0	0	4	0	2157	3796	0	0	208	6	0	0	0	2229	0	0	0	0	0	702	0	303	12
MSM6J2HJ	0	0	0	0	0	0	0	0	2573	0	1	0	0	2617	1863	0	0	541	104	0	0	0	928	0	5	0	0	0	1216	44	101	8
MSM6J2HL	0	0	0	0	0	0	0	0	1122	0	0	0	0	2990	4271	0	0	240	71	0	0	0	297	3	0	0	0	0	960	2	39	5
MSM6J2OH	0	0	0	0	0	0	0	0	986	0	0	0	0	3156	2845	0	0	163	207	0	0	0	776	16	0	0	0	0	1710	0	123	19
MSM6J2OJ	0	69	287	110	1524	29	0	0	608	0	35	0	114	711	4244	39	0	321	230	0	0	7	918	4	11	25	105	0	279	223	71	34
MSM6J2OL	0	0	0	0	0	0	0	0	348	0	0	0	0	1893	6692	0	0	31	65	0	0	0	357	0	0	0	1	0	386	162	63	0
MSM6J2ON	0	0	0	0	0	0	0	0	1025	0	0	0	0	2962	4264	0	0	233	62	0	1	0	392	0	0	0	2	0	1040	3	10	6
MSM6J2OP	0	0	0	0	0	0	0	0	281	0	0	0	0	2437	5935	0	0	54	3	0	0	0	1076	0	0	0	0	0	183	13	11	7
MSM79H7C	0	135	865	703	251	91	0	873	3	1530	191	0	0	593	2643	0	0	0	0	68	167	0	1385	27	17	29	4	0	204	178	42	2
MSM79H7E	0	87	510	734	85	192	0	842	4	1206	237	0	2	442	2499	0	0	0	0	182	345	1	2258	2	23	70	0	0	161	91	20	7
MSM79H7G	0	236	952	415	195	184	0	1056	0	1335	655	0	0	661	3120	0	0	0	0	117	65	0	751	25	25	62	0	0	0	128	9	8
MSM79H7M	0	62	451	659	275	21	0	990	20	1115	703	0	0	676	2582	0	0	0	83	1	625	0	1051	33	266	40	297	0	0	0	48	2
MSM79HAJ	552	381	5	281	0	188	1135	0	0	157	218	117	199	1031	80	178	0	0	0	251	1227	1078	1306	26	398	252	0	0	6	51	285	598
MSM79HAL	973	657	17	255	0	335	3050	2	0	236	151	31	70	380	202	161	0	0	84	35	112	929	1016	6	514	272	0	0	34	15	14	449
MSM79HAN	1884	506	18	396	0	352	761	2	0	138	238	26	81	348	189	327	0	0	1094	121	768	507	860	13	476	257	0	0	54	13	30	542
MSM79HAR	648	572	31	1105	0	557	735	49	0	206	775	135	757	428	185	179	0	0	690	14	161	556	785	11	613	193	0	1	109	7	215	284
MSM79HAT	2126	566	56	659	0	446	1030	0	0	26	294	37	111	398	148	419	0	0	355	78	669	284	506	17	900	324	0	1	51	0	135	364
MSM79HBZ	0	0	0	0	0	0	0	0	4966	0	0	0	0	0	0	0	0	0	2530	0	0	0	2496	0	0	0	0	0	0	0	0	7
MSM79HDA	0	0	0	0	0	0	0	0	1	0	0	0	0	0	3	0	0	0	883	0	0	0	8984	0	0	0	0	0	0	0	129	0
MSM79HDC	0	0	0	0	0	2	0	0	0	0	0	0	0	0	0	0	0	0	193	0	1315	0	7020	0	0	0	0	0	1411	0	59	1
MSM79HDE	0	0	0	0	0	1	0	0	0	0	0	0	0	1	1	0	0	0	41	1745	345	0	7691	0	0	0	0	0	144	0	30	1
MSM79HDG	0	0	0	0	0	0	0	0	0	0	0	0	0	1	3	0	0	0	38	576	585	0	8657	0	0	0	0	0	120	0	19	0
MSM79HDG_TR	0	0	0	0	0	0	0	0	0	0	0	0	0	0	0	0	0	0	44	565	451	0	8858	0	0	0	0	0	75	0	7	0
MSM79HDI	0	0	0	0	0	0	0	0	5	0	0	0	0	0	0	0	0	0	13	1167	2550	0	4982	0	0	0	0	0	1237	0	46	0
MSM79HEA	0	0	0	0	0	0	0	0	141	0	0	0	0	4689	2569	0	0	185	12	0	0	0	2302	0	0	0	1	0	49	5	30	17
MSM79HF3	389	413	10	244	0	233	1109	0	0	494	41	10	22	620	53	118	0	0	1716	44	1971	666	946	3	406	132	0	0	27	48	132	152
MSM79HF5	636	1068	18	1270	0	399	853	0	0	233	232	85	173	455	169	211	0	0	880	18	374	442	1096	8	606	202	0	0	49	5	228	294
MSM79HF7	424	149	1	237	0	537	653	0	0	947	55	56	56	647	185	65	0	0	3473	46	303	100	691	4	288	129	7	0	63	500	74	311
MSM79HF9	2068	278	0	391	0	266	212	0	0	54	31	8	190	690	128	129	0	0	794	115	1919	15	791	7	789	309	0	0	11	4	444	356
MSM79HF9_TR	2312	340	0	421	0	153	214	0	0	40	27	9	182	642	156	136	0	0	722	135	2048	20	703	4	726	290	0	0	3	2	391	325
MSM79HFB	1453	582	14	193	0	307	799	18	0	233	29	70	47	874	193	175	0	0	36	265	658	703	1284	25	465	546	0	0	6	69	51	905
MSM9VZEU	0	0	0	0	0	0	0	0	2628	0	0	0	0	0	0	0	0	0	2	238	1566	0	4512	0	0	0	1	0	907	0	23	123
MSM9VZEW	0	0	0	0	0	0	0	0	4112	0	0	0	0	0	0	0	0	0	11	335	499	0	3966	0	0	0	1	0	539	0	22	515
MSM9VZEY	0	0	0	0	0	0	0	0	5300	0	0	0	0	0	0	0	0	0	2	835	280	0	2766	0	0	0	1	0	371	0	39	406
MSM9VZF1	0	0	0	0	0	0	0	0	1625	0	0	0	0	0	0	0	0	0	10	284	632	0	5849	0	0	0	0	0	918	0	37	645
MSM9VZF3	0	0	0	0	0	0	0	0	4901	0	0	0	0	0	0	0	0	0	9	619	1036	0	1521	0	0	0	1	0	1624	0	25	264
MSM9VZF5	0	0	0	0	0	0	0	0	2611	0	0	0	0	0	0	0	0	51	26	622	565	0	4777	0	0	0	1	0	610	0	35	701
MSM9VZIM	0	0	0	0	0	3	0	0	930	0	0	0	26	1	1366	0	0	1608	24	11	0	0	449	1748	0	0	2	0	3397	0	374	62
MSM9VZIO	0	0	0	0	0	0	0	0	1851	0	0	0	21	0	1833	0	0	771	466	40	0	0	2265	1134	0	0	0	0	1317	0	245	57
MSM9VZIQ	0	0	0	0	0	0	0	0	303	0	0	0	21	0	5192	0	0	320	7	108	0	0	1082	696	0	0	2	0	1893	0	377	0
MSM9VZIS	0	0	0	0	0	0	0	0	352	0	0	0	21	0	5595	0	0	286	0	9	0	0	513	546	0	0	2	0	2472	0	204	1
MSM9VZIU	0	0	0	0	0	0	0	0	1211	0	0	0	41	2	1803	0	0	419	0	52	0	0	1431	1054	0	0	0	0	3910	0	77	1
MSM9VZIW	0	0	0	0	0	0	0	0	515	0	0	0	48	0	4890	0	0	222	0	25	0	0	974	743	0	0	1	0	2557	0	23	1
MSM9VZLL	593	506	88	673	0	402	355	2	0	25	647	39	254	352	154	101	0	0	4178	9	103	123	67	4	802	118	0	0	5	0	226	172
MSM9VZLN	2107	600	51	457	0	624	910	4	0	69	124	33	137	556	567	638	0	0	783	29	364	336	520	14	514	261	0	0	5	2	38	258
MSM9VZLP	1345	522	14	551	0	591	725	13	0	168	163	80	111	534	383	224	0	0	1978	24	602	264	433	10	630	239	0	0	7	14	121	256
MSM9VZLR	1139	735	15	235	0	216	243	1	0	37	280	39	338	300	296	97	0	0	2947	74	1294	251	501	3	480	107	0	0	16	1	147	209
MSM9VZLT	590	51	3	137	0	315	714	6	4	246	68	151	17	209	46	22	0	0	1654	124	909	586	1956	2	256	177	0	0	213	399	258	888
MSM9VZLV	1050	103	88	181	0	107	875	6	0	120	50	149	23	266	205	48	12	0	2078	109	1264	190	1761	4	193	156	0	23	119	150	119	553
MSM9VZNR	0	0	0	0	0	1	0	0	0	0	0	0	283	0	8101	0	0	202	116	46	0	0	747	82	0	0	7	0	339	0	71	5
MSM9VZNX	0	0	0	0	0	2	1	0	2596	0	0	0	122	0	2586	0	0	267	1145	16	0	0	204	225	0	0	3	0	2757	0	31	44
MSM9VZNZ	0	0	0	0	0	0	0	0	921	0	0	0	66	0	3120	0	0	361	1	1	0	0	657	466	0	0	1	0	4050	0	312	44
MSM9VZO2	0	0	0	0	0	1	0	0	1153	0	0	0	36	0	6699	0	0	437	6	14	0	0	422	256	0	0	2	0	819	0	132	24
MSM9VZOS	0	0	0	0	0	0	0	0	5192	0	0	0	0	0	1	0	0	0	41	0	0	0	1890	0	0	0	0	0	2520	0	31	324
MSM9VZOU	0	0	0	0	0	2	0	0	4585	0	0	0	0	1	1	0	0	73	20	0	0	0	3425	0	0	0	0	0	1384	0	19	490
MSM9VZOW	0	0	0	0	0	0	0	0	6800	0	0	0	0	0	0	0	0	0	36	0	0	0	2201	0	0	0	1	0	510	0	16	436
MSM9VZOY	0	0	0	0	0	1	0	0	2948	0	0	0	0	0	0	0	0	65	29	163	516	0	3722	0	0	0	1	0	1045	0	33	1479
MSM9VZP1	0	0	0	0	0	1	0	0	4487	0	0	0	0	1	2	0	0	2	18	0	1	0	1817	0	0	0	1	0	3498	0	21	152
MSM9VZP3	0	0	0	0	0	0	0	0	6163	0	0	0	0	0	1	0	0	0	42	0	0	0	1229	0	0	0	1	0	2479	0	29	55
MSMA267V	21	127	349	139	9	85	0	317	0	519	140	368	51	155	221	170	85	0	0	32	88	3924	2180	36	5	91	37	0	276	56	126	395
MSMA267X	14	40	369	167	80	351	0	197	0	703	284	632	134	123	224	137	5	0	0	79	26	4850	895	35	9	112	57	0	36	2	65	376
MSMA2684	0	21	77	31	14	174	0	131	0	682	25	633	39	699	301	48	21	0	1	127	16	3438	3138	36	3	167	0	0	3	0	12	163
MSMA2688	0	76	10	718	0	129	108	8	0	115	208	38	48	135	42	251	0	0	6736	1	253	33	391	0	353	226	0	0	3	1	42	73
MSMA26AV	0	118	580	479	161	79	0	174	0	873	86	0	0	1117	1280	0	0	0	0	720	111	0	3629	85	29	89	0	0	128	0	216	44
MSMA26AX	0	133	274	187	97	67	0	328	0	805	407	0	0	1141	2644	0	0	0	0	127	44	0	2176	85	26	103	8	0	1326	0	15	6
MSMA26AZ	0	112	668	411	94	196	0	461	0	1447	334	0	0	571	2620	0	0	0	0	81	6	0	2210	10	37	91	0	0	611	0	25	12
MSMA26AZ_TR	0	161	848	398	101	60	0	391	0	1240	298	0	0	953	2227	0	0	0	0	88	3	0	2489	54	31	95	0	0	538	0	11	14
MSMA26EH	0	0	0	0	0	17	0	0	0	0	0	0	0	0	0	0	0	0	7550	0	0	0	210	0	0	0	0	0	0	0	2016	207
MSMA26EJ	0	0	0	0	0	0	0	0	0	0	0	0	0	0	1	0	0	0	0	1209	0	0	3278	0	0	0	0	0	4811	636	62	2
MSMA26EL	0	0	6	0	0	0	0	0	0	0	0	0	0	18	36	0	0	0	25	1633	17	0	4923	0	0	0	0	0	2197	625	510	9
MSMA26EN	0	0	0	0	0	0	0	0	0	0	0	0	0	0	0	0	0	0	11	835	98	0	7595	0	0	0	0	0	746	603	111	1
MSMA26EP	0	0	0	0	0	113	0	0	0	0	0	0	0	0	0	0	0	0	9782	0	0	0	104	0	0	0	0	0	0	0	0	0
MSMA26ER	12	18	0	376	0	464	386	90	0	995	48	112	185	631	249	0	0	0	2351	508	468	695	525	0	900	190	0	3	20	106	155	511
MSMA26ET	0	152	12	453	0	134	94	4	0	179	113	34	44	146	57	105	0	0	7579	13	53	2	489	0	15	143	60	0	3	3	46	68
MSMA26EZ	0	64	2	180	0	188	98	14	0	276	90	106	114	385	67	22	0	0	613	0	3546	7	3124	4	204	102	342	0	8	19	139	286
MSMAPC55	319	333	693	206	0	430	2283	0	27	0	400	0	176	352	216	0	132	306	3	71	2455	200	515	43	0	331	0	0	136	45	86	242
MSMAPC57	0	0	0	0	0	0	0	0	268	0	0	0	14	0	2929	0	0	214	10	37	0	0	704	421	0	0	0	0	5354	0	46	3
MSMAPC59	0	0	0	0	0	2	0	0	983	0	0	0	19	4	1948	0	0	893	64	264	0	0	1857	185	0	0	1	0	3730	0	46	4
MSMAPC5B	0	0	0	0	0	1	0	0	1387	0	0	0	37	0	1124	0	0	86	11	99	0	0	908	430	0	0	2	0	5863	0	44	8
MSMAPC5D	0	0	0	0	0	1	0	0	288	0	0	0	41	0	3472	0	0	475	0	346	0	0	1373	191	0	0	0	0	3775	0	30	7
MSMAPC5Z	0	20	280	3394	10	339	0	97	0	404	1040	435	316	160	156	49	40	0	350	1	0	92	1214	93	3	191	0	0	12	83	28	1194
MSMAPC64	0	8	215	390	43	177	0	78	0	1022	578	324	67	210	274	66	209	39	4	4	77	3116	737	26	39	265	0	0	89	6	344	1591
MSMAPC66	0	24	200	389	4	61	0	245	0	796	186	733	288	359	257	103	193	0	51	16	287	3064	1219	36	20	252	27	0	219	4	116	850
MSMB4LYH	0	6	207	330	3	134	0	306	0	1219	135	935	131	253	319	44	330	0	0	94	246	1470	3047	18	8	140	20	0	23	36	171	374
MSMB4LZ4	0	75	294	124	19	94	0	196	0	337	319	0	0	312	1025	0	0	0	0	548	1148	0	4140	28	28	82	0	0	1030	151	45	5
MSMB4LZP	0	0	0	0	0	0	0	0	836	0	0	0	36	0	3303	0	0	54	2	33	0	0	1180	188	0	0	1	0	4302	0	61	2
MSMB4LZR	0	0	0	0	0	2	0	0	866	0	0	0	119	0	5388	0	0	571	16	0	0	0	278	82	0	0	2	0	2612	0	58	6
PSM6XBSE	0	2	0	56	0	0	244	0	1014	0	86	0	15	61	525	89	0	0	0	0	1680	0	2899	0	0	0	15	0	2505	603	65	140
PSM6XBT3	217	0	0	814	0	0	0	0	210	0	3955	0	1157	0	2461	0	0	60	178	0	2	0	467	32	107	0	170	0	0	162	0	8
PSM6XBT5	74	0	0	486	0	0	0	0	83	0	2226	0	1468	0	4573	0	0	13	0	0	178	0	560	26	70	0	156	0	0	67	0	19
PSM6XBT7	0	0	0	879	0	0	0	0	107	0	859	0	558	0	2491	0	0	0	5	0	295	0	374	64	37	0	108	0	3897	263	24	39
PSM6XBT9	0	0	0	425	0	0	0	0	80	0	1320	0	600	0	2663	0	0	0	9	0	159	0	242	13	19	0	145	0	3946	373	0	6
PSM6XBTB	0	0	10	695	0	8	0	0	207	12	2050	0	1757	33	2401	0	0	0	16	6	246	0	109	35	101	0	137	0	1960	144	7	66
PSM6XBVI	0	241	0	1086	0	0	1000	0	1672	0	50	0	645	782	1227	1862	0	75	0	0	126	0	491	24	0	31	301	0	0	14	269	103
PSM6XBVK	0	0	0	280	0	0	4667	0	1437	0	304	0	52	114	1904	204	0	0	0	0	275	0	585	0	0	10	86	0	0	30	41	10
PSM6XBVM	0	311	0	1638	0	0	2949	0	728	1	293	1	83	350	1287	902	0	29	25	0	86	0	621	8	0	161	0	0	0	372	103	51
PSM6XBVO	0	271	0	1113	0	0	2475	0	457	0	646	0	11	1456	1222	894	0	14	1	0	313	0	807	14	0	132	27	0	0	43	92	13
PSM6XBVQ	0	24	0	771	0	0	2086	0	598	0	239	0	52	584	1727	272	0	37	30	0	1201	0	2153	7	0	76	58	0	0	23	23	37
PSM6XBVS	0	0	0	909	0	0	4023	0	225	0	1002	0	4	926	1089	147	0	0	0	4	674	0	722	0	0	89	0	0	0	172	8	5
PSM7J127	0	0	0	676	0	0	0	0	212	0	1897	0	3049	0	2210	0	0	0	2	0	75	0	166	11	55	0	166	0	1410	52	10	9
PSM7J12B	0	0	0	689	0	0	0	0	352	0	1228	0	2499	0	4166	0	0	0	18	0	78	0	239	0	81	0	263	0	335	41	3	7
PSM7J12D	0	0	0	1685	0	1	0	0	523	0	2012	1	1724	1	2353	0	0	0	7	0	20	0	1212	0	63	0	211	0	40	146	0	2
PSM7J12F	0	0	0	1530	0	0	0	0	164	0	1355	0	1510	0	4532	0	0	0	0	0	7	0	532	0	69	0	152	0	7	139	0	3
PSM7J12V	0	0	156	396	3	38	0	0	242	0	127	827	20	303	261	189	0	0	0	120	5749	0	1193	35	34	35	14	0	123	0	62	73
PSM7J12Z	0	1	506	347	25	147	0	0	244	0	159	2270	16	396	227	623	0	0	2	1	2283	220	1544	72	62	566	0	0	0	111	25	152
PSM7J169	0	0	0	1099	0	0	0	0	103	0	560	0	1223	0	2156	0	0	0	0	0	1003	0	1286	0	45	0	130	0	1810	567	9	8
PSM7J16B	0	0	0	236	0	0	0	0	75	0	0	0	70	0	404	0	0	0	8508	0	11	0	607	0	0	0	30	0	0	0	0	58
PSM7J16F	0	0	0	950	0	0	0	0	124	0	662	0	2279	0	4200	0	0	0	55	0	211	466	474	0	138	0	332	0	22	73	7	7
PSM7J16H	0	0	0	0	0	0	0	0	0	0	0	0	0	0	0	0	0	0	9778	0	0	0	222	0	0	0	0	0	0	0	0	0
PSM7J18Q	0	1427	0	741	0	0	2563	0	192	0	1026	0	89	359	707	1506	0	23	0	10	144	0	240	9	0	180	395	23	257	73	19	17
PSM7J193	0	0	0	430	0	0	0	0	61	0	3106	0	2579	0	2095	0	0	0	0	0	45	0	872	37	99	0	300	0	238	111	0	24
PSM7J1AM	0	0	0	1173	0	0	0	0	406	0	1483	0	2823	0	2048	0	0	0	149	0	85	0	1203	46	63	0	172	0	170	73	11	93
PSM7J1AO	0	0	0	646	0	0	0	0	321	0	2905	0	2196	0	2613	0	0	0	15	0	75	0	613	56	48	0	112	0	82	290	0	32
PSM7J1AQ	0	0	0	479	0	0	0	0	150	0	1816	0	2008	0	3637	0	0	0	0	0	81	0	336	84	39	0	114	0	1145	51	8	51
PSM7J1AS	0	0	0	910	0	0	0	0	358	0	1769	0	1755	0	3545	0	0	0	21	0	433	0	212	25	57	0	130	0	127	629	7	23
PSM7J1AU	0	0	0	1243	0	0	0	0	379	0	1675	0	2241	0	3263	0	0	0	2	0	332	0	563	5	38	0	100	0	64	88	3	4
PSM7J1B7	0	143	0	885	0	0	4105	0	131	0	670	0	82	1643	889	396	0	32	0	0	119	0	63	0	0	540	47	0	152	93	0	9
PSM7J1B9	0	226	0	1759	0	0	3236	0	198	0	312	0	49	564	949	528	0	182	16	0	829	0	497	5	0	367	19	0	20	213	14	19
PSM7J1BB	0	83	0	328	0	0	2755	0	154	0	364	0	10	703	969	112	0	8	0	2	1531	0	870	2	0	110	15	0	1324	610	26	27
PSM7J1BD	0	285	0	427	0	0	3845	0	183	0	147	0	26	1149	302	464	0	207	0	0	810	0	548	4	0	314	0	0	1045	211	8	25
PSM7J1BF	0	202	0	479	0	0	2913	0	188	0	200	0	28	857	346	463	0	72	0	0	1499	0	709	5	0	323	0	0	1184	488	25	18
PSM7J1BH	0	0	0	0	0	0	0	0	0	0	0	0	0	0	0	0	0	0	0	0	0	0	0	0	0	0	0	0	0	0	0	10000
PSM7J1BV	0	0	404	305	43	110	0	0	258	0	560	5278	6	493	262	624	21	1	0	21	21	0	249	19	69	1170	0	0	37	19	0	31
PSM7J1BX	0	0	211	244	2	30	0	0	443	0	316	2003	0	818	156	1259	22	0	0	7	0	3	3584	67	66	644	0	0	0	5	5	113
PSM7J1C4	0	3	390	192	74	160	0	0	176	0	1174	2699	5	542	424	151	105	0	0	15	94	56	1452	58	218	1634	0	0	5	15	0	358
PSMA264K	0	0	0	182	0	24	0	0	274	0	121	5765	0	235	342	37	0	0	0	0	0	0	3008	0	0	0	0	0	0	0	0	11
PSMA264O	0	0	0	853	0	0	0	216	0	469	115	83	293	51	310	0	44	142	0	23	36	0	1843	22	1	59	59	5174	26	177	4	1
PSMA264Q	0	0	0	1226	0	0	0	275	0	519	121	142	186	44	386	0	7	309	0	0	17	0	1162	10	2	224	80	5169	50	28	7	36
PSMA264S	0	0	0	549	0	0	0	180	0	741	57	136	102	29	236	0	29	180	0	24	65	0	1021	9	1	147	77	6112	20	149	5	130
PSMA264U	0	0	0	320	0	0	0	270	0	750	80	158	66	34	402	0	4	56	1	99	126	0	2684	7	2	87	55	4263	120	134	8	273
PSMA264W	0	0	0	412	0	0	0	205	0	740	103	189	74	92	313	0	33	57	0	241	82	0	3301	16	1	101	65	3446	97	133	11	286
PSMA265X	0	203	0	0	0	0	0	0	1392	0	96	0	145	613	3989	0	0	5	7	53	1368	0	1267	61	65	307	0	0	120	3	105	200
PSMA266U	0	6	0	0	0	0	0	0	267	0	30	0	7	117	1548	0	23	3	4	13	5243	0	1856	8	24	153	0	0	231	5	383	79
PSMA266Y	0	30	0	0	0	0	0	0	684	0	358	0	107	165	4977	0	7	102	0	28	1076	0	1698	26	48	440	0	0	112	13	18	112
PSMA2671	0	65	0	0	0	0	0	0	614	0	131	0	62	309	3041	0	1	145	1	79	2705	0	1770	9	26	400	0	0	382	21	53	188
PSMA2675	0	90	0	0	0	0	0	0	445	0	144	0	232	395	1596	0	8	46	0	182	1530	0	3862	45	91	334	0	0	483	35	102	380
PSMA267J	0	0	0	383	0	0	0	380	0	968	85	122	121	106	189	0	4	5	0	80	16	0	2137	10	1	91	52	4945	23	79	6	198
PSMA267P	0	0	0	600	0	0	0	221	0	887	72	114	478	136	101	0	66	164	0	0	19	0	493	3	1	354	23	5676	102	75	9	404
PSMA267R	0	0	0	116	0	0	0	91	0	540	25	54	44	57	83	0	12	236	0	10	654	0	1211	2	0	159	0	6256	97	69	2	282
PSMA269S	0	131	0	0	0	0	0	0	1164	0	218	0	195	486	2356	0	5	277	5	79	659	0	3283	53	102	467	0	2	17	3	106	391
PSMA269W	0	130	0	0	0	0	0	0	2742	0	110	0	69	297	2145	0	17	316	14	106	650	0	1914	25	74	538	0	0	0	2	128	722
PSMA26A1	0	347	0	0	0	0	0	0	1427	0	107	0	128	530	2672	0	12	257	1	104	486	0	2534	92	40	800	0	0	1	7	39	415
PSMA26A3	0	15	0	0	0	0	0	0	557	0	121	0	39	192	2085	0	54	147	50	58	2922	0	2753	41	29	211	0	0	240	19	70	397
PSMB4MBI	0	0	0	28	0	0	0	134	0	267	29	119	11	17	119	0	21	151	0	17	323	0	2202	1	1	222	2	5682	20	25	3	605
PSMB4MBK	0	0	0	311	0	0	0	168	0	640	20	106	102	65	124	0	104	2169	0	124	665	0	3725	8	1	212	0	260	16	201	37	944
PSMB4MC1	0	387	1	0	0	0	0	0	1708	2	277	0	257	238	3028	0	7	169	27	51	1048	0	1703	90	144	553	0	0	15	7	82	207
PSMB4MC3	0	89	0	0	0	0	0	0	878	0	501	0	148	279	4771	0	0	215	0	16	237	0	2021	27	30	407	0	0	196	5	9	171
PSMB4MC5	0	24	0	0	0	0	0	0	516	0	82	0	66	57	3216	0	3	31	0	33	2049	0	2178	20	22	184	0	1	1054	20	365	78
PSMB4MC7	0	0	0	190	0	0	0	386	0	910	48	174	99	80	275	0	7	532	0	79	1368	0	1391	2	2	368	28	3116	70	302	4	570
CSM5FZ4A_P	14	0	0	530	7	15	0	139	0	0	705	3531	4	1334	2638	0	0	0	0	9	59	0	224	146	289	255	0	0	0	16	3	84
CSM5FZ4E_P	0	285	847	6	0	607	0	0	0	0	2276	0	298	4694	8	0	0	0	0	0	0	58	558	27	1	2	189	0	0	0	15	130
ESM5GEZ4_P	0	0	0	419	0	285	0	0	0	361	774	0	1069	720	1076	0	52	225	0	415	365	0	2463	136	0	1104	251	39	213	16	2	13
ESM5GEZ6_P	7	20	2138	206	0	256	69	3	0	205	410	12	419	173	478	0	265	93	72	222	862	0	2158	288	0	516	164	1	755	102	50	57
ESM5GEZA_P	0	0	2481	252	0	229	0	0	0	60	804	0	542	188	715	0	98	53	6	125	382	0	1638	108	0	1232	620	0	337	70	2	58
ESM5MEAB_P	0	5	6	2	0	67	0	4	0	25	536	4210	0	712	472	5	0	32	82	440	0	0	1584	0	3	1564	0	0	0	0	88	165
CSM5MCUA_P	261	0	0	597	7	36	0	339	0	0	604	3402	1	1259	2109	0	0	0	0	0	329	0	18	199	181	526	0	0	0	3	10	116
CSM5MCUS_P	2	80	286	0	51	0	0	0	20	0	0	1363	45	709	1	0	0	0	1444	59	1224	24	2059	34	46	1058	0	0	369	183	35	909
HSM5MD47_P	0	0	0	243	0	846	0	0	244	0	190	173	12	392	0	0	0	75	684	0	1498	0	5154	0	0	72	0	35	0	85	0	297
ESM5MEA9_P	0	17	0	0	0	62	0	0	0	0	544	4136	0	1845	554	0	0	0	66	479	0	0	479	59	0	1113	0	0	403	0	115	127
HSM5MD44_P	0	0	0	23	0	99	0	0	451	0	15	10	15	111	0	0	0	0	198	0	4091	0	4697	0	0	0	0	0	0	0	260	30
CSM5MCYU_P	2923	0	0	21	0	188	0	0	0	0	42	59	0	124	82	0	0	0	3	25	1591	0	651	112	68	0	2	4016	10	30	21	31
HSM6XRQE_P	0	0	0	0	0	159	0	0	0	607	342	914	0	91	1056	0	1132	0	1336	0	1652	0	2431	0	0	0	84	0	0	0	0	196
CSM5MCYQ_P	0	0	0	0	0	0	0	0	364	0	330	2591	398	1986	431	0	674	26	53	521	35	0	1559	35	0	0	0	0	748	24	177	48
CSM67U9P_P	0	0	0	1824	0	485	1	0	0	0	259	272	0	3767	471	0	0	0	108	3	135	793	183	313	304	0	94	147	0	0	50	793
CSM67UEP_P	0	0	0	0	0	0	0	0	456	0	93	3047	350	286	348	0	3388	82	71	153	23	0	561	7	0	0	0	0	955	73	47	60
CSM67U9R_P	0	0	0	779	0	783	0	0	0	0	445	735	0	4808	321	0	0	0	4	0	104	18	156	193	668	0	120	743	0	0	50	72
CSM79HGH_P	0	0	0	966	0	543	0	0	0	0	422	733	0	3026	667	0	0	0	3	0	334	545	869	381	602	0	51	389	0	0	13	456
MSM6J2N6_P	0	34	181	0	0	90	0	0	0	0	85	0	12	64	168	157	198	0	0	37	95	0	296	20	0	92	0	8437	6	0	0	28
CSM67UET_P	0	0	0	0	0	0	0	0	399	0	327	4672	384	320	315	0	665	141	60	403	53	0	1281	78	0	0	0	0	491	0	267	144
HSM7CZ1T_P	18	378	0	0	0	0	0	0	235	0	207	2640	175	1661	3244	0	0	0	34	2	0	0	720	55	2	0	386	0	53	135	9	46
CSM79HNG_P	62	0	3218	1	0	0	0	0	3137	0	794	0	10	0	18	0	3	98	2	126	785	0	717	23	3	0	4	12	817	85	46	40
MSM79HF1_P	19	206	0	425	0	166	871	1	0	362	86	44	43	814	18	134	0	0	242	65	2881	577	1794	18	491	131	0	0	27	110	209	266
CSM79HQT_P	0	0	0	0	0	1	0	0	287	0	43	2365	257	268	361	0	3639	128	179	300	376	0	1236	8	0	0	0	0	240	13	173	128
CSM79HPQ_P	0	0	0	19	0	90	0	0	26	0	85	68	0	574	88	0	0	0	0	33	920	71	629	261	113	0	13	6810	28	27	19	126
CSM79HPM_P	0	0	0	423	0	326	0	0	0	0	287	401	0	1639	256	0	0	0	0	56	642	529	125	485	331	0	63	4172	7	2	0	257
HSM7CZ2X_P	0	0	0	0	0	0	0	0	0	0	1792	0	0	0	8	0	0	28	762	0	3739	0	403	0	2221	936	0	0	0	0	102	8
CSM79HM5_P	8	0	0	0	0	0	0	0	501	0	436	3126	370	2039	130	0	266	50	66	95	1	0	2597	41	0	0	0	0	82	0	58	136
CSM7KONS_P	0	0	0	2	0	44	0	0	44	0	48	28	0	105	49	0	0	0	0	41	613	42	393	52	68	0	18	8367	5	23	10	48
PSM7J1C2_P	0	0	0	0	0	3	0	0	0	3039	0	3693	0	1598	0	0	0	0	94	0	0	0	0	0	0	1568	0	0	0	0	5	0
CSM7KOMR_P	21	0	0	0	0	0	0	0	323	0	170	1105	329	578	207	0	2654	589	516	451	73	0	2411	20	0	0	0	0	103	4	205	242
CSM79HQR_P	0	0	0	101	0	0	0	278	0	0	161	239	22	251	1190	0	0	0	177	1217	640	0	5312	2	62	184	0	0	0	0	151	13
CSM7KOMV_P	2	0	0	0	0	1	0	0	477	0	133	2612	509	994	394	0	1010	179	188	459	129	1	2247	23	0	0	0	0	282	136	56	168
HSM7J4JT_P	0	0	0	0	1	0	0	0	13	0	170	0	38	134	235	487	0	37	31	0	20	0	2061	11	25	714	0	5398	13	402	8	204
MSM9VZN4_P	0	0	11	772	0	2908	0	0	0	0	1476	723	40	287	331	0	0	0	0	456	203	0	1223	15	20	160	0	0	628	15	6	726
HSM7J4JV_P	8	17	435	97	2	5	0	103	0	177	73	211	0	73	176	0	0	0	0	0	392	0	702	4	6	385	0	7089	0	27	8	10
CSM5MCXB_P	7	106	83	163	0	2	38	4	279	13	199	3138	347	989	398	0	654	252	363	656	114	0	1157	62	4	13	19	12	465	2	307	153
CSM5MCYI_P	0	1	3	18	9	26	0	0	151	13	124	4139	776	504	303	0	1275	551	154	211	61	0	640	33	10	0	0	204	557	24	96	118
CSM5MCYM_P	9	0	1	26	12	138	0	1	360	4	852	2359	314	924	421	0	205	35	448	150	101	3	2220	73	35	0	26	115	1071	9	56	31
CSM67U9T_P	17	0	2	707	608	1041	0	5	0	6	3618	18	608	1353	19	0	0	166	3	0	7	0	7	72	698	1	776	30	0	58	112	68
CSM5MCYO_P	54	27	178	137	0	87	22	110	131	280	178	2009	151	168	588	53	1880	331	135	264	232	86	1615	35	120	30	0	807	106	33	58	95
PSM6XBSG_P	0	10	38	1500	36	188	6	27	95	101	822	311	884	284	1681	0	0	5	10	58	313	77	1425	43	189	4	128	1589	44	60	28	41
CSM79HGJ_P	0	0	0	334	0	634	4	0	3	0	316	300	0	4877	175	0	0	0	0	0	148	117	82	114	544	0	81	2197	0	0	0	75
CSM79HGD_P	0	0	0	1616	0	626	1	1	0	13	651	1326	0	1029	251	0	0	0	56	14	949	22	1193	376	991	0	81	247	1	0	83	473
CSM79HGL_P	0	0	0	2510	0	1094	0	0	0	0	1797	1010	0	640	103	0	0	0	8	72	681	300	365	146	601	0	64	464	6	30	34	74
CSM79HGN_P	0	0	1	263	0	186	1	1	0	0	316	129	0	341	37	0	0	0	0	1	175	2	47	57	199	0	38	8177	0	10	0	19
ESM5MEC7_P	4	163	233	193	0	84	8	0	669	11	9	1214	24	679	3752	4	15	100	206	1	55	7	727	89	150	95	0	161	1201	15	72	58
MSM79HD8_P	14	48	305	134	34	25	122	0	25	1	26	127	57	130	397	17	0	132	7317	3	41	6	307	13	176	50	0	371	45	7	38	31
CSM79HM9_P	0	37	43	357	0	127	244	261	93	10	156	1070	163	234	343	24	338	346	44	220	144	1	1058	57	114	15	0	4030	181	41	131	118
MSM79HD6_P	0	172	1186	414	152	120	4	697	1	1326	181	14	1	622	3586	0	0	3	0	56	46	0	1100	17	22	102	0	4	131	28	8	6
CSM7KOU7_P	0	510	755	2	705	7	1	1	58	1690	799	704	37	2835	521	0	0	0	31	90	146	0	580	18	26	144	196	0	22	10	17	96
MSM79H9U_P	5	3	99	90	5	64	2	3	0	540	29	224	84	33	355	111	0	0	50	26	281	0	544	7	21	78	12	7124	21	46	38	102
CSM7KONW_P	0	19	81	195	17	125	2	0	107	3	141	487	10	1842	386	7	0	2	128	97	1812	499	796	709	76	27	178	2112	48	14	15	65
CSM7KOQ5_P	0	0	63	27	20	2	0	0	0	0	9	3	8	123	2545	4	0	270	12	0	1524	0	4924	193	4	21	1	1	10	226	5	5
CSM7KOUJ_P	0	3	3	1947	0	244	1687	2344	0	4	38	7	1180	952	838	4	2	1	0	62	11	0	351	17	113	3	59	39	0	26	32	34
HSMA33P2_P	0	23	241	6	0	19	34	9	0	482	726	1996	290	441	94	0	65	263	17	0	25	0	4711	19	2	228	118	4	0	57	10	121
MSM9VZJF_P	0	6	11	593	0	20	14	0	43	6	63	93	12	38	307	0	224	0	292	520	556	42	4342	200	11	93	3	1479	0	260	351	421
HSM5MD43_P	0	0	0	884	0	123	0	0	197	0	3045	1751	0	1379	0	0	0	19	10	0	95	8	2265	6	93	66	0	0	0	11	8	40
CSM67U9H_P	316	0	0	96	0	124	0	0	0	0	108	23	0	58	16	0	0	0	21	35	2285	0	245	33	37	0	6	6523	49	4	14	6
CSM79HGF_P	0	0	0	1101	0	590	0	0	0	0	392	423	0	2321	78	0	0	0	0	145	1283	76	1788	311	533	0	44	375	0	14	44	481
PSM6XBSE_P	0	89	0	176	0	1	807	0	1481	0	309	4	63	197	573	580	0	4	0	0	1071	0	1870	0	0	9	64	0	1914	522	39	226
CSM67UF1_P	0	0	0	0	0	0	0	0	301	0	234	2568	371	966	906	0	553	40	32	275	40	0	2172	16	0	0	0	0	1229	2	209	85
CSM67UEW_P	0	0	0	0	0	0	0	0	151	0	14	664	108	546	230	0	922	9	185	150	20	0	5886	5	0	0	0	0	894	19	149	50
MSM5LLIQ_P	0	0	0	0	0	133	0	0	665	0	0	0	12	32	8666	0	0	0	0	0	0	0	388	0	0	0	0	0	0	0	0	104
MSM5LLHV_P	708	1496	0	0	0	57	0	0	0	0	4	1612	387	3682	311	1	24	274	117	73	114	0	496	69	168	0	5	0	0	0	27	375
MSM5LLFK_P	0	0	4	0	11	0	0	0	0	0	0	0	34	1537	6366	0	0	248	166	0	0	0	1321	0	0	0	0	0	200	0	105	8
ESM5MEEJ_P	0	0	0	315	0	122	0	0	0	168	595	0	1370	1851	506	0	14	236	0	0	0	0	3601	41	0	438	687	0	18	27	0	10
MSM5LLFM_P	17	0	0	64	0	0	0	21	0	0	51	469	0	3140	3982	0	0	167	0	0	35	0	659	19	14	50	0	0	1116	0	180	18
CSM5MCTZ_P	0	22	759	632	17	67	30	0	90	0	452	1384	22	862	1868	678	3	2	0	150	286	0	2027	16	0	121	0	0	1	188	36	286
MSM5LLFO_P	0	0	0	0	0	1	0	0	0	0	6	37	0	3745	3821	0	0	23	0	1	0	0	1582	0	0	11	0	0	727	0	19	27
CSM5FZ4G_P	0	141	1186	0	0	868	0	0	0	0	1689	0	322	2792	1	0	0	0	0	0	0	283	2304	34	6	0	46	0	0	0	22	306
CSM5MCUQ_P	103	195	588	0	70	0	0	0	36	0	0	2253	43	1188	1	0	0	0	238	61	39	276	1312	221	45	1246	0	0	46	30	57	1953
CSM5MCUG_P	0	97	722	519	12	25	0	0	235	0	546	1585	6	403	2263	673	2	0	0	75	540	0	1804	28	0	37	0	0	1	88	37	304
CSM5MCU8_P	2325	2	35	426	64	18	0	63	33	0	259	1657	0	1086	2000	0	3	7	1	31	183	38	284	356	100	363	0	0	0	9	156	500
CSM5FZ4K_P	0	262	1172	0	0	1075	0	0	0	0	1544	0	152	3686	0	0	0	0	1	0	0	42	1714	76	6	0	0	0	0	0	38	233
CSM5MCUK_P	0	92	1530	153	10	39	0	0	142	0	331	518	6	252	1996	1678	7	0	1	437	667	0	1808	33	0	38	0	0	0	10	10	243
MSM5LLFU_P	0	0	0	0	0	0	0	0	459	0	0	0	0	2828	4920	0	0	184	7	0	0	0	506	0	0	0	0	0	1015	7	68	8
CSM5MCUC_P	566	0	2	502	180	40	0	42	1	0	490	3660	1	1837	1193	0	1	0	0	2	322	0	85	310	59	504	0	0	0	22	22	157
HSM5MD87_P	0	0	0	809	0	186	0	0	46	0	1398	1006	0	1242	1	0	0	113	167	0	416	52	3240	19	137	1007	0	8	0	9	11	132
ESM5MEA7_P	0	2	45	0	0	153	0	0	0	0	1027	2680	5	204	1036	0	0	0	2156	0	0	6	1587	1	0	0	6	0	0	0	146	946
CSM5MCWM_P	0	60	759	0	0	2329	0	0	19	0	1598	0	411	3762	0	0	0	0	2	0	0	14	961	15	6	0	0	0	0	0	5	58
CSM5MCUY_P	3	100	455	0	99	0	0	0	18	0	0	2008	156	1909	3	0	0	0	2434	24	130	2	376	53	57	1084	0	0	393	135	9	553
CSM5MCUE_P	3323	0	8	569	7	15	0	298	0	17	485	1307	3	1412	1833	6	0	20	1	10	110	0	66	75	33	198	0	0	2	26	5	171
CSM5MCUW_P	15	196	423	0	61	0	0	0	10	0	0	2071	48	1220	4	0	0	0	1782	46	50	14	1093	87	56	1554	0	0	133	203	78	856
