#OTU ID,Akkermansia_muciniphila,Alistipes_finegoldii,Alistipes_onderdonkii,Alistipes_putredinis,Alistipes_shahii,Anaerostipes_hadrus,Anaerotruncus_unclassified,Bacteroides_caccae,Bacteroides_cellulosilyticus,Bacteroides_dorei,Bacteroides_faecis,Bacteroides_fragilis,Bacteroides_massiliensis,Bacteroides_ovatus,Bacteroides_stercoris,Bacteroides_thetaiotaomicron,Bacteroides_uniformis,Bacteroides_vulgatus,Bacteroides_xylanisolvens,Barnesiella_intestinihominis,Bifidobacterium_adolescentis,Bifidobacterium_bifidum,Bifidobacterium_longum,Bilophila_unclassified,Bilophila_wadsworthia,Burkholderiales_bacterium_1_1_47,C2likevirus_unclassified,Clostridiales_bacterium_1_7_47FAA,Clostridium_asparagiforme,Clostridium_bartlettii,Clostridium_bolteae,Clostridium_citroniae,Clostridium_clostridioforme,Clostridium_hathewayi,Clostridium_leptum,Clostridium_symbiosum,Collinsella_aerofaciens,Coprococcus_catus,Coprococcus_comes,Dialister_invisus,Dorea_formicigenerans,Dorea_longicatena,Dorea_unclassified,Escherichia_coli,Escherichia_unclassified,Eubacterium_eligens,Eubacterium_hallii,Eubacterium_ramulus,Eubacterium_rectale,Eubacterium_siraeum,Eubacterium_ventriosum,Faecalibacterium_prausnitzii,Flavonifractor_plautii,Haemophilus_parainfluenzae,Holdemania_filiformis,Holdemania_unclassified,Lachnospiraceae_bacterium_1_1_57FAA,Lachnospiraceae_bacterium_2_1_58FAA,Lachnospiraceae_bacterium_3_1_46FAA,Lachnospiraceae_bacterium_3_1_57FAA_CT1,Lachnospiraceae_bacterium_5_1_63FAA,Lachnospiraceae_bacterium_7_1_58FAA,Lachnospiraceae_bacterium_8_1_57FAA,Odoribacter_splanchnicus,Oscillibacter_unclassified,Parabacteroides_distasonis,Parabacteroides_merdae,Parabacteroides_unclassified,Parasutterella_excrementihominis,Peptostreptococcaceae_noname_unclassified,Prevotella_copri,Roseburia_hominis,Roseburia_intestinalis,Roseburia_inulinivorans,Roseburia_unclassified,Ruminococcaceae_bacterium_D16,Ruminococcus_bromii,Ruminococcus_gnavus,Ruminococcus_obeum,Ruminococcus_torques,Streptococcus_parasanguinis,Streptococcus_salivarius,Subdoligranulum_unclassified,Veillonella_atypica,Veillonella_dispar,Veillonella_parvula,Veillonella_unclassified
Akkermansia_muciniphila,1.0,0.0099,0.099,0.0099,0.6832,0.9505,0.0099,0.0693,0.0495,0.4158,0.0099,0.0099,0.6634,0.0594,0.1287,0.1683,0.4554,0.0099,0.495,0.5644,0.4653,0.0099,0.0099,0.3168,0.3762,0.0099,0.3366,0.1386,0.5149,0.6634,0.0198,0.3069,0.0099,0.0099,0.0099,0.0099,0.0099,0.5446,0.1881,0.0099,0.0198,0.0099,0.1386,0.0297,0.802,0.0099,0.0099,0.0198,0.5248,0.5644,0.0297,0.0198,0.0297,0.0099,0.3267,0.0891,0.7723,0.0594,0.0198,0.2871,0.604,0.0099,0.0594,0.0099,0.0099,0.0099,0.0099,0.0792,0.0099,0.099,0.9505,0.0099,0.0099,0.2079,0.0099,0.0099,0.0099,0.0198,0.0297,0.396,0.099,0.1188,0.0099,0.3267,0.9901,0.0396,0.0495
Alistipes_finegoldii,0.0099,1.0,0.0099,0.0099,0.0099,0.0099,0.0495,0.0099,0.0099,0.0099,0.0099,0.0198,0.2772,0.0099,0.0297,0.0099,0.0099,0.7426,0.0099,0.0099,0.0099,0.0099,0.0099,0.7129,0.0099,0.0099,0.0099,0.0099,0.0099,0.0099,0.0099,0.0099,0.0099,0.0099,0.0099,0.0099,0.0396,0.9604,0.0099,0.1386,0.198,0.2079,0.396,0.0099,0.0099,0.0099,0.1089,0.6436,0.4455,0.099,0.1485,0.2574,0.0099,0.0099,0.0099,0.0099,0.0099,0.0099,0.2871,0.0891,0.0198,0.0297,0.0099,0.0099,0.0099,0.0594,0.1089,0.0099,0.0099,0.0099,0.0198,0.9208,0.0099,0.0495,0.0198,0.9406,0.2178,0.0099,0.9406,0.3564,0.0099,0.0099,0.0099,0.0099,0.0099,0.0099,0.0099
Alistipes_onderdonkii,0.099,0.0099,1.0,0.0099,0.0099,0.0099,0.0099,0.0099,0.0099,0.0099,0.1881,0.0099,0.703,0.0099,0.0099,0.0099,0.0099,0.4455,0.0099,0.0099,0.0891,0.0099,0.0099,0.0099,0.0099,0.0099,0.0099,0.0099,0.0099,0.0099,0.0099,0.0099,0.0099,0.0099,0.0495,0.0099,0.2376,0.4653,0.0099,0.7327,0.5248,0.0594,0.1089,0.0099,0.0396,0.4059,0.6832,0.0099,0.0594,0.0099,0.0297,0.1485,0.0099,0.0099,0.0099,0.0099,0.8119,0.0099,0.0099,0.0099,0.3762,0.2475,0.0198,0.0099,0.0099,0.0099,0.0099,0.0099,0.0099,0.0099,0.8614,0.0099,0.0099,0.0099,0.0099,0.3564,0.0693,0.0099,0.6139,0.3366,0.0099,0.0099,0.0099,0.0099,0.0099,0.0099,0.0099
Alistipes_putredinis,0.0099,0.0099,0.0099,1.0,0.0099,0.9604,0.0099,0.0099,0.0099,0.0099,0.0099,0.1287,0.9505,0.0099,0.0099,0.0099,0.0099,0.0099,0.0198,0.0099,0.9604,0.0099,0.0099,0.0099,0.0099,0.2277,0.0099,0.0099,0.0099,0.0099,0.0099,0.0099,0.0099,0.0099,0.4059,0.0099,0.3069,0.505,0.0099,0.0099,0.0099,0.1386,0.0099,0.0099,0.0099,0.0099,0.0198,0.0396,0.0297,0.0099,0.4257,0.0099,0.0099,0.0099,0.0099,0.0099,0.0099,0.0099,0.0099,0.0099,0.0297,0.1188,0.0099,0.0099,0.0198,0.0099,0.0099,0.0099,0.0891,0.0099,0.0693,0.0099,0.0099,0.0099,0.8812,0.0099,0.198,0.0099,0.0198,0.0297,0.2673,0.0099,0.0099,0.0099,0.0099,0.0099,0.0099
Alistipes_shahii,0.6832,0.0099,0.0099,0.0099,1.0,0.0099,0.3564,0.0099,0.0099,0.0198,0.0099,0.2772,0.0099,0.802,0.0099,0.0891,0.0099,0.0099,0.0099,0.0099,0.0099,0.0099,0.0099,0.0099,0.0198,0.3168,0.0099,0.0099,0.0099,0.0099,0.0099,0.0099,0.0099,0.0099,0.0099,0.0099,0.0297,0.2772,0.0099,0.0099,0.0099,0.9406,0.3564,0.0099,0.0099,0.0792,0.3465,0.6436,0.3168,0.1287,0.0099,0.0297,0.0099,0.2277,0.0099,0.0099,0.0099,0.0099,0.2772,0.0198,0.0099,0.1881,0.7129,0.0099,0.4752,0.0099,0.0099,0.9208,0.0594,0.1881,0.0099,0.6733,0.0099,0.099,0.1584,0.0099,0.3366,0.0099,0.5347,0.0099,0.5644,0.3366,0.0099,0.0099,0.0099,0.0099,0.0099
Anaerostipes_hadrus,0.9505,0.0099,0.0099,0.9604,0.0099,1.0,0.1683,0.3564,0.0099,0.0792,0.0099,0.0297,0.0099,0.8515,0.1683,0.4851,0.0792,0.1881,0.0099,0.6337,0.0099,0.0099,0.0099,0.0792,0.0099,0.7525,0.1683,0.0099,0.0099,0.0099,0.0099,0.0099,0.4257,0.0495,0.0099,0.0198,0.0099,0.1089,0.7921,0.5347,0.0099,0.0099,0.0198,0.7723,0.0099,0.1485,0.0099,0.0099,0.0099,0.6436,0.0099,0.1287,0.0099,0.3861,0.0099,0.0297,0.2277,0.0099,0.0198,0.0198,0.0099,0.0099,0.4257,0.0099,0.2277,0.0099,0.0099,0.0099,0.2178,0.0396,0.0099,0.703,0.9505,0.6931,0.0198,0.0099,0.099,0.0396,0.0099,0.0099,0.6436,0.6337,0.2079,0.0396,0.8218,0.4455,0.9406
Anaerotruncus_unclassified,0.0099,0.0495,0.0099,0.0099,0.3564,0.1683,1.0,0.0495,0.703,0.0198,0.0099,0.3366,0.703,0.0099,0.0792,0.505,0.0099,0.0198,0.0099,0.4653,0.8713,0.1089,0.0594,0.9802,0.0198,0.4455,0.0099,0.0099,0.0495,0.0099,0.0099,0.0099,0.0099,0.0099,0.4356,0.0396,0.0495,0.5446,0.0099,0.7228,0.0099,0.1386,0.2475,0.0099,0.2079,0.4059,0.4752,0.9703,0.0099,0.505,0.198,0.0099,0.0099,0.1089,0.505,0.0099,0.2673,0.099,0.4455,0.0297,0.1287,0.2277,0.7327,0.0198,0.4158,0.099,0.0396,0.2673,0.9208,0.7822,0.0693,0.0099,0.0297,0.2574,0.0396,0.5545,0.8515,0.0099,0.0099,0.5248,0.0693,0.0297,0.3366,0.0099,0.3564,0.0099,0.0099
Bacteroides_caccae,0.0693,0.0099,0.0099,0.0099,0.0099,0.3564,0.0495,1.0,0.0297,0.0198,0.6832,0.0594,0.0495,0.0099,0.0099,0.0099,0.0099,0.0099,0.0099,0.0099,0.7723,0.0099,0.0099,0.0099,0.495,0.0099,0.0099,0.0099,0.7228,0.0099,0.0198,0.0099,0.0099,0.0099,0.0099,0.0099,0.0198,0.0099,0.0594,0.0099,0.0099,0.3267,0.0099,0.0099,0.0099,0.6931,0.1485,0.0099,0.0297,0.0099,0.0297,0.0099,0.0396,0.0099,0.0099,0.0099,0.0891,0.1287,0.0792,0.0099,0.0099,0.0099,0.0099,0.0099,0.0099,0.2475,0.0099,0.0099,0.0099,0.0099,0.703,0.0297,0.0099,0.0099,0.0297,0.0099,0.1287,0.0099,0.0198,0.0792,0.0099,0.0099,0.0099,0.0099,0.0099,0.0099,0.0099
Bacteroides_cellulosilyticus,0.0495,0.0099,0.0099,0.0099,0.0099,0.0099,0.703,0.0297,1.0,0.7228,0.0099,0.8614,0.0099,0.0792,0.0297,0.6238,0.0099,0.0099,0.5149,0.0099,0.2178,0.0099,0.3168,0.1881,0.0099,0.2178,0.0198,0.0099,0.0198,0.0099,0.0099,0.1089,0.0099,0.0099,0.0099,0.0099,0.0198,0.4356,0.0297,0.0594,0.0099,0.9802,0.198,0.0891,0.3465,0.3663,0.3069,0.0099,0.0891,0.0099,0.6337,0.9505,0.5743,0.0396,0.297,0.0297,0.3861,0.0099,0.0792,0.3168,0.0099,0.7822,0.9604,0.0099,0.2772,0.0099,0.297,0.0099,0.1584,0.0099,0.0297,0.9901,0.198,0.4158,0.0495,0.0198,0.0099,0.0099,0.5347,0.0099,0.2673,0.0495,0.0594,0.0198,0.0297,0.0099,0.0198
Bacteroides_dorei,0.4158,0.0099,0.0099,0.0099,0.0198,0.0792,0.0198,0.0198,0.7228,1.0,0.0099,0.802,0.2376,0.0594,0.0099,0.4455,0.0099,0.0099,0.0396,0.0099,0.0198,0.1089,0.1188,0.2376,0.6832,0.5743,0.0396,0.0099,0.1485,0.0099,0.1881,0.0198,0.6139,0.0099,0.1683,0.5446,0.0099,0.0198,0.0495,0.7327,0.0099,0.0594,0.4257,0.0099,0.0495,0.297,0.0594,0.9802,0.0099,0.0099,0.1386,0.0594,0.3069,0.0099,0.4257,0.9901,0.2178,0.6436,0.4158,0.3465,0.5446,0.6337,0.6139,0.0099,0.0099,0.5842,0.0099,0.1782,0.0099,0.6337,0.0099,0.3861,0.0297,0.0693,0.0594,0.2178,0.2871,0.0495,0.3069,0.9901,0.0099,0.0099,0.0099,0.0594,0.0297,0.0099,0.0396
Bacteroides_faecis,0.0099,0.0099,0.1881,0.0099,0.0099,0.0099,0.0099,0.6832,0.0099,0.0099,1.0,0.5842,0.0099,0.0099,0.7822,0.0099,0.604,0.0099,0.0495,0.0297,0.0693,0.0099,0.3366,0.0198,0.0099,0.0198,0.0297,0.0099,0.0099,0.0099,0.0099,0.0099,0.0099,0.0099,0.0099,0.0099,0.5644,0.0099,0.8614,0.0396,0.6436,0.3267,0.2178,0.0198,0.3366,0.4752,0.2475,0.0495,0.0099,0.0099,0.0099,0.0099,0.0099,0.2673,0.0099,0.0099,0.1089,0.0099,0.2178,0.0198,0.0594,0.0099,0.1188,0.1683,0.0099,0.0099,0.2772,0.0198,1.0,0.4257,0.2475,0.6634,0.0495,0.0099,0.0198,0.2673,0.3861,0.0099,0.1386,0.0099,0.1485,0.099,0.0099,0.2673,0.1683,0.495,0.0594
Bacteroides_fragilis,0.0099,0.0198,0.0099,0.1287,0.2772,0.0297,0.3366,0.0594,0.8614,0.802,0.5842,1.0,0.0099,0.8812,0.0099,0.0099,0.0099,0.0198,0.0099,0.0099,0.7723,1.0,0.6931,0.0099,0.495,0.0099,0.0495,0.5248,0.2178,0.0792,0.0099,0.0099,0.3069,0.0099,0.604,0.5446,0.0396,0.0891,0.0891,0.0099,0.9703,0.4257,0.8614,0.0297,0.0099,0.0099,0.0099,0.0297,0.1386,0.0099,0.0099,0.5545,0.2178,0.5644,0.9802,0.0099,0.8713,0.1386,0.0594,0.0099,0.7327,0.8911,0.4752,0.5644,0.0099,0.0099,0.0099,0.0099,0.0099,0.2079,0.1287,0.0099,0.1287,0.6337,0.1089,0.0396,0.8515,0.4554,0.0099,0.505,0.703,0.5347,0.4653,0.5446,0.2277,0.0297,0.0594
Bacteroides_massiliensis,0.6634,0.2772,0.703,0.9505,0.0099,0.0099,0.703,0.0495,0.0099,0.2376,0.0099,0.0099,1.0,0.0099,0.0099,0.7426,0.0099,0.0099,0.0495,0.0099,0.0099,0.1287,0.0297,0.0099,0.8218,0.0396,0.1188,0.1386,0.0099,0.0099,0.0099,0.7129,0.5644,0.0099,0.0198,0.0099,0.0099,0.7822,0.5743,0.0099,0.099,0.8416,0.8713,0.9406,0.099,0.7426,0.4653,0.0792,0.5347,0.0099,0.0099,0.2871,0.1683,0.396,0.0099,0.0099,0.495,0.0099,0.0099,0.2871,0.099,0.0099,0.4752,0.0396,0.1782,0.0099,0.0099,0.0099,0.0297,0.8911,0.0594,0.0099,0.0495,0.0099,0.3267,0.0099,0.0297,0.0099,0.0099,0.0099,0.802,0.9208,0.3267,0.2178,0.4356,0.6832,0.8317
Bacteroides_ovatus,0.0594,0.0099,0.0099,0.0099,0.802,0.8515,0.0099,0.0099,0.0792,0.0594,0.0099,0.8812,0.0099,1.0,0.0099,0.4455,0.0099,0.0099,0.0099,0.0594,0.0198,0.0099,0.505,0.0099,0.1188,0.0198,0.0099,0.0099,0.0792,0.0099,0.0792,0.0099,0.0099,0.0099,0.0495,0.0594,0.0198,0.9604,0.0099,0.0099,0.2673,0.0297,0.0693,0.0099,0.0099,0.802,0.0099,0.297,0.0198,0.1188,0.297,0.0099,0.0099,0.0099,0.0099,0.0099,0.0198,0.0099,0.3366,0.0099,0.8218,0.0099,0.0099,0.0198,0.4257,0.0198,0.0099,0.0099,0.0099,0.0099,0.0099,0.1386,0.0099,0.1881,0.4158,0.4851,0.0198,0.0198,0.0693,0.9802,0.0099,0.0099,0.0099,0.0099,0.0099,0.0099,0.0099
Bacteroides_stercoris,0.1287,0.0297,0.0099,0.0099,0.0099,0.1683,0.0792,0.0099,0.0297,0.0099,0.7822,0.0099,0.0099,0.0099,1.0,0.0099,0.0099,0.5842,0.0099,0.0198,0.0099,0.5248,0.2178,0.0693,0.3663,0.0495,0.0198,0.0099,0.1287,0.0099,0.0297,0.1287,0.0099,0.0099,0.4752,0.2574,0.0099,0.0099,0.0198,0.0099,0.5347,0.0198,0.099,0.0099,0.0099,0.0198,0.6238,0.0099,0.3663,0.0099,0.0099,0.0099,0.4752,0.0099,0.0396,0.0198,0.0099,0.0297,0.0099,0.0099,0.0099,0.0099,0.0297,0.2079,0.0099,0.0099,0.0099,0.0198,0.0396,0.0099,0.2871,0.6139,0.1188,0.1881,0.1188,0.0099,0.0198,0.0099,0.0594,0.0396,0.0396,0.0198,0.0693,0.0099,0.0099,0.0099,0.0099
Bacteroides_thetaiotaomicron,0.1683,0.0099,0.0099,0.0099,0.0891,0.4851,0.505,0.0099,0.6238,0.4455,0.0099,0.0099,0.7426,0.4455,0.0099,1.0,0.0099,0.0099,0.0099,0.0099,0.0099,0.0099,0.0099,0.9703,0.1683,0.6634,0.9901,0.4851,0.0099,0.0099,0.1782,0.0198,0.0693,0.0099,0.9307,0.0198,0.0495,0.0297,0.9604,0.4158,0.505,0.7921,0.9802,0.0099,0.0594,0.1485,0.1089,0.0099,0.0198,0.1683,0.8317,0.2079,0.2574,0.0198,0.0396,0.0297,0.0198,0.0099,0.0099,0.0099,0.0099,0.3663,0.0099,0.0099,0.1287,0.5743,0.0099,0.4455,0.0396,0.0198,0.7327,0.0891,0.1485,0.0198,0.0099,0.2574,0.2871,0.0099,0.1485,0.0297,0.0099,0.0099,0.0297,0.0099,0.0099,0.0099,0.0099
Bacteroides_uniformis,0.4554,0.0099,0.0099,0.0099,0.0099,0.0792,0.0099,0.0099,0.0099,0.0099,0.604,0.0099,0.0099,0.0099,0.0099,0.0099,1.0,0.0099,0.0792,0.0099,0.0099,0.0099,0.0099,0.2376,0.3168,0.0594,0.0099,0.0099,0.0099,0.0099,0.0099,0.0099,0.0099,0.0099,0.6832,0.0099,0.8911,0.2277,0.0099,0.0495,0.0099,0.6139,0.0099,0.0099,0.0198,0.4059,0.0396,0.0099,0.3069,0.3663,0.0099,0.0099,0.0099,0.0099,0.0099,0.0099,0.1683,0.0099,0.0099,0.0099,0.0099,0.1782,0.0099,0.0099,0.0099,0.0594,0.0099,0.0099,0.0099,0.0099,0.7921,0.0297,0.0099,0.0396,0.3861,0.0099,0.7921,0.0099,0.0099,0.6139,0.0099,0.0099,0.0099,0.0099,0.0099,0.0099,0.0099
Bacteroides_vulgatus,0.0099,0.7426,0.4455,0.0099,0.0099,0.1881,0.0198,0.0099,0.0099,0.0099,0.0099,0.0198,0.0099,0.0099,0.5842,0.0099,0.0099,1.0,1.0,0.0099,0.0099,0.0099,0.0099,0.0099,0.1881,0.7327,0.9208,0.0198,0.6931,0.0099,0.0099,0.0099,0.1386,0.0099,0.3465,0.0099,0.0099,0.3267,0.0099,0.3267,0.0099,0.0099,0.0099,0.0099,0.2079,0.0099,0.297,0.2277,0.0297,0.505,0.0099,0.0099,0.0396,0.2079,0.0099,0.0198,0.1683,0.0099,0.0594,0.0099,0.5446,0.0099,0.0099,0.0198,0.4257,0.0099,0.0099,0.0099,0.0099,0.9604,0.0792,0.5446,0.0099,0.0495,0.0099,0.0099,0.4752,0.0099,0.0099,0.0198,0.0099,0.0099,0.505,0.0099,0.0099,0.0099,0.0099
Bacteroides_xylanisolvens,0.495,0.0099,0.0099,0.0198,0.0099,0.0099,0.0099,0.0099,0.5149,0.0396,0.0495,0.0099,0.0495,0.0099,0.0099,0.0099,0.0792,1.0,1.0,0.0099,0.1386,0.0099,0.0099,0.1386,0.0198,0.0099,0.0495,0.0099,0.2376,0.0099,0.0396,0.0099,0.3762,0.0297,0.0099,0.0297,0.3267,0.0099,0.0099,0.0099,0.5248,0.5842,0.1782,0.0198,0.3069,0.0099,0.0099,0.3366,0.1881,0.0099,0.0099,0.9208,0.9604,0.0495,0.0693,0.0099,0.2574,0.5545,0.0792,0.0099,0.0099,0.2871,0.0693,0.0099,0.0099,0.1386,0.0099,0.0099,0.0099,0.198,0.1782,0.0099,0.0099,0.0099,0.0099,0.0099,0.1881,0.0198,0.0198,0.0099,0.0099,0.0099,0.6931,0.1386,0.0396,0.0099,0.0198
Barnesiella_intestinihominis,0.5644,0.0099,0.0099,0.0099,0.0099,0.6337,0.4653,0.0099,0.0099,0.0099,0.0297,0.0099,0.0099,0.0594,0.0198,0.0099,0.0099,0.0099,0.0099,1.0,0.0099,0.0099,0.3069,0.4158,0.0099,0.6535,0.0099,0.0099,0.0099,0.0099,0.0099,0.0099,0.0099,0.0099,0.0297,0.0099,0.0495,0.2871,0.7723,0.0099,0.0099,0.0099,0.0099,0.0099,0.0099,0.7921,0.0396,0.4752,0.0099,0.0099,0.1188,0.6931,0.0099,0.0099,0.0099,0.0495,0.3069,0.0099,0.1386,0.1584,0.3861,0.0594,0.0099,0.0099,0.0198,0.0099,0.0099,0.0099,0.0693,0.0198,0.4752,0.4653,0.9109,0.3366,0.8812,0.0099,0.0099,0.0099,0.703,0.0099,0.0198,0.0099,0.0099,0.0099,0.0099,0.0099,0.0099
Bifidobacterium_adolescentis,0.4653,0.0099,0.0891,0.9604,0.0099,0.0099,0.8713,0.7723,0.2178,0.0198,0.0693,0.7723,0.0099,0.0198,0.0099,0.0099,0.0099,0.0099,0.1386,0.0099,1.0,0.0099,0.0099,0.6139,0.3069,0.0297,0.1584,0.1386,0.0099,0.901,0.198,0.9406,0.099,0.9901,0.0198,0.8317,0.0099,0.099,0.0099,0.495,0.9208,0.1188,0.5743,0.0099,0.0099,0.703,0.0495,0.297,0.2178,0.1782,0.0099,0.2574,0.0099,0.4752,0.6535,0.0396,0.2079,0.0099,0.3267,0.0693,0.1881,0.9901,0.297,0.0099,0.1584,0.6139,0.0594,0.9802,0.0396,0.0198,0.0099,0.1386,0.0891,0.0099,0.1188,0.0099,0.1782,0.0495,0.0297,0.0099,0.5743,0.604,0.0099,0.4356,0.5644,0.9109,0.9109
Bifidobacterium_bifidum,0.0099,0.0099,0.0099,0.0099,0.0099,0.0099,0.1089,0.0099,0.0099,0.1089,0.0099,1.0,0.1287,0.0099,0.5248,0.0099,0.0099,0.0099,0.0099,0.0099,0.0099,1.0,0.0099,0.0099,0.0198,0.0099,0.0198,0.0099,0.0099,0.0099,0.297,0.0198,1.0,0.0099,0.1386,0.3861,0.0099,0.0099,0.0099,0.0099,0.0198,0.0594,0.0198,0.0099,0.0099,0.0198,0.0099,0.1188,0.0693,0.2079,0.0099,0.8416,0.0099,0.0099,0.7921,0.0297,0.6436,0.3762,0.0396,0.0099,0.4455,0.0099,0.2376,0.0099,0.0396,0.8317,0.0297,0.1287,0.0099,0.0099,0.0099,0.9703,0.0099,0.0099,0.1386,0.0099,0.5743,0.0099,0.0396,0.0099,0.0099,0.0099,0.0099,0.0099,0.0099,0.0099,0.0099
Bifidobacterium_longum,0.0099,0.0099,0.0099,0.0099,0.0099,0.0099,0.0594,0.0099,0.3168,0.1188,0.3366,0.6931,0.0297,0.505,0.2178,0.0099,0.0099,0.0099,0.0099,0.3069,0.0099,0.0099,1.0,0.0099,0.0099,0.0099,0.0099,0.3069,0.0396,0.0099,0.1089,0.0099,0.0099,0.4257,0.5149,0.0099,0.0099,0.0099,0.2673,0.0099,0.1089,0.5446,0.5347,0.0099,0.0891,0.9802,0.0099,0.2277,0.8911,0.2079,0.4158,0.1188,0.0099,0.0099,0.0891,0.0198,0.2475,0.0396,0.1089,0.1287,0.0099,0.2871,0.8119,0.0099,0.0396,0.0099,0.0297,0.2673,0.0099,0.0099,0.0099,0.0099,0.4851,0.0099,0.0099,0.0099,0.0396,0.0099,0.0099,0.099,0.0099,0.0099,0.0099,0.0297,0.0099,0.0099,0.0099
Bilophila_unclassified,0.3168,0.7129,0.0099,0.0099,0.0099,0.0792,0.9802,0.0099,0.1881,0.2376,0.0198,0.0099,0.0099,0.0099,0.0693,0.9703,0.2376,0.0099,0.1386,0.4158,0.6139,0.0099,0.0099,1.0,0.0099,0.0396,0.0396,0.0099,0.5149,0.0099,0.0297,0.8812,0.0396,0.0396,0.0099,0.0099,0.0396,0.0198,0.0396,0.0396,0.9703,0.0099,0.6337,0.2376,0.6337,0.703,0.0099,0.0198,0.0198,0.3762,0.9109,0.4752,0.9802,0.1287,0.0099,0.0099,0.0099,0.9307,0.0099,0.0099,0.0099,0.0099,0.2376,0.1584,0.0198,0.0198,0.0099,0.4752,0.0099,0.0099,0.0198,0.6832,0.0099,0.0495,0.6931,0.0099,0.802,0.0099,0.0099,0.0099,0.0099,0.0099,0.0099,0.0198,0.0099,0.0198,0.0594
Bilophila_wadsworthia,0.3762,0.0099,0.0099,0.0099,0.0198,0.0099,0.0198,0.495,0.0099,0.6832,0.0099,0.495,0.8218,0.1188,0.3663,0.1683,0.3168,0.1881,0.0198,0.0099,0.3069,0.0198,0.0099,0.0099,1.0,0.0099,0.1584,0.0099,0.0396,0.1089,0.0099,0.0099,0.0099,0.099,0.0099,0.4653,0.0099,0.0099,0.0099,0.2574,0.7624,0.0099,0.396,0.0099,0.0198,0.1782,0.3465,0.6931,0.1386,0.2475,0.0099,0.0099,0.0198,0.0099,0.0099,0.4356,0.0396,0.0198,0.198,0.0693,0.0099,0.0099,0.099,0.4653,0.0099,0.0099,0.1386,0.0297,0.0099,0.2277,0.3762,0.3564,0.2178,0.901,0.3168,0.0198,0.0792,0.0099,0.0099,0.0396,0.2079,0.099,0.1782,0.0297,0.099,0.0396,0.0891
Burkholderiales_bacterium_1_1_47,0.0099,0.0099,0.0099,0.2277,0.3168,0.7525,0.4455,0.0099,0.2178,0.5743,0.0198,0.0099,0.0396,0.0198,0.0495,0.6634,0.0594,0.7327,0.0099,0.6535,0.0297,0.0099,0.0099,0.0396,0.0099,1.0,0.0495,0.0693,0.0495,0.0099,0.0198,0.0198,0.5446,0.0099,0.2376,0.5941,0.0099,0.0594,0.0099,0.0099,0.3366,0.3861,0.3762,0.5941,0.6931,0.0099,0.1683,0.0099,0.0297,0.0099,0.0297,0.0099,0.396,0.0396,0.1485,0.2772,0.0099,0.9703,0.0099,0.1089,0.0099,0.0099,0.1386,0.0099,0.1782,0.0297,0.099,0.0099,0.0099,0.0198,0.7228,0.7426,0.0396,0.5545,0.6733,0.0495,0.8317,0.0396,0.0099,0.2277,0.0099,0.0099,0.0099,0.0297,0.0099,0.0099,0.0396
C2likevirus_unclassified,0.3366,0.0099,0.0099,0.0099,0.0099,0.1683,0.0099,0.0099,0.0198,0.0396,0.0297,0.0495,0.1188,0.0099,0.0198,0.9901,0.0099,0.9208,0.0495,0.0099,0.1584,0.0198,0.0099,0.0396,0.1584,0.0495,1.0,0.0099,0.0099,0.0099,0.0099,0.0099,0.0099,0.0792,0.198,0.0396,0.5545,0.1386,0.0198,0.0594,0.0396,0.7624,0.2673,0.0099,0.0099,0.0495,0.1188,0.1386,0.0396,0.3663,0.1188,0.0099,0.0396,0.0099,0.5743,0.0099,0.4653,0.1188,0.0891,0.0198,0.6832,0.5644,0.1188,0.0099,0.0099,0.0099,0.901,0.0594,0.1287,0.1188,0.7228,0.1386,0.0594,0.5248,0.9208,0.1188,0.0198,0.0693,0.0594,0.1683,0.0099,0.0099,0.0099,0.0099,0.0099,0.0198,0.0099
Clostridiales_bacterium_1_7_47FAA,0.1386,0.0099,0.0099,0.0099,0.0099,0.0099,0.0099,0.0099,0.0099,0.0099,0.0099,0.5248,0.1386,0.0099,0.0099,0.4851,0.0099,0.0198,0.0099,0.0099,0.1386,0.0099,0.3069,0.0099,0.0099,0.0693,0.0099,1.0,0.0099,0.0099,0.0099,0.0099,0.0099,0.0099,0.0099,0.0099,0.0099,0.0396,0.0099,0.0495,0.0099,0.0099,0.0198,0.0099,0.0099,0.0099,0.0198,0.8812,0.0099,0.8713,0.0099,0.0099,0.0099,0.2178,0.0099,0.0099,0.0099,0.0099,0.0594,0.0099,0.3663,0.2475,0.8317,0.0099,0.0792,0.0099,0.0198,0.1485,0.3069,0.0198,0.5743,0.0792,0.0297,0.0495,0.0396,0.3069,0.0099,0.0099,0.0099,0.0099,0.0099,0.0099,0.0099,0.0099,0.0099,0.0099,0.0099
Clostridium_asparagiforme,0.5149,0.0099,0.0099,0.0099,0.0099,0.0099,0.0495,0.7228,0.0198,0.1485,0.0099,0.2178,0.0099,0.0792,0.1287,0.0099,0.0099,0.6931,0.2376,0.0099,0.0099,0.0099,0.0396,0.5149,0.0396,0.0495,0.0099,0.0099,1.0,0.0099,0.0099,0.0099,0.0099,0.0099,0.0099,0.0099,0.1287,0.0297,0.0099,0.0594,0.0198,0.5347,0.505,0.0099,0.0693,0.0099,0.0099,0.0099,0.0099,0.9109,0.0099,0.0099,0.0099,0.1188,0.0099,0.0099,0.6337,0.0099,0.0099,0.0099,0.2277,0.0099,0.0396,0.0099,0.8515,0.0099,0.1881,0.5644,0.4356,0.1188,0.0297,0.1683,0.1287,0.0099,0.0495,0.1782,0.0297,0.0099,0.0495,0.0594,0.9208,0.5743,0.2178,0.5743,0.7228,0.495,0.9703
Clostridium_bartlettii,0.6634,0.0099,0.0099,0.0099,0.0099,0.0099,0.0099,0.0099,0.0099,0.0099,0.0099,0.0792,0.0099,0.0099,0.0099,0.0099,0.0099,0.0099,0.0099,0.0099,0.901,0.0099,0.0099,0.0099,0.1089,0.0099,0.0099,0.0099,0.0099,1.0,0.0099,0.0099,0.0099,0.0099,0.6931,0.0099,0.0099,0.0396,0.0099,0.0099,0.0099,0.1089,0.0099,0.0099,0.0594,0.3663,0.2079,0.2277,0.0891,0.4851,0.0099,0.0099,0.0099,0.0099,0.0099,0.0099,0.0396,0.0099,0.0099,0.0099,0.2574,0.0099,0.0099,0.0099,0.0099,0.0099,0.0099,0.0297,0.0099,0.0099,0.3465,1.0,0.0099,0.4752,0.7624,0.2772,0.505,0.0099,0.0099,0.0099,0.0099,0.0099,0.0099,0.0099,0.0099,0.0099,0.0099
Clostridium_bolteae,0.0198,0.0099,0.0099,0.0099,0.0099,0.0099,0.0099,0.0198,0.0099,0.1881,0.0099,0.0099,0.0099,0.0792,0.0297,0.1782,0.0099,0.0099,0.0396,0.0099,0.198,0.297,0.1089,0.0297,0.0099,0.0198,0.0099,0.0099,0.0099,0.0099,1.0,0.0099,0.0099,0.0099,0.0099,0.0099,0.0099,0.0396,0.0099,0.0099,0.0099,0.0396,0.0495,0.0099,0.1089,0.0099,0.0099,0.0495,0.0099,0.0594,0.0099,0.0099,0.0099,0.0099,0.0099,0.0099,0.0297,0.0099,0.7426,0.0099,0.0594,0.0099,0.505,0.0099,0.8911,0.0099,0.0099,0.099,0.0099,0.0891,0.0495,0.5149,0.0099,0.0099,0.2574,0.0693,0.0099,0.0099,0.0099,0.0099,0.297,0.2376,0.4851,0.0594,0.0198,0.0396,0.3465
Clostridium_citroniae,0.3069,0.0099,0.0099,0.0099,0.0099,0.0099,0.0099,0.0099,0.1089,0.0198,0.0099,0.0099,0.7129,0.0099,0.1287,0.0198,0.0099,0.0099,0.0099,0.0099,0.9406,0.0198,0.0099,0.8812,0.0099,0.0198,0.0099,0.0099,0.0099,0.0099,0.0099,1.0,0.0099,0.0099,0.0099,0.0099,0.0099,0.5743,0.0099,0.0099,0.0099,0.9703,0.0297,0.0099,0.0495,0.0297,0.2277,0.1485,0.0099,0.6436,0.0099,0.0099,0.0297,0.4257,0.0099,0.0099,1.0,0.0099,0.0099,0.0099,0.0396,0.0297,0.3762,0.0099,0.0099,0.0099,0.0594,0.099,0.0693,0.396,0.4356,0.8416,0.703,0.0099,0.9802,0.4752,0.0099,0.0099,0.0099,0.0099,0.0099,0.0297,0.0099,0.0099,0.0099,0.0099,0.0099
Clostridium_clostridioforme,0.0099,0.0099,0.0099,0.0099,0.0099,0.4257,0.0099,0.0099,0.0099,0.6139,0.0099,0.3069,0.5644,0.0099,0.0099,0.0693,0.0099,0.1386,0.3762,0.0099,0.099,1.0,0.0099,0.0396,0.0099,0.5446,0.0099,0.0099,0.0099,0.0099,0.0099,0.0099,1.0,0.0099,0.198,0.0099,0.0099,0.0198,0.0099,0.0099,0.0099,0.4752,0.0099,0.0099,0.0099,0.0495,0.0495,0.0198,0.0099,0.0099,0.0099,0.0099,0.0099,0.0297,0.0099,0.0099,0.5644,0.0099,0.0099,0.0099,0.7129,0.7525,0.0594,0.0099,0.0297,0.0099,0.0099,0.8317,0.0099,0.1881,0.3168,0.0396,0.8614,0.0099,0.0099,0.495,0.0099,0.0099,0.0099,0.0099,0.0693,0.4554,0.0099,0.0198,0.0099,0.0099,0.0099
Clostridium_hathewayi,0.0099,0.0099,0.0099,0.0099,0.0099,0.0495,0.0099,0.0099,0.0099,0.0099,0.0099,0.0099,0.0099,0.0099,0.0099,0.0099,0.0099,0.0099,0.0297,0.0099,0.9901,0.0099,0.4257,0.0396,0.099,0.0099,0.0792,0.0099,0.0099,0.0099,0.0099,0.0099,0.0099,1.0,0.0099,0.0099,0.0099,0.0297,0.0099,0.0396,0.0099,0.8515,0.0198,0.0099,0.5248,0.0099,0.3069,0.2871,0.0099,0.1584,0.0099,0.0099,0.0099,0.5644,0.0099,0.0099,0.0099,0.0099,0.0099,0.0099,0.9802,0.0099,0.0594,0.0099,0.0792,0.0099,0.0099,0.0792,0.7228,0.0198,0.198,0.297,0.0099,0.0099,0.1287,0.5842,0.0297,0.0099,0.0099,0.0099,0.0099,0.0099,0.0099,0.0099,0.0099,0.0099,0.0099
Clostridium_leptum,0.0099,0.0099,0.0495,0.4059,0.0099,0.0099,0.4356,0.0099,0.0099,0.1683,0.0099,0.604,0.0198,0.0495,0.4752,0.9307,0.6832,0.3465,0.0099,0.0297,0.0198,0.1386,0.5149,0.0099,0.0099,0.2376,0.198,0.0099,0.0099,0.6931,0.0099,0.0099,0.198,0.0099,1.0,0.6931,0.0099,0.0099,0.6733,0.0594,0.0099,0.4851,0.9109,0.495,0.0495,0.4554,0.0396,0.0099,0.0495,0.0099,0.0099,0.1584,0.297,0.3861,0.1188,0.3267,0.0099,0.0099,0.0099,0.2178,0.1782,0.0099,0.0099,0.3762,0.0099,0.0099,0.0099,0.0099,0.4455,0.0297,0.0693,0.2871,0.0198,0.5347,0.2673,0.0594,0.0099,0.3267,0.0792,0.0099,0.3267,0.5248,0.0099,0.0297,0.2277,0.0297,0.0099
Clostridium_symbiosum,0.0099,0.0099,0.0099,0.0099,0.0099,0.0198,0.0396,0.0099,0.0099,0.5446,0.0099,0.5446,0.0099,0.0594,0.2574,0.0198,0.0099,0.0099,0.0297,0.0099,0.8317,0.3861,0.0099,0.0099,0.4653,0.5941,0.0396,0.0099,0.0099,0.0099,0.0099,0.0099,0.0099,0.0099,0.6931,1.0,0.0099,0.0495,0.0099,0.0297,0.0099,0.0099,0.495,0.0099,0.0099,0.1188,0.2871,0.6535,0.0099,0.0099,0.0099,0.0099,0.0099,0.9505,0.0099,0.0099,0.1584,0.0099,0.0099,0.0099,0.0792,0.0099,0.297,0.0099,0.4554,0.0099,0.0099,0.0396,0.0099,0.3465,0.1782,0.5545,0.0099,0.0099,0.3861,0.0099,0.0198,0.0099,0.0495,0.0099,0.3168,0.1089,0.9307,0.0099,0.0099,0.0099,0.0099
Collinsella_aerofaciens,0.0099,0.0396,0.2376,0.3069,0.0297,0.0099,0.0495,0.0198,0.0198,0.0099,0.5644,0.0396,0.0099,0.0198,0.0099,0.0495,0.8911,0.0099,0.3267,0.0495,0.0099,0.0099,0.0099,0.0396,0.0099,0.0099,0.5545,0.0099,0.1287,0.0099,0.0099,0.0099,0.0099,0.0099,0.0099,0.0099,1.0,0.0099,0.0099,0.8416,0.0099,0.0297,0.5347,0.0099,0.3564,0.0099,0.9406,0.0099,0.0099,0.703,0.0099,0.0099,0.0198,0.1287,0.5347,0.3663,0.0099,0.0099,0.9802,0.0099,0.1683,0.0099,0.1386,0.7426,0.4455,0.0099,0.7525,0.5545,0.0099,0.0495,0.1386,0.5446,0.0297,0.2475,0.0792,0.0099,0.4653,0.0198,0.0099,0.0099,0.495,0.8515,0.0099,0.9208,0.1881,0.604,0.9703
Coprococcus_catus,0.5446,0.9604,0.4653,0.505,0.2772,0.1089,0.5446,0.0099,0.4356,0.0198,0.0099,0.0891,0.7822,0.9604,0.0099,0.0297,0.2277,0.3267,0.0099,0.2871,0.099,0.0099,0.0099,0.0198,0.0099,0.0594,0.1386,0.0396,0.0297,0.0396,0.0396,0.5743,0.0198,0.0297,0.0099,0.0495,0.0099,1.0,0.0099,0.5248,0.0099,0.0099,0.1485,0.3465,0.2178,0.9703,0.0396,0.0099,0.9307,0.0198,0.0099,0.1089,0.0099,0.1881,0.1485,0.5545,0.5149,0.0099,0.099,0.5941,0.0099,0.0099,0.0693,0.0693,0.0099,0.3168,0.0099,0.8713,0.099,0.0099,0.6931,0.8416,0.3861,0.0198,0.6139,0.0396,0.2079,0.9406,0.0099,0.0891,0.0297,0.0891,0.0594,0.2772,0.3465,0.0396,0.0099
Coprococcus_comes,0.1881,0.0099,0.0099,0.0099,0.0099,0.7921,0.0099,0.0594,0.0297,0.0495,0.8614,0.0891,0.5743,0.0099,0.0198,0.9604,0.0099,0.0099,0.0099,0.7723,0.0099,0.0099,0.2673,0.0396,0.0099,0.0099,0.0198,0.0099,0.0099,0.0099,0.0099,0.0099,0.0099,0.0099,0.6733,0.0099,0.0099,0.0099,1.0,0.4356,0.0099,0.0099,0.0099,0.0099,0.0099,0.8713,0.099,0.0099,0.0099,0.6337,0.0198,0.0099,0.0099,0.4158,0.0198,0.0099,0.0297,0.0099,0.0099,0.0099,0.0297,0.9208,0.8119,0.0099,0.802,0.1683,0.0594,0.0693,0.0792,0.2475,0.0099,0.0099,0.0099,0.3564,0.6733,0.3465,0.7129,0.0099,0.0099,0.0396,0.8416,0.6634,0.0099,0.0099,0.0099,0.0099,0.0099
Dialister_invisus,0.0099,0.1386,0.7327,0.0099,0.0099,0.5347,0.7228,0.0099,0.0594,0.7327,0.0396,0.0099,0.0099,0.0099,0.0099,0.4158,0.0495,0.3267,0.0099,0.0099,0.495,0.0099,0.0099,0.0396,0.2574,0.0099,0.0594,0.0495,0.0594,0.0099,0.0099,0.0099,0.0099,0.0396,0.0594,0.0297,0.8416,0.5248,0.4356,1.0,0.0198,0.0297,0.0099,0.0099,0.1683,0.2673,0.0297,0.0099,0.0099,0.0099,0.0099,0.0198,0.0099,0.0198,0.0099,0.0198,0.5446,0.0297,0.1683,0.1386,0.0891,0.0099,0.0297,0.0099,0.0099,0.0693,0.0099,0.0099,0.0099,0.2871,0.0099,0.9208,0.0099,0.4752,0.5446,0.099,0.2871,0.1881,0.1287,0.7822,0.5743,0.3168,0.0198,0.0198,0.0099,0.0099,0.0198
Dorea_formicigenerans,0.0198,0.198,0.5248,0.0099,0.0099,0.0099,0.0099,0.0099,0.0099,0.0099,0.6436,0.9703,0.099,0.2673,0.5347,0.505,0.0099,0.0099,0.5248,0.0099,0.9208,0.0198,0.1089,0.9703,0.7624,0.3366,0.0396,0.0099,0.0198,0.0099,0.0099,0.0099,0.0099,0.0099,0.0099,0.0099,0.0099,0.0099,0.0099,0.0198,1.0,0.0099,0.0099,0.0099,0.3564,0.7228,0.0099,0.0099,0.2574,0.1584,0.0495,0.0297,0.0297,0.1188,0.396,0.6139,0.3366,0.0099,0.0099,0.0594,0.0099,0.0297,0.0396,0.0099,0.6733,0.6139,0.0099,0.0099,0.0099,0.0099,0.6535,0.0297,0.1287,0.4752,0.396,0.0099,0.1089,0.0198,0.0099,0.396,0.099,0.1287,0.0099,0.0099,0.0099,0.0099,0.0396
Dorea_longicatena,0.0099,0.2079,0.0594,0.1386,0.9406,0.0099,0.1386,0.3267,0.9802,0.0594,0.3267,0.4257,0.8416,0.0297,0.0198,0.7921,0.6139,0.0099,0.5842,0.0099,0.1188,0.0594,0.5446,0.0099,0.0099,0.3861,0.7624,0.0099,0.5347,0.1089,0.0396,0.9703,0.4752,0.8515,0.4851,0.0099,0.0297,0.0099,0.0099,0.0297,0.0099,1.0,0.0099,0.3366,0.9109,0.1584,0.0099,0.0099,0.0198,0.0297,0.099,0.0198,0.0297,0.0495,0.7723,0.0198,0.0396,0.0099,0.0099,0.8515,0.0099,0.0099,0.0099,0.5149,0.1782,0.0099,0.3762,0.8317,0.0099,0.901,0.2574,0.2772,0.1881,0.0099,0.5248,0.0198,0.0198,0.6832,0.0099,0.0891,0.099,0.0693,0.0594,0.099,0.0693,0.9406,0.8911
Dorea_unclassified,0.1386,0.396,0.1089,0.0099,0.3564,0.0198,0.2475,0.0099,0.198,0.4257,0.2178,0.8614,0.8713,0.0693,0.099,0.9802,0.0099,0.0099,0.1782,0.0099,0.5743,0.0198,0.5347,0.6337,0.396,0.3762,0.2673,0.0198,0.505,0.0099,0.0495,0.0297,0.0099,0.0198,0.9109,0.495,0.5347,0.1485,0.0099,0.0099,0.0099,0.0099,1.0,0.0198,0.1782,0.1683,0.0099,0.1881,0.0297,0.9109,1.0,0.0495,0.2673,0.0099,0.6634,0.0396,0.5644,0.0099,0.0099,0.5644,0.0099,0.0198,0.2079,0.0198,0.0495,0.1188,0.0099,0.8713,0.7525,0.0099,0.0891,0.5842,0.0396,0.1287,0.0099,0.0495,0.2772,0.0594,0.0198,0.0297,0.0099,0.0099,0.0099,0.0099,0.0099,0.0099,0.0099
Escherichia_coli,0.0297,0.0099,0.0099,0.0099,0.0099,0.7723,0.0099,0.0099,0.0891,0.0099,0.0198,0.0297,0.9406,0.0099,0.0099,0.0099,0.0099,0.0099,0.0198,0.0099,0.0099,0.0099,0.0099,0.2376,0.0099,0.5941,0.0099,0.0099,0.0099,0.0099,0.0099,0.0099,0.0099,0.0099,0.495,0.0099,0.0099,0.3465,0.0099,0.0099,0.0099,0.3366,0.0198,1.0,0.0099,0.0099,0.1485,0.0693,0.0099,0.0099,0.0594,0.0099,0.0099,0.0099,0.1584,0.0099,0.0693,0.0099,0.0099,0.0099,0.8713,0.0198,0.0594,0.0099,0.0099,0.0099,0.0099,0.0099,0.3564,0.0099,0.0099,0.2673,0.0099,0.0099,0.396,0.4752,0.9406,0.0099,0.0099,0.0099,0.0099,0.0099,0.0099,0.0099,0.0099,0.0099,0.0099
Escherichia_unclassified,0.802,0.0099,0.0396,0.0099,0.0099,0.0099,0.2079,0.0099,0.3465,0.0495,0.3366,0.0099,0.099,0.0099,0.0099,0.0594,0.0198,0.2079,0.3069,0.0099,0.0099,0.0099,0.0891,0.6337,0.0198,0.6931,0.0099,0.0099,0.0693,0.0594,0.1089,0.0495,0.0099,0.5248,0.0495,0.0099,0.3564,0.2178,0.0099,0.1683,0.3564,0.9109,0.1782,0.0099,1.0,0.0495,0.802,0.9505,0.0198,0.0099,0.7921,0.0099,0.1386,0.0099,0.198,0.0099,0.3861,0.0099,0.0495,0.0198,0.3762,0.0099,0.0792,0.0099,0.0099,0.0297,0.0792,0.0099,0.9406,0.0099,0.0099,0.0396,0.1683,0.495,0.2475,0.2475,0.0099,0.0099,0.0099,0.0099,0.0099,0.0099,0.0099,0.0099,0.0099,0.0198,0.0396
Eubacterium_eligens,0.0099,0.0099,0.4059,0.0099,0.0792,0.1485,0.4059,0.6931,0.3663,0.297,0.4752,0.0099,0.7426,0.802,0.0198,0.1485,0.4059,0.0099,0.0099,0.7921,0.703,0.0198,0.9802,0.703,0.1782,0.0099,0.0495,0.0099,0.0099,0.3663,0.0099,0.0297,0.0495,0.0099,0.4554,0.1188,0.0099,0.9703,0.8713,0.2673,0.7228,0.1584,0.1683,0.0099,0.0495,1.0,0.0099,0.0099,0.0099,0.0099,0.0099,0.0099,0.0099,0.0297,0.0099,0.0099,0.0099,0.0099,0.3762,0.0198,0.1881,0.6634,0.0099,0.099,0.0099,0.0099,0.0396,0.0594,0.0099,0.1188,0.2079,0.0099,0.0099,0.0099,0.0099,0.6139,0.8416,0.0099,0.0099,0.0099,0.6832,0.505,0.0594,0.6733,0.3069,0.7327,0.0792
Eubacterium_hallii,0.0099,0.1089,0.6832,0.0198,0.3465,0.0099,0.4752,0.1485,0.3069,0.0594,0.2475,0.0099,0.4653,0.0099,0.6238,0.1089,0.0396,0.297,0.0099,0.0396,0.0495,0.0099,0.0099,0.0099,0.3465,0.1683,0.1188,0.0198,0.0099,0.2079,0.0099,0.2277,0.0495,0.3069,0.0396,0.2871,0.9406,0.0396,0.099,0.0297,0.0099,0.0099,0.0099,0.1485,0.802,0.0099,1.0,0.0099,0.8713,0.0099,0.6634,0.099,0.8614,0.0099,0.0099,0.0594,0.2772,0.5842,0.0099,0.0099,0.0099,0.5743,0.6634,0.0198,0.0099,0.0099,0.0396,0.0099,0.2277,0.0099,0.0099,0.1881,0.5743,0.2772,0.7129,0.6436,0.099,0.5446,0.0099,0.0099,0.0297,0.0495,0.0792,0.0099,0.0099,0.0099,0.0099
Eubacterium_ramulus,0.0198,0.6436,0.0099,0.0396,0.6436,0.0099,0.9703,0.0099,0.0099,0.9802,0.0495,0.0297,0.0792,0.297,0.0099,0.0099,0.0099,0.2277,0.3366,0.4752,0.297,0.1188,0.2277,0.0198,0.6931,0.0099,0.1386,0.8812,0.0099,0.2277,0.0495,0.1485,0.0198,0.2871,0.0099,0.6535,0.0099,0.0099,0.0099,0.0099,0.0099,0.0099,0.1881,0.0693,0.9505,0.0099,0.0099,1.0,0.0099,0.0099,0.4455,0.5347,0.0396,0.5842,0.6733,0.1188,0.0099,0.7426,0.0099,0.6931,0.0594,0.0099,0.0198,0.0099,0.0099,0.0099,0.0099,0.703,0.0099,0.0396,0.0495,0.4059,0.5545,0.0099,0.6733,0.5941,0.0099,0.0099,0.4752,0.0099,0.7327,0.5545,0.0297,0.1089,0.3465,0.0099,0.0198
Eubacterium_rectale,0.5248,0.4455,0.0594,0.0297,0.3168,0.0099,0.0099,0.0297,0.0891,0.0099,0.0099,0.1386,0.5347,0.0198,0.3663,0.0198,0.3069,0.0297,0.1881,0.0099,0.2178,0.0693,0.8911,0.0198,0.1386,0.0297,0.0396,0.0099,0.0099,0.0891,0.0099,0.0099,0.0099,0.0099,0.0495,0.0099,0.0099,0.9307,0.0099,0.0099,0.2574,0.0198,0.0297,0.0099,0.0198,0.0099,0.8713,0.0099,1.0,0.3366,0.0099,0.0099,0.0099,0.0099,0.505,0.0099,0.8515,0.7921,0.0099,0.0099,0.0099,0.6535,0.0099,0.0099,0.9208,0.0495,0.9208,0.7624,0.5248,0.1485,0.0297,0.0693,0.0099,0.0099,0.0099,0.0099,0.0099,0.0099,0.0099,0.0792,0.0099,0.0099,0.1584,0.2079,0.4356,0.198,0.3069
Eubacterium_siraeum,0.5644,0.099,0.0099,0.0099,0.1287,0.6436,0.505,0.0099,0.0099,0.0099,0.0099,0.0099,0.0099,0.1188,0.0099,0.1683,0.3663,0.505,0.0099,0.0099,0.1782,0.2079,0.2079,0.3762,0.2475,0.0099,0.3663,0.8713,0.9109,0.4851,0.0594,0.6436,0.0099,0.1584,0.0099,0.0099,0.703,0.0198,0.6337,0.0099,0.1584,0.0297,0.9109,0.0099,0.0099,0.0099,0.0099,0.0099,0.3366,1.0,0.0099,0.0099,0.1683,0.0594,0.9703,0.7228,0.6634,0.0594,0.1683,0.9703,0.0099,0.0099,0.2178,0.0099,0.0099,0.0099,0.0099,0.0099,0.0099,0.0198,0.7723,0.0891,0.5842,0.2178,0.5149,0.6535,0.0396,0.6733,0.0099,0.5743,0.6436,0.9109,0.0198,0.0099,0.0099,0.0198,0.1683
Eubacterium_ventriosum,0.0297,0.1485,0.0297,0.4257,0.0099,0.0099,0.198,0.0297,0.6337,0.1386,0.0099,0.0099,0.0099,0.297,0.0099,0.8317,0.0099,0.0099,0.0099,0.1188,0.0099,0.0099,0.4158,0.9109,0.0099,0.0297,0.1188,0.0099,0.0099,0.0099,0.0099,0.0099,0.0099,0.0099,0.0099,0.0099,0.0099,0.0099,0.0198,0.0099,0.0495,0.099,1.0,0.0594,0.7921,0.0099,0.6634,0.4455,0.0099,0.0099,1.0,0.0099,0.0099,0.802,0.0099,0.0099,0.8515,0.0099,0.2475,0.0099,0.0495,0.0099,0.1584,0.2475,0.7624,0.3168,0.6931,0.7426,0.0099,0.1485,0.0099,0.0099,0.0396,0.0099,0.0594,0.0594,0.2871,0.0099,0.0099,0.0099,0.495,0.901,0.1782,0.8812,0.0594,0.2673,0.5347
Faecalibacterium_prausnitzii,0.0198,0.2574,0.1485,0.0099,0.0297,0.1287,0.0099,0.0099,0.9505,0.0594,0.0099,0.5545,0.2871,0.0099,0.0099,0.2079,0.0099,0.0099,0.9208,0.6931,0.2574,0.8416,0.1188,0.4752,0.0099,0.0099,0.0099,0.0099,0.0099,0.0099,0.0099,0.0099,0.0099,0.0099,0.1584,0.0099,0.0099,0.1089,0.0099,0.0198,0.0297,0.0198,0.0495,0.0099,0.0099,0.0099,0.099,0.5347,0.0099,0.0099,0.0099,1.0,0.0099,0.0198,0.0198,0.0099,0.1485,0.0099,0.0594,0.0099,0.3366,0.3069,0.1485,0.1485,0.0099,0.0198,0.0099,0.0198,0.0099,0.2376,1.0,0.7624,0.0099,0.0099,0.0198,0.0396,0.0099,0.0099,0.0099,0.0099,0.0099,0.0693,0.0099,0.0099,0.0099,0.0099,0.9505
Flavonifractor_plautii,0.0297,0.0099,0.0099,0.0099,0.0099,0.0099,0.0099,0.0396,0.5743,0.3069,0.0099,0.2178,0.1683,0.0099,0.4752,0.2574,0.0099,0.0396,0.9604,0.0099,0.0099,0.0099,0.0099,0.9802,0.0198,0.396,0.0396,0.0099,0.0099,0.0099,0.0099,0.0297,0.0099,0.0099,0.297,0.0099,0.0198,0.0099,0.0099,0.0099,0.0297,0.0297,0.2673,0.0099,0.1386,0.0099,0.8614,0.0396,0.0099,0.1683,0.0099,0.0099,1.0,0.0099,0.7723,0.0099,0.0198,0.2277,0.0099,0.0198,0.0693,0.0099,0.1683,0.0099,0.0099,0.2178,0.0693,0.5347,0.0099,0.0396,0.1089,0.1089,0.0297,0.0495,0.0693,0.0099,0.0099,0.0099,0.0099,0.1881,0.2475,0.2673,0.0198,0.0099,0.0396,0.0099,0.0099
Haemophilus_parainfluenzae,0.0099,0.0099,0.0099,0.0099,0.2277,0.3861,0.1089,0.0099,0.0396,0.0099,0.2673,0.5644,0.396,0.0099,0.0099,0.0198,0.0099,0.2079,0.0495,0.0099,0.4752,0.0099,0.0099,0.1287,0.0099,0.0396,0.0099,0.2178,0.1188,0.0099,0.0099,0.4257,0.0297,0.5644,0.3861,0.9505,0.1287,0.1881,0.4158,0.0198,0.1188,0.0495,0.0099,0.0099,0.0099,0.0297,0.0099,0.5842,0.0099,0.0594,0.802,0.0198,0.0099,1.0,0.6634,0.0099,0.1881,0.0198,0.0099,0.0099,0.604,0.0099,0.0099,0.0099,0.0099,0.8812,0.0297,0.0594,0.0099,0.0099,0.0099,0.6931,0.0099,0.0099,0.0099,0.0297,0.0099,0.0495,0.5347,0.0099,0.0099,0.0099,0.0099,0.0099,0.0099,0.0099,0.0099
Holdemania_filiformis,0.3267,0.0099,0.0099,0.0099,0.0099,0.0099,0.505,0.0099,0.297,0.4257,0.0099,0.9802,0.0099,0.0099,0.0396,0.0396,0.0099,0.0099,0.0693,0.0099,0.6535,0.7921,0.0891,0.0099,0.0099,0.1485,0.5743,0.0099,0.0099,0.0099,0.0099,0.0099,0.0099,0.0099,0.1188,0.0099,0.5347,0.1485,0.0198,0.0099,0.396,0.7723,0.6634,0.1584,0.198,0.0099,0.0099,0.6733,0.505,0.9703,0.0099,0.0198,0.7723,0.6634,1.0,0.0099,0.0297,0.0099,0.4158,0.0099,0.0099,0.0099,0.6436,0.1386,0.0099,0.0099,0.0198,0.7129,0.198,0.4653,0.0297,0.0198,0.2574,0.0891,0.802,0.0099,0.0099,0.0099,0.0099,0.0198,1.0,0.3564,0.2475,0.0297,0.2178,0.1683,0.5446
Holdemania_unclassified,0.0891,0.0099,0.0099,0.0099,0.0099,0.0297,0.0099,0.0099,0.0297,0.9901,0.0099,0.0099,0.0099,0.0099,0.0198,0.0297,0.0099,0.0198,0.0099,0.0495,0.0396,0.0297,0.0198,0.0099,0.4356,0.2772,0.0099,0.0099,0.0099,0.0099,0.0099,0.0099,0.0099,0.0099,0.3267,0.0099,0.3663,0.5545,0.0099,0.0198,0.6139,0.0198,0.0396,0.0099,0.0099,0.0099,0.0594,0.1188,0.0099,0.7228,0.0099,0.0099,0.0099,0.0099,0.0099,1.0,0.6436,0.0099,0.0099,0.0099,0.0297,0.297,0.0099,0.0099,0.0297,0.0198,0.0099,0.0099,0.4653,0.4059,0.7525,0.0198,0.0099,0.3564,0.4356,0.0198,0.3267,0.0099,0.8515,0.1386,0.0594,0.0792,0.0693,0.0198,0.0198,0.0099,0.0099
Lachnospiraceae_bacterium_1_1_57FAA,0.7723,0.0099,0.8119,0.0099,0.0099,0.2277,0.2673,0.0891,0.3861,0.2178,0.1089,0.8713,0.495,0.0198,0.0099,0.0198,0.1683,0.1683,0.2574,0.3069,0.2079,0.6436,0.2475,0.0099,0.0396,0.0099,0.4653,0.0099,0.6337,0.0396,0.0297,1.0,0.5644,0.0099,0.0099,0.1584,0.0099,0.5149,0.0297,0.5446,0.3366,0.0396,0.5644,0.0693,0.3861,0.0099,0.2772,0.0099,0.8515,0.6634,0.8515,0.1485,0.0198,0.1881,0.0297,0.6436,1.0,0.6634,0.8614,0.0099,0.8317,0.0891,0.6139,0.0495,0.2673,0.0396,0.0099,0.6238,0.0099,0.3168,0.6832,0.0792,0.396,0.8317,0.0396,0.0099,0.0495,0.0099,0.0099,0.0099,0.3663,0.1287,0.6139,0.0198,0.0693,0.0198,0.0099
Lachnospiraceae_bacterium_2_1_58FAA,0.0594,0.0099,0.0099,0.0099,0.0099,0.0099,0.099,0.1287,0.0099,0.6436,0.0099,0.1386,0.0099,0.0099,0.0297,0.0099,0.0099,0.0099,0.5545,0.0099,0.0099,0.3762,0.0396,0.9307,0.0198,0.9703,0.1188,0.0099,0.0099,0.0099,0.0099,0.0099,0.0099,0.0099,0.0099,0.0099,0.0099,0.0099,0.0099,0.0297,0.0099,0.0099,0.0099,0.0099,0.0099,0.0099,0.5842,0.7426,0.7921,0.0594,0.0099,0.0099,0.2277,0.0198,0.0099,0.0099,0.6634,1.0,0.0099,0.0099,0.0099,0.0099,0.0198,0.0099,0.0396,0.0099,0.0099,0.0198,0.0099,0.1782,0.4356,0.4257,0.6634,0.0099,0.0594,0.495,0.2673,0.0099,0.0099,0.0099,0.0099,0.0792,0.0396,0.0099,0.0099,0.0099,0.0099
Lachnospiraceae_bacterium_3_1_46FAA,0.0198,0.2871,0.0099,0.0099,0.2772,0.0198,0.4455,0.0792,0.0792,0.4158,0.2178,0.0594,0.0099,0.3366,0.0099,0.0099,0.0099,0.0594,0.0792,0.1386,0.3267,0.0396,0.1089,0.0099,0.198,0.0099,0.0891,0.0594,0.0099,0.0099,0.7426,0.0099,0.0099,0.0099,0.0099,0.0099,0.9802,0.099,0.0099,0.1683,0.0099,0.0099,0.0099,0.0099,0.0495,0.3762,0.0099,0.0099,0.0099,0.1683,0.2475,0.0594,0.0099,0.0099,0.4158,0.0099,0.8614,0.0099,1.0,0.0198,0.0495,0.3564,0.0099,0.0495,0.0099,0.0099,0.9604,0.0594,0.1287,0.0594,0.604,0.1584,0.1782,0.0099,0.1485,0.7525,0.297,0.0198,0.099,0.1683,0.0297,0.0099,0.0099,0.0099,0.0099,0.0099,0.0099
Lachnospiraceae_bacterium_3_1_57FAA_CT1,0.2871,0.0891,0.0099,0.0099,0.0198,0.0198,0.0297,0.0099,0.3168,0.3465,0.0198,0.0099,0.2871,0.0099,0.0099,0.0099,0.0099,0.0099,0.0099,0.1584,0.0693,0.0099,0.1287,0.0099,0.0693,0.1089,0.0198,0.0099,0.0099,0.0099,0.0099,0.0099,0.0099,0.0099,0.2178,0.0099,0.0099,0.5941,0.0099,0.1386,0.0594,0.8515,0.5644,0.0099,0.0198,0.0198,0.0099,0.6931,0.0099,0.9703,0.0099,0.0099,0.0198,0.0099,0.0099,0.0099,0.0099,0.0099,0.0198,1.0,0.1287,0.0099,0.6337,0.4356,0.0198,0.0099,0.1287,0.0198,0.0099,0.802,0.1683,0.0099,0.396,0.0693,0.4554,0.4158,0.3564,0.0099,0.4851,0.0099,0.1386,0.0792,0.0099,0.7822,0.9307,0.6238,0.5545
Lachnospiraceae_bacterium_5_1_63FAA,0.604,0.0198,0.3762,0.0297,0.0099,0.0099,0.1287,0.0099,0.0099,0.5446,0.0594,0.7327,0.099,0.8218,0.0099,0.0099,0.0099,0.5446,0.0099,0.3861,0.1881,0.4455,0.0099,0.0099,0.0099,0.0099,0.6832,0.3663,0.2277,0.2574,0.0594,0.0396,0.7129,0.9802,0.1782,0.0792,0.1683,0.0099,0.0297,0.0891,0.0099,0.0099,0.0099,0.8713,0.3762,0.1881,0.0099,0.0594,0.0099,0.0099,0.0495,0.3366,0.0693,0.604,0.0099,0.0297,0.8317,0.0099,0.0495,0.1287,1.0,0.802,0.7129,0.0099,0.9208,0.0396,0.4455,0.1089,0.0396,0.4257,0.0099,0.7228,0.7822,0.2574,0.3861,0.0297,0.0792,0.0297,0.0099,0.0099,0.099,0.0099,0.099,0.7426,0.4554,0.8218,0.198
Lachnospiraceae_bacterium_7_1_58FAA,0.0099,0.0297,0.2475,0.1188,0.1881,0.0099,0.2277,0.0099,0.7822,0.6337,0.0099,0.8911,0.0099,0.0099,0.0099,0.3663,0.1782,0.0099,0.2871,0.0594,0.9901,0.0099,0.2871,0.0099,0.0099,0.0099,0.5644,0.2475,0.0099,0.0099,0.0099,0.0297,0.7525,0.0099,0.0099,0.0099,0.0099,0.0099,0.9208,0.0099,0.0297,0.0099,0.0198,0.0198,0.0099,0.6634,0.5743,0.0099,0.6535,0.0099,0.0099,0.3069,0.0099,0.0099,0.0099,0.297,0.0891,0.0099,0.3564,0.0099,0.802,1.0,0.8317,0.0297,0.0099,0.0396,0.0099,0.0099,0.0099,0.0099,0.0099,0.0099,0.0099,0.0099,0.7129,0.0099,0.099,0.901,0.6733,0.0099,0.0396,0.0099,0.0099,0.0099,0.0099,0.0099,0.0099
Lachnospiraceae_bacterium_8_1_57FAA,0.0594,0.0099,0.0198,0.0099,0.7129,0.4257,0.7327,0.0099,0.9604,0.6139,0.1188,0.4752,0.4752,0.0099,0.0297,0.0099,0.0099,0.0099,0.0693,0.0099,0.297,0.2376,0.8119,0.2376,0.099,0.1386,0.1188,0.8317,0.0396,0.0099,0.505,0.3762,0.0594,0.0594,0.0099,0.297,0.1386,0.0693,0.8119,0.0297,0.0396,0.0099,0.2079,0.0594,0.0792,0.0099,0.6634,0.0198,0.0099,0.2178,0.1584,0.1485,0.1683,0.0099,0.6436,0.0099,0.6139,0.0198,0.0099,0.6337,0.7129,0.8317,1.0,0.0099,0.1386,0.2376,0.1188,0.901,0.0594,0.0891,0.099,0.3069,0.0099,0.297,0.0891,0.3762,0.1089,0.505,0.0198,0.0792,0.0099,0.0198,0.297,0.0099,0.0099,0.0099,0.0099
Odoribacter_splanchnicus,0.0099,0.0099,0.0099,0.0099,0.0099,0.0099,0.0198,0.0099,0.0099,0.0099,0.1683,0.5644,0.0396,0.0198,0.2079,0.0099,0.0099,0.0198,0.0099,0.0099,0.0099,0.0099,0.0099,0.1584,0.4653,0.0099,0.0099,0.0099,0.0099,0.0099,0.0099,0.0099,0.0099,0.0099,0.3762,0.0099,0.7426,0.0693,0.0099,0.0099,0.0099,0.5149,0.0198,0.0099,0.0099,0.099,0.0198,0.0099,0.0099,0.0099,0.2475,0.1485,0.0099,0.0099,0.1386,0.0099,0.0495,0.0099,0.0495,0.4356,0.0099,0.0297,0.0099,1.0,0.0099,0.0099,0.0099,0.505,0.0099,0.0099,0.396,0.7426,0.0099,0.0099,0.4554,0.0099,0.0099,0.0099,0.0099,0.7723,0.0099,0.0099,0.0099,0.0099,0.0099,0.0099,0.0099
Oscillibacter_unclassified,0.0099,0.0099,0.0099,0.0198,0.4752,0.2277,0.4158,0.0099,0.2772,0.0099,0.0099,0.0099,0.1782,0.4257,0.0099,0.1287,0.0099,0.4257,0.0099,0.0198,0.1584,0.0396,0.0396,0.0198,0.0099,0.1782,0.0099,0.0792,0.8515,0.0099,0.8911,0.0099,0.0297,0.0792,0.0099,0.4554,0.4455,0.0099,0.802,0.0099,0.6733,0.1782,0.0495,0.0099,0.0099,0.0099,0.0099,0.0099,0.9208,0.0099,0.7624,0.0099,0.0099,0.0099,0.0099,0.0297,0.2673,0.0396,0.0099,0.0198,0.9208,0.0099,0.1386,0.0099,1.0,0.6436,0.0099,0.0198,0.5446,0.0099,0.2871,0.0099,0.8317,0.8713,0.4158,0.0099,0.6139,0.0099,0.0099,0.0396,0.0099,0.0099,0.0099,0.0099,0.0099,0.0099,0.0099
Parabacteroides_distasonis,0.0099,0.0594,0.0099,0.0099,0.0099,0.0099,0.099,0.2475,0.0099,0.5842,0.0099,0.0099,0.0099,0.0198,0.0099,0.5743,0.0594,0.0099,0.1386,0.0099,0.6139,0.8317,0.0099,0.0198,0.0099,0.0297,0.0099,0.0099,0.0099,0.0099,0.0099,0.0099,0.0099,0.0099,0.0099,0.0099,0.0099,0.3168,0.1683,0.0693,0.6139,0.0099,0.1188,0.0099,0.0297,0.0099,0.0099,0.0099,0.0495,0.0099,0.3168,0.0198,0.2178,0.8812,0.0099,0.0198,0.0396,0.0099,0.0099,0.0099,0.0396,0.0396,0.2376,0.0099,0.6436,1.0,0.0297,0.0099,0.0099,0.1188,0.0495,0.0099,0.5347,0.8614,0.4356,0.0198,0.0099,0.0099,0.901,0.0099,0.0099,0.2475,0.0099,0.0792,0.8812,0.396,0.604
Parabacteroides_merdae,0.0099,0.1089,0.0099,0.0099,0.0099,0.0099,0.0396,0.0099,0.297,0.0099,0.2772,0.0099,0.0099,0.0099,0.0099,0.0099,0.0099,0.0099,0.0099,0.0099,0.0594,0.0297,0.0297,0.0099,0.1386,0.099,0.901,0.0198,0.1881,0.0099,0.0099,0.0594,0.0099,0.0099,0.0099,0.0099,0.7525,0.0099,0.0594,0.0099,0.0099,0.3762,0.0099,0.0099,0.0792,0.0396,0.0396,0.0099,0.9208,0.0099,0.6931,0.0099,0.0693,0.0297,0.0198,0.0099,0.0099,0.0099,0.9604,0.1287,0.4455,0.0099,0.1188,0.0099,0.0099,0.0297,1.0,0.0099,0.0099,0.0099,0.1881,0.0198,0.0099,0.0099,0.3069,0.0495,0.7228,0.0099,0.0099,0.495,0.1188,0.0198,0.0198,0.0099,0.0099,0.0099,0.0099
Parabacteroides_unclassified,0.0792,0.0099,0.0099,0.0099,0.9208,0.0099,0.2673,0.0099,0.0099,0.1782,0.0198,0.0099,0.0099,0.0099,0.0198,0.4455,0.0099,0.0099,0.0099,0.0099,0.9802,0.1287,0.2673,0.4752,0.0297,0.0099,0.0594,0.1485,0.5644,0.0297,0.099,0.099,0.8317,0.0792,0.0099,0.0396,0.5545,0.8713,0.0693,0.0099,0.0099,0.8317,0.8713,0.0099,0.0099,0.0594,0.0099,0.703,0.7624,0.0099,0.7426,0.0198,0.5347,0.0594,0.7129,0.0099,0.6238,0.0198,0.0594,0.0198,0.1089,0.0099,0.901,0.505,0.0198,0.0099,0.0099,1.0,0.0099,0.1485,0.0099,0.1287,0.1188,0.1188,0.9901,0.0594,0.0297,0.2178,0.0099,0.0099,0.0891,0.6337,0.0099,0.0099,0.0099,0.0792,0.1188
Parasutterella_excrementihominis,0.0099,0.0099,0.0099,0.0891,0.0594,0.2178,0.9208,0.0099,0.1584,0.0099,1.0,0.0099,0.0297,0.0099,0.0396,0.0396,0.0099,0.0099,0.0099,0.0693,0.0396,0.0099,0.0099,0.0099,0.0099,0.0099,0.1287,0.3069,0.4356,0.0099,0.0099,0.0693,0.0099,0.7228,0.4455,0.0099,0.0099,0.099,0.0792,0.0099,0.0099,0.0099,0.7525,0.3564,0.9406,0.0099,0.2277,0.0099,0.5248,0.0099,0.0099,0.0099,0.0099,0.0099,0.198,0.4653,0.0099,0.0099,0.1287,0.0099,0.0396,0.0099,0.0594,0.0099,0.5446,0.0099,0.0099,0.0099,1.0,0.0297,0.3663,0.505,0.0198,0.4554,0.3168,0.0099,0.8218,0.0297,0.0099,0.0099,0.0099,0.0792,0.0099,0.0594,0.4356,0.0099,0.1287
Peptostreptococcaceae_noname_unclassified,0.099,0.0099,0.0099,0.0099,0.1881,0.0396,0.7822,0.0099,0.0099,0.6337,0.4257,0.2079,0.8911,0.0099,0.0099,0.0198,0.0099,0.9604,0.198,0.0198,0.0198,0.0099,0.0099,0.0099,0.2277,0.0198,0.1188,0.0198,0.1188,0.0099,0.0891,0.396,0.1881,0.0198,0.0297,0.3465,0.0495,0.0099,0.2475,0.2871,0.0099,0.901,0.0099,0.0099,0.0099,0.1188,0.0099,0.0396,0.1485,0.0198,0.1485,0.2376,0.0396,0.0099,0.4653,0.4059,0.3168,0.1782,0.0594,0.802,0.4257,0.0099,0.0891,0.0099,0.0099,0.1188,0.0099,0.1485,0.0297,1.0,0.0099,0.5149,0.0099,0.099,0.9505,0.5248,0.5347,0.0099,0.1683,0.0198,0.0099,0.0099,0.0099,0.0099,0.0099,0.0099,0.0099
Prevotella_copri,0.9505,0.0198,0.8614,0.0693,0.0099,0.0099,0.0693,0.703,0.0297,0.0099,0.2475,0.1287,0.0594,0.0099,0.2871,0.7327,0.7921,0.0792,0.1782,0.4752,0.0099,0.0099,0.0099,0.0198,0.3762,0.7228,0.7228,0.5743,0.0297,0.3465,0.0495,0.4356,0.3168,0.198,0.0693,0.1782,0.1386,0.6931,0.0099,0.0099,0.6535,0.2574,0.0891,0.0099,0.0099,0.2079,0.0099,0.0495,0.0297,0.7723,0.0099,1.0,0.1089,0.0099,0.0297,0.7525,0.6832,0.4356,0.604,0.1683,0.0099,0.0099,0.099,0.396,0.2871,0.0495,0.1881,0.0099,0.3663,0.0099,1.0,0.8515,0.0297,0.9307,0.3663,0.1386,0.1188,0.2673,0.0099,0.0198,0.0099,0.0099,0.0792,0.099,0.3861,0.1287,0.0891
Roseburia_hominis,0.0099,0.9208,0.0099,0.0099,0.6733,0.703,0.0099,0.0297,0.9901,0.3861,0.6634,0.0099,0.0099,0.1386,0.6139,0.0891,0.0297,0.5446,0.0099,0.4653,0.1386,0.9703,0.0099,0.6832,0.3564,0.7426,0.1386,0.0792,0.1683,1.0,0.5149,0.8416,0.0396,0.297,0.2871,0.5545,0.5446,0.8416,0.0099,0.9208,0.0297,0.2772,0.5842,0.2673,0.0396,0.0099,0.1881,0.4059,0.0693,0.0891,0.0099,0.7624,0.1089,0.6931,0.0198,0.0198,0.0792,0.4257,0.1584,0.0099,0.7228,0.0099,0.3069,0.7426,0.0099,0.0099,0.0198,0.1287,0.505,0.5149,0.8515,1.0,0.0099,0.0099,0.0099,0.1089,0.0099,0.1386,0.0396,0.9406,0.7723,0.9901,0.0594,0.5446,0.7525,0.2079,0.8812
Roseburia_intestinalis,0.0099,0.0099,0.0099,0.0099,0.0099,0.9505,0.0297,0.0099,0.198,0.0297,0.0495,0.1287,0.0495,0.0099,0.1188,0.1485,0.0099,0.0099,0.0099,0.9109,0.0891,0.0099,0.4851,0.0099,0.2178,0.0396,0.0594,0.0297,0.1287,0.0099,0.0099,0.703,0.8614,0.0099,0.0198,0.0099,0.0297,0.3861,0.0099,0.0099,0.1287,0.1881,0.0396,0.0099,0.1683,0.0099,0.5743,0.5545,0.0099,0.5842,0.0396,0.0099,0.0297,0.0099,0.2574,0.0099,0.396,0.6634,0.1782,0.396,0.7822,0.0099,0.0099,0.0099,0.8317,0.5347,0.0099,0.1188,0.0198,0.0099,0.0297,0.0099,1.0,0.0099,0.0099,0.0693,0.0099,0.0099,0.0693,0.3069,0.0396,0.0099,0.0099,0.0099,0.0099,0.0099,0.0099
Roseburia_inulinivorans,0.2079,0.0495,0.0099,0.0099,0.099,0.6931,0.2574,0.0099,0.4158,0.0693,0.0099,0.6337,0.0099,0.1881,0.1881,0.0198,0.0396,0.0495,0.0099,0.3366,0.0099,0.0099,0.0099,0.0495,0.901,0.5545,0.5248,0.0495,0.0099,0.4752,0.0099,0.0099,0.0099,0.0099,0.5347,0.0099,0.2475,0.0198,0.3564,0.4752,0.4752,0.0099,0.1287,0.0099,0.495,0.0099,0.2772,0.0099,0.0099,0.2178,0.0099,0.0099,0.0495,0.0099,0.0891,0.3564,0.8317,0.0099,0.0099,0.0693,0.2574,0.0099,0.297,0.0099,0.8713,0.8614,0.0099,0.1188,0.4554,0.099,0.9307,0.0099,0.0099,1.0,0.0099,0.8317,0.0099,0.0099,0.0099,0.3861,0.1188,0.0891,0.9802,0.0396,0.0099,0.0099,0.0099
Roseburia_unclassified,0.0099,0.0198,0.0099,0.8812,0.1584,0.0198,0.0396,0.0297,0.0495,0.0594,0.0198,0.1089,0.3267,0.4158,0.1188,0.0099,0.3861,0.0099,0.0099,0.8812,0.1188,0.1386,0.0099,0.6931,0.3168,0.6733,0.9208,0.0396,0.0495,0.7624,0.2574,0.9802,0.0099,0.1287,0.2673,0.3861,0.0792,0.6139,0.6733,0.5446,0.396,0.5248,0.0099,0.396,0.2475,0.0099,0.7129,0.6733,0.0099,0.5149,0.0594,0.0198,0.0693,0.0099,0.802,0.4356,0.0396,0.0594,0.1485,0.4554,0.3861,0.7129,0.0891,0.4554,0.4158,0.4356,0.3069,0.9901,0.3168,0.9505,0.3663,0.0099,0.0099,0.0099,1.0,0.0099,0.1386,0.7426,0.0396,0.9802,0.1287,0.0693,0.0297,0.4851,0.1287,0.5545,0.0198
Ruminococcaceae_bacterium_D16,0.0099,0.9406,0.3564,0.0099,0.0099,0.0099,0.5545,0.0099,0.0198,0.2178,0.2673,0.0396,0.0099,0.4851,0.0099,0.2574,0.0099,0.0099,0.0099,0.0099,0.0099,0.0099,0.0099,0.0099,0.0198,0.0495,0.1188,0.3069,0.1782,0.2772,0.0693,0.4752,0.495,0.5842,0.0594,0.0099,0.0099,0.0396,0.3465,0.099,0.0099,0.0198,0.0495,0.4752,0.2475,0.6139,0.6436,0.5941,0.0099,0.6535,0.0594,0.0396,0.0099,0.0297,0.0099,0.0198,0.0099,0.495,0.7525,0.4158,0.0297,0.0099,0.3762,0.0099,0.0099,0.0198,0.0495,0.0594,0.0099,0.5248,0.1386,0.1089,0.0693,0.8317,0.0099,1.0,0.0198,0.4455,0.0396,0.0099,0.5545,0.5743,0.7921,0.0891,0.0594,0.1188,0.2079
Ruminococcus_bromii,0.0099,0.2178,0.0693,0.198,0.3366,0.099,0.8515,0.1287,0.0099,0.2871,0.3861,0.8515,0.0297,0.0198,0.0198,0.2871,0.7921,0.4752,0.1881,0.0099,0.1782,0.5743,0.0396,0.802,0.0792,0.8317,0.0198,0.0099,0.0297,0.505,0.0099,0.0099,0.0099,0.0297,0.0099,0.0198,0.4653,0.2079,0.7129,0.2871,0.1089,0.0198,0.2772,0.9406,0.0099,0.8416,0.099,0.0099,0.0099,0.0396,0.2871,0.0099,0.0099,0.0099,0.0099,0.3267,0.0495,0.2673,0.297,0.3564,0.0792,0.099,0.1089,0.0099,0.6139,0.0099,0.7228,0.0297,0.8218,0.5347,0.1188,0.0099,0.0099,0.0099,0.1386,0.0198,1.0,0.0099,0.0297,0.8614,0.198,0.099,0.8416,0.495,0.0198,0.8218,0.0891
Ruminococcus_gnavus,0.0198,0.0099,0.0099,0.0099,0.0099,0.0396,0.0099,0.0099,0.0099,0.0495,0.0099,0.4554,0.0099,0.0198,0.0099,0.0099,0.0099,0.0099,0.0198,0.0099,0.0495,0.0099,0.0099,0.0099,0.0099,0.0396,0.0693,0.0099,0.0099,0.0099,0.0099,0.0099,0.0099,0.0099,0.3267,0.0099,0.0198,0.9406,0.0099,0.1881,0.0198,0.6832,0.0594,0.0099,0.0099,0.0099,0.5446,0.0099,0.0099,0.6733,0.0099,0.0099,0.0099,0.0495,0.0099,0.0099,0.0099,0.0099,0.0198,0.0099,0.0297,0.901,0.505,0.0099,0.0099,0.0099,0.0099,0.2178,0.0297,0.0099,0.2673,0.1386,0.0099,0.0099,0.7426,0.4455,0.0099,1.0,0.0099,0.0099,0.0099,0.0099,0.0099,0.0099,0.0099,0.0099,0.0099
Ruminococcus_obeum,0.0297,0.9406,0.6139,0.0198,0.5347,0.0099,0.0099,0.0198,0.5347,0.3069,0.1386,0.0099,0.0099,0.0693,0.0594,0.1485,0.0099,0.0099,0.0198,0.703,0.0297,0.0396,0.0099,0.0099,0.0099,0.0099,0.0594,0.0099,0.0495,0.0099,0.0099,0.0099,0.0099,0.0099,0.0792,0.0495,0.0099,0.0099,0.0099,0.1287,0.0099,0.0099,0.0198,0.0099,0.0099,0.0099,0.0099,0.4752,0.0099,0.0099,0.0099,0.0099,0.0099,0.5347,0.0099,0.8515,0.0099,0.0099,0.099,0.4851,0.0099,0.6733,0.0198,0.0099,0.0099,0.901,0.0099,0.0099,0.0099,0.1683,0.0099,0.0396,0.0693,0.0099,0.0396,0.0396,0.0297,0.0099,1.0,0.0099,0.505,1.0,0.0099,0.0099,0.0099,0.0099,0.0495
Ruminococcus_torques,0.396,0.3564,0.3366,0.0297,0.0099,0.0099,0.5248,0.0792,0.0099,0.9901,0.0099,0.505,0.0099,0.9802,0.0396,0.0297,0.6139,0.0198,0.0099,0.0099,0.0099,0.0099,0.099,0.0099,0.0396,0.2277,0.1683,0.0099,0.0594,0.0099,0.0099,0.0099,0.0099,0.0099,0.0099,0.0099,0.0099,0.0891,0.0396,0.7822,0.396,0.0891,0.0297,0.0099,0.0099,0.0099,0.0099,0.0099,0.0792,0.5743,0.0099,0.0099,0.1881,0.0099,0.0198,0.1386,0.0099,0.0099,0.1683,0.0099,0.0099,0.0099,0.0792,0.7723,0.0396,0.0099,0.495,0.0099,0.0099,0.0198,0.0198,0.9406,0.3069,0.3861,0.9802,0.0099,0.8614,0.0099,0.0099,1.0,0.4158,0.5347,0.0099,0.9604,0.1584,0.0099,1.0
Streptococcus_parasanguinis,0.099,0.0099,0.0099,0.2673,0.5644,0.6436,0.0693,0.0099,0.2673,0.0099,0.1485,0.703,0.802,0.0099,0.0396,0.0099,0.0099,0.0099,0.0099,0.0198,0.5743,0.0099,0.0099,0.0099,0.2079,0.0099,0.0099,0.0099,0.9208,0.0099,0.297,0.0099,0.0693,0.0099,0.3267,0.3168,0.495,0.0297,0.8416,0.5743,0.099,0.099,0.0099,0.0099,0.0099,0.6832,0.0297,0.7327,0.0099,0.6436,0.495,0.0099,0.2475,0.0099,1.0,0.0594,0.3663,0.0099,0.0297,0.1386,0.099,0.0396,0.0099,0.0099,0.0099,0.0099,0.1188,0.0891,0.0099,0.0099,0.0099,0.7723,0.0396,0.1188,0.1287,0.5545,0.198,0.0099,0.505,0.4158,1.0,0.0099,0.0099,0.0099,0.0099,0.0099,0.0099
Streptococcus_salivarius,0.1188,0.0099,0.0099,0.0099,0.3366,0.6337,0.0297,0.0099,0.0495,0.0099,0.099,0.5347,0.9208,0.0099,0.0198,0.0099,0.0099,0.0099,0.0099,0.0099,0.604,0.0099,0.0099,0.0099,0.099,0.0099,0.0099,0.0099,0.5743,0.0099,0.2376,0.0297,0.4554,0.0099,0.5248,0.1089,0.8515,0.0891,0.6634,0.3168,0.1287,0.0693,0.0099,0.0099,0.0099,0.505,0.0495,0.5545,0.0099,0.9109,0.901,0.0693,0.2673,0.0099,0.3564,0.0792,0.1287,0.0792,0.0099,0.0792,0.0099,0.0099,0.0198,0.0099,0.0099,0.2475,0.0198,0.6337,0.0792,0.0099,0.0099,0.9901,0.0099,0.0891,0.0693,0.5743,0.099,0.0099,1.0,0.5347,0.0099,1.0,0.0099,0.0099,0.0099,0.0099,0.0099
Subdoligranulum_unclassified,0.0099,0.0099,0.0099,0.0099,0.0099,0.2079,0.3366,0.0099,0.0594,0.0099,0.0099,0.4653,0.3267,0.0099,0.0693,0.0297,0.0099,0.505,0.6931,0.0099,0.0099,0.0099,0.0099,0.0099,0.1782,0.0099,0.0099,0.0099,0.2178,0.0099,0.4851,0.0099,0.0099,0.0099,0.0099,0.9307,0.0099,0.0594,0.0099,0.0198,0.0099,0.0594,0.0099,0.0099,0.0099,0.0594,0.0792,0.0297,0.1584,0.0198,0.1782,0.0099,0.0198,0.0099,0.2475,0.0693,0.6139,0.0396,0.0099,0.0099,0.099,0.0099,0.297,0.0099,0.0099,0.0099,0.0198,0.0099,0.0099,0.0099,0.0792,0.0594,0.0099,0.9802,0.0297,0.7921,0.8416,0.0099,0.0099,0.0099,0.0099,0.0099,1.0,0.0099,0.0099,0.0099,0.0099
Veillonella_atypica,0.3267,0.0099,0.0099,0.0099,0.0099,0.0396,0.0099,0.0099,0.0198,0.0594,0.2673,0.5446,0.2178,0.0099,0.0099,0.0099,0.0099,0.0099,0.1386,0.0099,0.4356,0.0099,0.0297,0.0198,0.0297,0.0297,0.0099,0.0099,0.5743,0.0099,0.0594,0.0099,0.0198,0.0099,0.0297,0.0099,0.9208,0.2772,0.0099,0.0198,0.0099,0.099,0.0099,0.0099,0.0099,0.6733,0.0099,0.1089,0.2079,0.0099,0.8812,0.0099,0.0099,0.0099,0.0297,0.0198,0.0198,0.0099,0.0099,0.7822,0.7426,0.0099,0.0099,0.0099,0.0099,0.0792,0.0099,0.0099,0.0594,0.0099,0.099,0.5446,0.0099,0.0396,0.4851,0.0891,0.495,0.0099,0.0099,0.9604,0.0099,0.0099,0.0099,1.0,0.0099,0.0099,0.0099
Veillonella_dispar,0.9901,0.0099,0.0099,0.0099,0.0099,0.8218,0.3564,0.0099,0.0297,0.0297,0.1683,0.2277,0.4356,0.0099,0.0099,0.0099,0.0099,0.0099,0.0396,0.0099,0.5644,0.0099,0.0099,0.0099,0.099,0.0099,0.0099,0.0099,0.7228,0.0099,0.0198,0.0099,0.0099,0.0099,0.2277,0.0099,0.1881,0.3465,0.0099,0.0099,0.0099,0.0693,0.0099,0.0099,0.0099,0.3069,0.0099,0.3465,0.4356,0.0099,0.0594,0.0099,0.0396,0.0099,0.2178,0.0198,0.0693,0.0099,0.0099,0.9307,0.4554,0.0099,0.0099,0.0099,0.0099,0.8812,0.0099,0.0099,0.4356,0.0099,0.3861,0.7525,0.0099,0.0099,0.1287,0.0594,0.0198,0.0099,0.0099,0.1584,0.0099,0.0099,0.0099,0.0099,1.0,0.0099,0.0099
Veillonella_parvula,0.0396,0.0099,0.0099,0.0099,0.0099,0.4455,0.0099,0.0099,0.0099,0.0099,0.495,0.0297,0.6832,0.0099,0.0099,0.0099,0.0099,0.0099,0.0099,0.0099,0.9109,0.0099,0.0099,0.0198,0.0396,0.0099,0.0198,0.0099,0.495,0.0099,0.0396,0.0099,0.0099,0.0099,0.0297,0.0099,0.604,0.0396,0.0099,0.0099,0.0099,0.9406,0.0099,0.0099,0.0198,0.7327,0.0099,0.0099,0.198,0.0198,0.2673,0.0099,0.0099,0.0099,0.1683,0.0099,0.0198,0.0099,0.0099,0.6238,0.8218,0.0099,0.0099,0.0099,0.0099,0.396,0.0099,0.0792,0.0099,0.0099,0.1287,0.2079,0.0099,0.0099,0.5545,0.1188,0.8218,0.0099,0.0099,0.0099,0.0099,0.0099,0.0099,0.0099,0.0099,1.0,0.0099
Veillonella_unclassified,0.0495,0.0099,0.0099,0.0099,0.0099,0.9406,0.0099,0.0099,0.0198,0.0396,0.0594,0.0594,0.8317,0.0099,0.0099,0.0099,0.0099,0.0099,0.0198,0.0099,0.9109,0.0099,0.0099,0.0594,0.0891,0.0396,0.0099,0.0099,0.9703,0.0099,0.3465,0.0099,0.0099,0.0099,0.0099,0.0099,0.9703,0.0099,0.0099,0.0198,0.0396,0.8911,0.0099,0.0099,0.0396,0.0792,0.0099,0.0198,0.3069,0.1683,0.5347,0.9505,0.0099,0.0099,0.5446,0.0099,0.0099,0.0099,0.0099,0.5545,0.198,0.0099,0.0099,0.0099,0.0099,0.604,0.0099,0.1188,0.1287,0.0099,0.0891,0.8812,0.0099,0.0099,0.0198,0.2079,0.0891,0.0099,0.0495,1.0,0.0099,0.0099,0.0099,0.0099,0.0099,0.0099,1.0
