Name	Acidaminococcus_intestini	Adlercreutzia_equolifaciens	Agathobaculum_butyriciproducens	Alistipes_finegoldii	Alistipes_indistinctus	Alistipes_putredinis	Alistipes_shahii	Anaerostipes_hadrus	Asaccharobacter_celatus	Bacteroides_caccae	Bacteroides_cellulosilyticus	Bacteroides_coprocola	Bacteroides_dorei	Bacteroides_eggerthii	Bacteroides_faecis	Bacteroides_finegoldii	Bacteroides_fragilis	Bacteroides_massiliensis	Bacteroides_ovatus	Bacteroides_plebeius	Bacteroides_salyersiae	Bacteroides_sp_CAG_144	Bacteroides_stercoris	Bacteroides_thetaiotaomicron	Bacteroides_uniformis	Bacteroides_vulgatus	Bacteroides_xylanisolvens	Barnesiella_intestinihominis	Bifidobacterium_adolescentis	Bifidobacterium_bifidum	Bifidobacterium_longum	Bifidobacterium_pseudocatenulatum	Bilophila_wadsworthia	Blautia_hydrogenotrophica	Blautia_obeum	Blautia_wexlerae	Butyricimonas_synergistica	Butyricimonas_virosa	Catenibacterium_mitsuokai	Clostridium_sp_CAG_58	Collinsella_aerofaciens	Collinsella_stercoris	Coprobacter_fastidiosus	Coprococcus_catus	Coprococcus_comes	Dialister_invisus	Dorea_formicigenerans	Dorea_longicatena	Eggerthella_lenta	Escherichia_coli	Eubacterium_eligens	Eubacterium_hallii	Eubacterium_ramulus	Eubacterium_rectale	Eubacterium_siraeum	Eubacterium_sp_CAG_38	Eubacterium_ventriosum	Faecalibacterium_prausnitzii	Firmicutes_bacterium_CAG_110	Firmicutes_bacterium_CAG_83	Flavonifractor_plautii	Fusicatenibacter_saccharivorans	Gemmiger_formicilis	Gordonibacter_pamelaeae	Haemophilus_parainfluenzae	Holdemanella_biformis	Intestinibacter_bartlettii	Lachnospira_pectinoschiza	Lawsonibacter_asaccharolyticus	Methanobrevibacter_smithii	Odoribacter_splanchnicus	Oscillibacter_sp_57_20	Oscillibacter_sp_CAG_241	Parabacteroides_distasonis	Parabacteroides_merdae	Parabacteroides_sp_CAG_409	Paraprevotella_xylaniphila	Parasutterella_excrementihominis	Prevotella_copri	Proteobacteria_bacterium_CAG_139	Roseburia_faecis	Roseburia_hominis	Roseburia_intestinalis	Roseburia_inulinivorans	Ruminococcus_bicirculans	Ruminococcus_bromii	Ruminococcus_gnavus	Ruminococcus_lactaris	Ruminococcus_torques	Ruthenibacterium_lactatiformans	Slackia_isoflavoniconvertens	Streptococcus_parasanguinis	Streptococcus_salivarius	Streptococcus_thermophilus	Veillonella_parvula
1_1_D0	0	3	49	3	42	164	1	47	8	39	0	0	43	2	2	0	0	7	18	0	0	0	6	0	50	118	0	5	343	1039	341	6	0	0	98	121	0	0	9	0	789	2	0	57	182	0	152	431	0	137	11	247	5	690	0	0	0	1535	0	438	16	417	69	0	0	7	19	0	0	0	6	5	0	5	20	0	6	0	226	0	852	19	5	5	0	413	0	0	150	2	8	5	38	465	0
1_15_D0	0	0	15	0	0	0	0	258	1	0	0	0	638	0	0	0	30	0	0	0	0	0	0	204	951	0	117	31	358	0	0	0	8	100	0	411	8	0	0	27	1476	16	26	0	0	35	0	0	10	50	0	388	0	0	0	137	0	7	0	4	167	0	28	7	0	14	5	0	4	0	18	0	0	38	156	0	0	0	0	0	1527	47	0	0	0	2171	426	0	0	82	0	0	3	3	0
1_17_D0	0	0	233	6	0	0	0	362	0	0	0	0	0	0	0	0	10	0	135	0	0	0	0	57	130	208	19	82	3408	3	300	0	2	0	364	107	0	0	0	5	536	2	2	0	54	0	57	162	4	18	168	148	0	14	0	10	16	1224	0	102	20	235	96	0	2	0	16	186	1	0	17	10	0	14	114	0	0	0	0	1	619	6	33	20	247	375	3	15	11	4	5	0	2	0	0
1_19_D0	0	4	22	0	7	119	6	485	8	31	0	0	0	0	0	0	0	64	34	0	0	0	0	16	62	426	11	30	1905	0	354	0	1	0	227	406	2	0	0	0	789	6	8	90	291	26	470	1399	0	198	0	95	74	0	0	0	0	1076	0	58	1	198	6	3	0	0	29	0	0	0	20	8	0	19	21	0	4	0	0	0	0	6	0	52	0	0	182	0	503	7	50	6	26	58	0
1_21_D0	0	0	107	0	0	0	0	472	0	0	0	0	0	0	0	0	0	0	0	0	0	0	0	0	0	0	0	0	0	1272	2	0	1	0	181	10	0	0	0	0	0	0	0	0	464	0	0	1674	583	976	0	578	0	0	0	0	0	0	0	0	26	0	0	70	0	0	63	0	0	0	0	0	0	0	0	0	0	0	0	0	0	0	463	0	0	0	2839	0	0	0	0	3	1	0	213
1_22_D0	0	17	106	13	1	0	9	0	12	182	0	0	0	47	0	0	0	21	45	0	0	0	0	40	895	311	0	0	430	0	574	1708	1	0	0	139	0	0	0	0	892	9	0	124	225	0	78	294	1	2	0	28	0	31	0	0	142	2053	0	177	16	746	0	1	0	1	1	0	0	0	34	0	0	53	56	0	0	1	0	9	0	0	6	7	57	0	0	376	0	21	0	0	6	0	0
1_4_D0	84	1	95	0	0	0	0	361	1	7	0	0	0	0	0	0	0	0	15	0	0	0	23	0	60	169	0	0	891	0	175	0	1	0	73	91	0	0	0	0	925	3	0	14	166	0	120	435	0	2	22	403	40	0	0	0	5	3255	0	14	8	678	46	0	0	0	0	1	6	0	0	0	0	22	58	0	0	1	1023	0	0	0	0	172	0	0	40	0	489	0	0	3	0	3	0
1_9_D0	0	0	140	7	0	0	0	228	0	0	0	0	0	0	0	0	55	0	0	0	0	7	0	0	0	277	0	41	120	0	503	0	0	1	0	654	0	0	0	0	0	0	0	36	311	36	3	0	32	8	0	103	0	2646	0	0	0	1028	0	0	27	730	0	42	7	0	40	0	0	0	0	0	0	0	0	0	0	0	0	1	605	140	0	13	25	1022	145	151	655	9	0	8	31	107	7
1_1_W10	0	1	127	2	33	392	16	81	3	84	2	0	86	3	59	7	0	20	30	0	0	6	17	22	119	113	1	24	336	445	85	3	0	1	162	96	0	0	6	5	460	1	1	57	129	18	81	322	0	12	283	274	9	620	8	0	0	2087	0	505	7	439	94	0	0	10	1	0	2	0	13	73	0	43	46	0	28	1	619	0	1008	12	0	7	0	0	0	0	289	3	11	2	8	28	0
1_1_W14	0	1	143	15	21	328	14	61	6	60	1	0	78	2	14	9	0	18	33	0	0	3	40	14	130	152	3	17	157	375	77	1	0	0	219	172	0	0	10	7	397	1	2	55	136	12	68	351	0	0	392	247	20	1077	1	3	0	2253	0	307	5	331	75	0	0	13	5	0	2	0	12	36	0	57	49	0	25	0	862	0	660	16	4	31	0	0	0	0	201	3	73	6	19	11	0
1_1_W18	0	1	86	2	25	339	14	93	3	58	3	0	80	10	25	8	0	7	39	0	0	0	31	19	111	107	1	16	306	520	91	0	0	0	213	131	0	0	14	4	522	2	36	62	83	11	113	266	0	0	100	297	17	1100	13	1	3	2514	0	485	2	441	65	0	0	7	0	0	0	0	12	35	1	42	96	0	17	0	321	0	669	22	0	33	0	0	0	0	141	2	9	1	4	102	0
1_1_W2	0	1	85	6	23	301	8	149	1	62	0	0	55	6	32	4	0	5	16	0	0	0	9	5	72	179	9	7	97	637	80	4	0	1	111	211	0	0	4	17	533	1	3	77	177	2	126	276	0	3	91	229	15	912	0	0	0	2741	0	391	16	494	53	0	0	27	9	0	0	0	9	39	0	30	41	0	19	0	430	0	580	15	12	18	0	0	0	0	273	10	18	11	39	78	0
1_1_W24	0	0	92	0	13	331	18	268	1	83	1	0	134	11	12	31	0	13	45	0	0	2	89	13	104	260	2	34	71	351	57	0	0	0	225	148	0	0	14	14	517	0	13	75	111	0	121	317	0	0	345	382	33	244	0	1	0	2809	0	103	10	502	96	0	0	3	0	0	0	0	13	239	241	59	37	0	40	0	123	0	665	32	15	64	0	1	0	13	252	3	14	3	27	44	0
1_1_W6	0	0	75	4	13	369	15	505	2	88	4	0	81	6	19	15	0	6	41	0	0	2	13	26	128	112	15	13	36	437	71	0	1	0	192	182	2	0	5	6	359	1	11	34	85	0	104	266	0	0	42	316	18	963	6	0	0	2461	0	264	10	497	89	0	0	15	0	0	1	0	15	27	0	119	78	0	26	0	342	0	781	1	21	37	0	0	0	15	442	2	25	0	5	40	0
1_15_W10	0	8	33	35	2	714	1	23	14	4	52	0	3	0	32	0	0	54	0	6	0	0	0	0	331	222	78	107	9	0	22	0	0	0	32	234	1	0	0	28	272	1	0	54	122	0	102	269	0	345	11	97	7	1004	1	11	92	578	94	62	4	379	10	0	0	1	21	0	1	136	57	76	97	68	70	0	0	0	0	0	0	6	132	258	204	2314	936	0	34	22	0	1	0	6	0
1_15_W18	0	10	1	103	0	3383	8	1	24	1226	7	0	7	0	25	0	475	23	3	5	0	0	0	0	522	189	80	311	0	11	0	0	0	0	40	2	6	0	0	0	403	2	13	24	0	0	17	41	0	76	0	81	0	241	0	0	0	44	0	4	0	0	1	0	0	15	0	0	0	1030	171	0	250	340	160	0	0	0	0	0	0	18	0	19	137	7	106	0	2	336	0	0	0	0	0
1_15_W2	0	9	0	17	0	317	0	50	11	41	0	0	49	0	10	0	2407	2	0	0	0	0	0	10	201	0	1	50	313	445	69	0	1	16	28	0	13	3	0	0	846	3	0	96	42	0	35	127	0	230	0	243	0	0	0	0	38	57	17	37	56	125	3	3	0	2	13	0	0	349	19	6	140	12	10	0	0	0	0	0	5	2	0	10	69	1847	921	0	195	320	0	3	37	15	0
1_15_W24	0	19	53	102	1	1115	8	604	52	163	3	0	0	0	15	0	50	52	0	0	0	0	0	3	1094	369	18	199	0	0	0	0	0	17	207	42	3	0	0	5	658	2	0	95	86	0	136	137	0	63	0	207	0	78	0	0	17	195	134	999	1	60	9	5	0	21	11	0	0	179	22	97	700	42	98	0	0	0	0	0	0	40	0	256	296	0	127	0	581	410	0	7	3	38	0
1_15_W6	0	5	69	16	0	580	0	44	18	42	0	0	61	0	45	0	9	19	0	19	0	0	0	0	235	30	25	44	19	24	48	0	0	0	83	28	0	0	0	0	295	0	1	122	231	0	209	242	0	68	136	81	9	1059	0	29	56	821	30	44	0	580	20	0	0	40	74	0	0	220	16	9	60	7	22	0	0	0	0	0	6	13	134	47	782	1893	0	0	1160	1	0	4	9	9	0
1_17_W10	78	0	77	1	0	76	9	119	0	119	7	0	0	0	0	18	38	0	21	0	58	0	0	88	69	463	2	59	33	3	33	0	3	0	120	137	1	2	0	14	392	2	7	6	298	0	76	470	0	93	1131	307	66	340	0	0	2	1769	0	29	17	716	33	0	0	0	10	609	0	0	37	76	0	70	11	0	23	2	0	0	752	44	21	58	36	127	155	0	527	0	22	2	16	0	0
1_17_W2	215	0	94	16	0	200	9	142	1	37	256	0	0	0	0	7	0	0	77	0	10	0	0	23	335	655	1	36	388	0	36	0	5	0	54	5	15	3	0	13	318	3	24	33	135	0	103	188	0	14	1173	201	55	754	0	43	26	1939	0	27	12	297	31	0	13	0	8	0	6	43	84	54	1	72	40	0	236	5	0	0	118	53	50	46	488	488	41	0	122	1	11	0	13	0	0
1_17_W6	0	0	53	1	0	17	7	204	1	9	11	0	1	0	0	4	1	0	2	0	7	0	0	12	73	249	0	7	2226	0	337	0	0	0	191	101	0	0	0	2	1467	8	2	0	90	0	44	111	0	76	14	56	2	9	0	11	3	1347	0	36	8	1152	24	0	13	0	0	0	0	0	17	3	0	28	2	0	25	2	0	0	73	0	9	21	2	1332	13	0	441	0	28	1	12	0	0
1_19_W14	0	7	14	8	3	19	0	157	10	0	0	0	6	0	0	0	0	0	0	0	0	0	0	0	23	4	9	0	2999	0	564	0	2	0	288	371	0	0	0	53	1280	6	0	43	146	195	232	756	0	0	0	322	61	0	0	0	0	406	0	32	0	1005	8	22	0	15	0	14	0	0	0	0	0	0	0	0	1	0	2	0	229	0	0	163	0	0	0	0	449	3	61	0	2	6	0
1_19_W18	0	0	3	8	0	185	0	123	0	27	40	0	365	0	0	38	0	3	31	0	0	0	0	42	157	193	63	33	5504	0	67	0	7	0	90	178	0	3	0	1	485	4	12	0	170	65	100	90	0	3	0	228	16	0	0	0	0	888	0	20	16	192	5	2	0	22	0	2	0	0	39	22	0	124	2	0	71	0	0	0	0	0	200	19	0	0	1	0	34	0	8	0	0	0	0
1_19_W24	0	30	35	14	6	168	6	71	36	153	168	0	782	0	0	45	0	1	242	0	0	0	0	80	226	283	19	39	435	0	190	0	16	7	78	518	0	4	0	161	527	5	0	44	233	57	276	729	0	0	0	69	10	0	0	0	0	2170	0	12	38	507	3	9	0	19	0	291	0	0	36	32	0	44	9	0	38	0	0	0	0	0	0	293	0	0	21	0	660	5	48	0	1	0	0
1_19_W6	0	6	13	104	24	244	5	117	11	17	92	0	360	0	0	40	0	13	43	0	0	0	9	55	101	303	95	58	2817	0	354	0	14	0	385	196	0	2	0	17	633	6	6	74	196	123	171	687	0	43	0	181	41	0	0	0	0	229	0	91	2	246	3	6	0	7	0	11	0	0	12	10	0	39	7	0	13	0	0	0	1324	11	0	55	0	0	2	0	237	5	33	0	0	0	0
1_21_W2	0	0	220	0	0	17	0	914	0	6	0	0	3	0	0	0	0	129	1	0	0	0	0	0	3	13	2	65	0	171	38	6	103	0	83	12	0	0	0	0	587	3	0	0	658	0	441	858	38	981	0	820	4	0	0	0	0	0	0	0	221	0	0	4	0	0	8	0	0	0	0	0	0	10	0	0	0	0	57	0	0	0	161	0	0	0	2808	0	73	0	0	4	3	476	0
1_22_W10	0	5	93	9	0	80	0	869	5	8	0	0	0	0	0	0	0	2	3	0	0	0	0	1	120	30	0	13	376	485	292	1111	0	11	1387	26	0	0	0	0	1234	12	0	91	105	0	158	262	4	0	1	65	20	71	0	0	4	2232	0	16	3	114	1	2	0	4	0	9	0	37	1	1	0	9	7	0	0	0	3	1	0	0	56	4	104	263	0	147	13	19	0	0	3	0	0
1_22_W18	0	6	113	8	0	347	7	374	12	52	0	0	0	3	0	0	0	2	9	0	0	0	0	0	146	29	0	37	1316	557	234	983	2	5	921	23	0	0	0	1	1211	7	0	80	214	0	100	285	0	0	0	134	27	27	0	0	53	1385	0	100	1	309	5	0	0	0	0	27	0	420	8	21	0	26	29	0	0	0	5	0	0	0	9	5	252	10	0	24	12	5	0	0	10	11	0
1_22_W2	0	7	61	7	0	581	7	226	12	69	0	0	0	1	0	0	0	50	13	0	0	0	0	6	636	236	0	135	545	367	399	496	0	1	30	43	0	0	0	0	774	10	0	64	129	0	145	96	0	0	74	121	30	306	0	0	37	2288	0	197	0	149	0	0	0	2	1	0	0	262	10	0	0	44	47	0	0	0	371	5	0	7	86	36	297	409	0	59	7	8	0	0	1	0	0
1_22_W24	0	18	52	19	0	571	11	131	25	25	0	0	0	1	0	0	0	12	31	0	0	0	0	0	411	70	0	40	1665	904	285	505	1	0	228	31	0	0	0	5	2443	6	0	69	69	0	92	67	0	0	0	247	9	0	0	0	11	1015	10	193	0	103	5	0	0	0	0	50	0	123	16	5	0	58	41	0	0	0	5	0	0	0	0	53	96	0	0	25	129	22	0	0	0	0	0
1_22_W6	0	6	106	6	0	154	1	127	9	21	0	0	0	1	0	0	0	12	2	0	0	0	0	0	293	61	0	22	1268	475	352	708	1	4	251	9	0	0	0	0	868	9	0	60	41	0	113	137	0	0	22	32	8	1870	0	0	29	2170	0	41	3	189	1	0	0	1	0	4	0	134	4	9	0	20	8	0	0	0	32	0	0	0	19	20	33	182	0	46	0	8	0	0	0	0	0
1_4_W10	0	13	142	0	0	95	0	321	18	11	0	52	0	0	0	1	0	0	7	0	0	0	35	0	30	149	0	10	457	0	414	0	4	0	113	137	0	0	0	3	1238	5	0	47	150	0	103	247	0	1	48	283	34	0	0	0	2	2548	0	11	4	739	56	0	0	10	0	1	0	0	0	0	0	19	48	0	0	0	529	0	0	0	0	130	0	0	0	350	1157	0	75	9	4	139	0
1_4_W2	5	1	140	0	0	31	0	358	0	4	0	4	0	0	0	0	0	0	11	0	0	0	19	0	48	125	0	2	317	0	486	0	2	0	84	66	0	0	0	0	1335	4	0	43	261	0	126	471	0	92	28	164	35	0	0	0	0	3171	0	9	0	617	61	0	0	28	41	0	0	0	0	0	0	19	23	0	0	0	433	0	0	1	0	46	0	0	4	63	1142	0	37	6	2	35	0
1_4_W6	0	0	58	0	0	127	0	170	0	43	0	104	5	0	0	0	0	0	14	0	0	0	78	0	111	200	0	0	200	0	106	0	0	0	26	58	0	0	0	0	488	1	0	18	37	0	67	190	0	0	30	120	11	0	0	0	0	2510	0	15	14	380	42	0	0	0	0	25	22	0	2	0	0	47	64	0	0	0	3235	0	0	0	34	392	0	0	0	63	499	0	43	352	0	0	0
1_9_W10	0	7	36	75	0	291	25	228	20	0	76	0	0	0	0	0	345	0	137	0	0	14	290	81	806	1000	21	84	11	0	116	0	4	0	241	51	4	28	0	0	0	0	5	71	135	37	40	173	11	6	183	239	12	1164	8	0	47	1458	0	10	3	548	7	3	17	5	0	0	0	0	0	31	74	105	84	0	0	0	0	1	146	85	136	0	71	315	0	0	194	0	0	37	531	12	7
1_9_W14	0	24	90	1	0	87	13	138	66	0	3	0	0	0	0	0	107	0	40	0	0	2	240	15	235	483	17	38	561	0	238	46	2	0	283	76	0	2	0	0	0	3	0	76	337	58	84	362	14	10	39	360	40	617	0	0	23	3003	0	7	2	856	17	12	12	17	0	0	1	0	0	27	79	41	45	0	0	0	0	1	0	2	0	0	173	283	0	0	447	0	0	4	32	106	4
1_9_W18	0	6	32	1	0	7	5	118	15	0	8	0	0	0	0	0	273	0	54	0	0	0	419	72	251	821	29	26	854	0	221	98	4	0	288	127	0	0	0	0	0	3	0	78	487	81	81	499	9	83	152	212	59	295	0	0	18	2667	0	1	8	594	12	9	24	14	8	0	0	0	0	65	38	45	38	0	0	0	0	0	0	42	0	0	0	0	0	0	388	0	0	28	168	32	28
1_9_W2	0	3	41	17	0	100	7	221	8	0	15	0	0	0	0	0	81	0	25	0	0	0	87	28	75	377	1	15	98	0	587	0	1	0	179	48	0	1	0	0	0	1	1	34	246	19	23	305	8	15	132	190	21	2902	0	740	11	1269	0	1	2	721	7	4	74	9	16	0	0	0	0	2	9	56	29	0	0	0	0	0	352	15	0	1	62	140	27	29	406	0	0	15	39	46	5
1_9_W24	0	10	28	21	0	107	3	107	22	0	4	0	0	0	0	0	21	0	52	0	0	2	92	20	219	446	0	12	2151	0	358	66	1	0	108	27	0	0	0	0	0	2	0	88	192	65	44	234	2	1	56	175	31	1096	21	437	13	2087	0	3	1	681	15	8	2	15	4	0	0	0	0	5	35	16	43	0	0	0	0	0	336	2	145	0	0	0	6	0	189	0	0	11	28	14	23
1_9_W6	0	0	185	1222	6	8	13	410	0	247	53	0	1438	0	0	0	0	0	22	0	0	0	0	125	511	0	141	51	0	0	131	0	14	61	403	15	1	1	0	135	0	0	0	0	116	0	0	0	174	2	190	456	0	0	335	4	0	709	0	0	18	110	65	170	0	0	1	96	6	49	34	0	150	360	75	0	0	0	0	0	9	0	140	149	268	871	6	187	0	18	0	3	38	0	0
SGP007146	1	0	0	0	0	0	0	0	0	0	0	0	0	0	0	0	0	0	0	0	0	0	0	0	0	0	0	0	0	0	0	0	0	0	0	0	0	0	0	0	1	0	0	0	0	0	0	0	0	5210	0	0	0	2	0	0	0	1	0	0	0	0	0	0	0	0	0	0	0	0	0	0	0	0	0	0	0	191	0	4416	0	0	0	0	0	2	0	0	0	0	0	15	14	143	3
SGP007155	9417	0	0	0	0	0	0	0	0	0	0	0	0	0	0	0	0	0	0	0	0	0	1	0	0	0	0	0	1	0	0	0	0	0	0	0	0	0	0	0	1	0	0	0	0	0	0	0	0	0	0	0	0	1	0	0	0	1	0	0	0	0	0	0	0	0	0	0	0	0	0	0	0	0	0	0	0	130	0	4	0	0	0	0	0	1	0	0	0	0	0	53	98	274	18
SGP007163	0	0	0	0	0	0	0	0	0	0	0	0	0	0	0	0	0	0	0	0	0	0	0	0	0	0	0	0	0	0	1	0	0	0	0	0	0	0	0	0	0	0	0	0	0	0	0	0	0	0	0	0	0	0	0	0	0	0	0	0	0	0	0	0	80	0	112	0	0	0	0	0	0	0	0	0	0	0	9251	0	0	0	0	0	0	1	0	0	0	0	0	99	223	220	14
SGP007172	0	0	0	0	0	0	0	0	0	0	0	0	0	0	0	0	0	0	0	0	0	0	0	0	0	0	0	0	1	0	1	0	0	0	0	3	0	0	0	0	2	0	0	0	0	0	0	0	0	10	0	0	0	0	0	0	0	4	0	0	0	1	0	0	35	0	1	0	0	0	0	0	0	0	0	0	0	0	10	0	0	0	0	0	0	4	0	0	0	0	0	65	414	9424	24
SGP007181	0	0	0	0	0	0	0	0	0	0	0	0	0	0	0	0	0	0	0	0	0	0	0	0	0	0	0	0	0	0	0	332	0	0	0	119	0	0	0	0	0	0	0	0	0	0	0	0	0	0	0	0	0	402	0	0	0	0	0	0	0	0	0	0	0	0	0	0	0	0	0	0	0	0	0	0	0	0	0	0	0	0	0	0	0	0	0	0	0	0	0	0	0	9146	0
SGP007187	9500	0	0	0	0	0	0	1	0	0	0	0	0	0	0	0	0	0	0	0	0	0	0	0	0	0	0	0	0	0	1	1	0	0	0	1	0	0	0	0	0	0	0	0	0	0	0	1	0	0	0	0	0	2	0	0	0	2	0	0	0	0	0	0	1	0	0	0	0	0	0	0	0	0	0	0	0	254	147	12	0	0	0	0	0	1	0	0	1	0	0	44	28	3	0
SGP007195	0	0	0	0	0	0	0	0	0	0	0	0	0	0	0	0	0	0	0	0	0	0	0	0	0	0	0	0	0	0	4	7	0	0	0	3	0	0	0	0	0	0	0	0	0	0	0	7	0	0	0	0	0	0	0	0	0	4	0	0	0	0	0	0	0	0	0	0	0	0	0	0	0	0	0	0	0	0	0	0	0	0	0	0	0	1	0	0	1	0	0	70	54	9838	12
SGP007199	0	5	25	7	3	14	0	528	15	0	0	0	2	0	0	0	0	1	3	0	0	0	8	5	24	13	0	4	2	0	497	1269	0	0	79	43	0	0	0	0	0	0	0	0	2	0	121	725	47	0	0	495	23	1218	35	2	9	43	0	59	4	18	4	18	0	0	50	12	0	0	0	0	0	0	0	0	0	0	0	0	0	6	30	4	0	3913	3	0	123	10	0	6	36	436	0
SGP007208	0	0	0	0	0	0	0	0	0	0	0	0	0	0	0	0	0	0	0	0	0	0	0	0	0	0	0	0	10	0	5	0	0	0	0	0	0	0	0	0	3	0	0	0	0	0	0	0	0	3447	0	0	0	5	0	0	0	0	0	0	0	0	0	0	2	0	0	0	0	0	0	0	0	0	0	0	0	5458	0	141	0	0	0	0	0	5	0	0	0	0	0	251	662	0	9
SGP007592	8329	0	0	0	0	2	0	0	0	0	0	0	0	1	0	0	0	0	0	0	0	0	2	0	5	9	0	0	0	0	0	0	54	0	0	0	0	0	0	0	0	0	0	0	0	0	0	0	0	0	0	0	0	0	0	0	0	1	0	0	0	0	0	0	0	0	0	0	0	0	0	0	0	0	0	0	0	1534	0	58	0	0	0	0	0	0	0	0	0	0	0	0	4	0	0
SGP007597	0	0	0	0	0	0	0	0	0	0	0	0	0	0	0	0	0	0	0	0	0	0	0	0	8	31	0	0	0	0	0	0	0	0	0	0	0	0	0	0	0	0	0	0	0	0	0	0	0	0	0	0	0	0	0	0	0	0	0	0	0	0	0	0	0	0	0	0	0	0	0	0	0	0	0	0	0	1262	0	39	0	0	0	0	0	0	0	0	0	0	0	386	579	7467	229
SGP007605	0	0	0	0	0	8	0	0	0	0	0	0	0	7	0	0	0	0	0	0	0	0	0	0	12	33	0	0	0	0	0	0	0	0	0	0	0	0	0	0	0	0	0	0	0	0	0	0	0	0	0	0	0	3	0	0	0	7	0	0	0	0	0	0	0	0	0	0	0	0	0	0	0	0	0	0	0	395	0	9527	0	0	0	0	0	0	0	0	0	0	0	0	0	0	9
SGP007609	0	0	0	0	0	0	0	0	0	0	0	0	0	0	0	0	0	0	0	0	0	119	0	0	0	1	0	0	0	0	0	0	60	0	0	0	0	0	0	0	0	0	0	0	0	0	0	0	0	8200	0	0	0	0	0	0	0	0	0	0	0	0	0	0	0	0	0	0	0	0	0	0	0	0	0	0	0	72	0	1548	0	0	0	0	0	0	0	0	0	0	0	0	0	0	0
SGP007614	0	0	0	0	0	0	0	0	0	0	0	0	74	0	0	0	260	0	0	0	0	0	0	0	158	440	0	0	0	0	0	0	0	0	0	0	0	0	0	0	0	0	0	0	0	0	0	0	0	513	0	0	0	0	0	0	0	0	0	0	0	0	0	0	1245	0	0	0	0	0	0	0	0	0	8	0	0	0	0	0	0	0	0	0	0	0	0	0	0	0	0	0	274	0	7029
SGP007619	0	0	0	0	0	0	0	0	0	0	0	1	0	0	0	0	0	0	0	0	0	0	0	0	4	4	0	0	0	0	0	0	0	0	0	0	0	0	0	0	0	0	0	0	0	0	0	0	0	5412	0	0	0	0	0	0	0	2	0	0	0	0	0	0	0	0	0	0	0	0	0	0	0	0	0	0	0	4448	0	119	0	0	0	0	0	0	0	0	0	0	0	0	1	7	3
SGP007624	0	0	5	1	0	7	0	55	0	35	0	0	9	11	0	11	72	0	0	0	0	0	3	5	16	104	0	21	9	16	22	9	0	0	0	1	0	0	0	1	3	0	0	0	0	0	0	5	0	8297	19	0	0	11	0	0	3	86	0	0	0	0	0	0	13	0	8	114	0	0	0	0	0	7	5	0	0	40	0	844	60	0	61	0	0	0	0	0	1	0	0	3	3	0	3
SGP007629	0	0	0	0	0	0	0	0	0	0	0	0	0	0	0	0	0	0	0	0	0	0	0	0	15	17	0	0	10	0	1	0	0	0	0	0	0	0	0	0	0	0	0	0	0	0	0	0	0	0	0	0	0	0	0	0	0	5	0	0	0	0	0	0	0	0	0	0	0	0	0	0	0	1	0	0	0	4937	0	4992	0	0	0	0	0	0	0	0	0	0	0	6	5	2	8
SGP007634	0	0	0	0	0	0	0	0	0	3	1	0	1	0	0	0	0	0	0	0	0	0	0	0	19	33	0	0	5	0	0	0	0	0	0	0	0	0	0	0	0	0	0	0	0	0	0	0	0	0	0	0	0	0	0	0	0	0	0	0	0	0	0	0	0	0	0	0	0	0	0	0	0	1	0	0	0	0	0	0	0	0	0	0	0	0	0	0	0	0	0	456	699	8734	46
SGP007638	0	0	0	0	0	0	0	0	0	0	0	0	0	0	0	0	0	0	0	0	0	0	0	0	3	4	0	0	2	0	1	0	0	0	0	0	0	0	0	0	0	0	0	0	0	0	0	0	0	9080	0	0	0	0	0	0	0	1	0	0	0	0	0	0	0	0	0	0	0	0	0	0	0	0	0	0	0	0	0	0	0	0	0	0	0	0	0	0	0	0	0	14	17	869	8
SGP007642	0	0	0	0	0	0	0	0	0	0	0	0	37	0	0	0	0	0	0	0	0	0	0	0	1018	951	0	0	1169	0	0	0	0	0	0	0	0	0	0	0	0	0	0	0	0	0	0	0	0	0	0	0	0	0	0	0	0	81	0	0	0	0	0	0	460	0	0	0	0	0	0	0	0	0	0	0	0	0	0	0	0	0	0	0	0	0	0	0	0	0	0	0	315	0	5969
SGP007647	0	0	0	0	0	0	0	0	0	0	0	0	0	0	0	0	0	0	0	0	0	0	0	0	0	1	0	0	0	0	1	0	0	0	0	0	0	0	0	0	0	0	0	0	0	0	0	0	0	0	0	0	0	0	0	0	0	0	0	0	0	0	0	0	16	0	0	0	0	0	0	0	0	0	0	0	0	462	0	9300	0	0	0	0	0	0	0	0	0	0	0	34	157	1	28
SGP007652	0	0	0	0	0	0	0	0	0	0	0	0	6	0	0	0	0	0	0	0	0	0	0	0	7	17	0	0	0	0	0	0	0	0	0	0	0	0	0	0	0	0	0	0	0	0	0	0	0	0	0	0	0	0	0	0	0	0	0	0	0	0	0	0	0	0	0	0	0	0	0	0	0	0	0	0	0	9596	0	360	0	0	0	0	0	0	0	0	0	0	0	0	13	0	0
SGP007657	8786	0	0	0	0	0	0	0	0	0	0	0	14	0	0	0	0	0	3	0	0	0	0	0	22	29	0	0	0	0	0	0	0	0	0	0	0	0	0	0	0	0	0	0	0	0	0	0	0	0	0	0	0	1	0	0	0	10	0	0	0	0	0	0	0	0	0	0	0	0	0	0	0	0	1	0	0	33	0	1102	0	0	0	0	0	0	0	0	0	0	0	0	0	0	0
SGP007145	11	66	159	1	0	0	0	368	63	0	0	0	0	65	0	3	9	9	0	0	0	0	0	11	40	98	1	5	0	0	357	0	0	47	49	18	0	0	0	11	747	4	0	51	265	0	41	256	1	677	12	226	14	1182	1	0	24	574	0	25	54	517	20	49	0	0	14	15	6	0	0	0	0	1	41	0	0	3	0	0	523	1	0	0	142	2533	526	0	18	16	0	3	1	29	0
SGP007154	27	4	2	0	0	1	0	80	7	12	0	0	2	1	0	0	0	1	2	0	0	0	1	0	5	10	1	4	597	155	124	0	0	0	141	3	0	0	0	0	3724	8	0	165	842	10	454	386	4	7	6	81	21	112	3	0	24	173	0	20	0	19	7	9	1	102	94	0	0	1625	0	0	4	0	0	0	0	0	0	1	16	67	0	3	1	391	1	0	232	40	57	22	87	2	0
SGP007162	0	12	97	5	0	85	0	77	27	1	0	0	0	0	1	0	0	12	0	1	0	0	0	0	9	10	0	4	126	0	16	0	0	73	99	79	0	0	0	0	1429	2	0	66	395	0	161	683	0	0	39	506	31	4596	6	0	12	478	0	11	24	72	16	3	0	0	0	0	1	0	0	2	0	2	1	0	0	0	229	0	0	26	0	17	0	2	0	25	378	3	0	10	10	30	0
SGP007180	0	0	0	0	0	0	0	315	0	0	0	0	0	0	0	0	0	0	1	0	0	0	3	0	0	14	0	0	3	1	4128	0	0	0	0	3946	0	0	0	0	1	0	0	0	0	3	131	24	17	71	0	1	39	2	0	2	0	140	0	0	0	779	0	1	5	0	52	0	0	0	0	0	0	0	0	0	0	0	2	0	39	0	1	0	0	1	241	0	0	0	0	6	29	0	3
SGP007186	165	5	125	0	0	0	0	80	11	4	0	0	0	0	0	1	0	0	0	4	0	0	0	0	1	4	2	0	232	450	215	14	0	0	394	22	0	0	15	0	634	2	0	42	745	0	179	1939	0	205	37	561	35	187	0	0	28	481	0	2	0	463	128	1	45	104	248	6	0	0	0	0	0	1	1	0	0	0	198	0	24	0	30	149	0	1	10	0	1180	2	85	409	79	0	15
SGP007591	144	1	0	49	8	1305	102	8	2	121	311	0	0	1	27	211	67	0	0	0	0	265	341	0	684	2368	0	632	205	84	63	0	4	0	19	0	0	1	0	0	42	0	0	31	10	12	0	19	0	600	0	7	2	647	21	13	20	713	0	92	2	0	0	0	0	0	0	0	0	0	118	0	0	136	1	0	9	15	0	0	0	71	124	65	205	0	0	0	2	2	0	0	0	0	0
SGP007596	0	2	42	0	0	0	0	93	3	544	73	0	0	0	0	0	46	0	134	0	0	0	0	102	1701	3768	0	0	0	0	141	20	0	0	104	1	0	0	0	4	38	0	21	0	51	59	11	111	0	3	185	82	7	434	0	0	0	977	0	0	29	34	0	0	11	0	10	348	0	0	0	0	0	0	0	0	0	283	0	26	72	8	257	49	13	0	2	98	0	1	0	0	0	1	0
SGP007604	0	2	15	6	1	1271	0	78	2	445	0	0	184	0	0	0	32	0	453	0	0	0	0	107	516	2282	2	471	6	12	2	9	0	0	47	18	0	0	0	28	53	0	0	17	19	7	30	44	6	1	217	7	7	467	0	0	3	652	0	3	0	98	0	0	22	0	1	0	0	0	442	201	227	494	130	0	0	9	0	208	593	2	30	8	5	0	0	0	7	4	0	0	0	0	0
SGP007608	0	0	68	2	0	2	0	98	0	0	0	0	0	2	0	0	865	0	0	0	0	17	2	0	8	18	0	27	0	171	910	0	0	0	8	14	0	0	0	0	0	0	15	0	0	21	0	149	7	0	252	51	0	1003	0	635	216	2465	0	0	14	207	12	0	0	0	0	0	1	0	19	0	0	0	0	0	0	17	0	423	0	0	397	0	230	1535	6	0	113	0	0	0	0	0	0
SGP007613	0	7	12	1587	8	0	0	51	13	0	0	0	0	0	0	0	211	0	622	0	0	0	0	0	3	1534	0	0	767	285	192	0	0	3	79	2	0	0	0	0	98	0	0	13	99	52	6	46	13	35	36	57	4	400	74	120	0	1407	22	10	1	158	0	15	18	0	29	0	2	0	108	9	5	0	0	0	0	0	0	0	0	65	437	88	208	957	1	6	0	6	0	0	5	0	17
SGP007618	0	15	36	45	220	461	0	198	17	0	37	0	1089	0	0	0	446	0	0	0	0	210	0	112	2624	26	61	832	466	0	61	1	0	0	114	2	45	12	0	0	0	0	0	3	127	0	1	0	0	125	31	8	0	0	0	13	0	705	0	0	8	15	0	0	0	0	5	0	3	0	110	0	1	168	911	0	59	196	0	6	70	60	42	0	95	0	20	0	70	7	0	2	6	2	0
SGP007623	1	0	135	37	22	83	5	1055	0	10	0	0	10	0	21	2	19	0	10	0	11	0	0	0	81	131	2	77	188	288	321	140	0	0	14	33	2	7	0	2	45	0	0	3	17	2	3	66	0	76	373	6	6	238	43	3	126	1248	1	0	16	35	0	0	115	0	194	2025	0	44	21	3	3	29	62	0	1	5	0	79	1051	0	1080	6	7	0	68	0	78	0	0	10	28	12	66
SGP007628	0	0	62	0	0	0	0	50	0	726	0	0	378	96	0	152	0	414	1219	0	0	0	2182	51	1261	1760	0	0	110	10	35	0	0	0	17	17	0	0	0	0	32	0	0	0	33	44	39	62	0	34	0	39	0	339	0	0	0	407	0	0	0	19	0	0	2	0	0	4	0	0	0	0	0	167	0	0	0	31	0	196	0	0	0	0	0	0	0	0	6	0	5	0	0	0	1
SGP007633	0	18	0	0	0	0	0	614	36	0	743	0	1013	0	0	0	126	0	0	0	0	0	0	0	2535	2	0	0	1020	0	644	0	0	19	0	203	3	6	0	0	0	0	0	0	194	104	35	53	2	0	78	0	0	0	0	0	0	133	0	104	71	76	0	26	0	0	0	163	14	0	65	0	0	568	0	0	0	25	0	561	306	6	15	0	0	0	4	179	87	139	0	3	4	5	0
SGP007641	0	0	0	0	0	0	0	273	0	946	0	0	1	0	0	0	667	0	0	0	0	0	0	836	9	2802	852	0	5	0	2	0	0	0	0	275	0	0	0	0	0	0	0	0	0	44	0	0	22	63	678	84	0	0	0	29	0	444	0	0	147	0	0	1	25	0	2	0	0	0	0	0	0	1	0	0	0	0	0	0	1673	97	0	0	0	0	19	0	0	3	0	0	0	1	0
SGP007646	0	0	58	0	0	0	0	629	0	0	0	0	18	0	0	0	0	0	3	0	0	0	0	0	20	18	0	0	0	0	463	0	0	0	86	0	0	0	0	0	2	0	0	0	15	11	102	71	50	141	0	0	0	4	0	456	0	3205	0	0	172	0	0	1	0	0	7	0	0	0	0	0	0	0	0	0	0	34	0	791	3061	44	39	146	55	0	16	0	283	0	0	0	0	0	0
SGP007651	0	6	126	0	0	744	0	59	20	0	0	0	4	0	0	19	0	0	110	0	0	0	494	162	1129	1547	0	625	1	0	20	85	0	3	187	3	0	0	0	26	25	0	0	66	20	16	34	12	0	0	836	31	3	272	374	0	8	581	15	6	57	186	1	25	230	0	0	0	6	0	28	180	0	408	0	0	0	103	0	11	133	14	17	0	0	623	0	108	41	33	0	0	0	128	0
SGP007656	842	0	69	0	0	3	40	103	0	0	0	0	0	0	0	0	552	0	201	0	0	0	0	0	1	3020	0	342	522	115	249	7	7	0	3	46	0	0	0	0	188	0	0	0	0	65	60	146	7	1	0	109	19	172	0	117	0	357	0	0	22	165	1	2	13	0	4	0	0	0	65	0	0	202	606	0	0	41	0	1023	0	0	363	21	43	0	36	0	0	2	27	0	0	0	0
SGP007148	4	5	99	6	0	6	0	750	36	0	4	1	14	0	0	0	6	0	0	0	0	0	0	4	11	0	3	1	0	0	628	1071	0	3	321	140	0	0	0	0	764	1	0	88	144	0	36	557	26	372	0	0	29	1154	7	0	0	908	0	0	1	318	4	30	0	0	30	0	1	0	0	0	0	0	0	0	0	2	0	0	0	16	0	11	0	2296	76	0	8	6	0	0	0	0	0
SGP007149	22	10	140	1	0	3	0	397	35	0	0	12	8	0	0	0	3	0	0	0	0	0	0	1	6	0	3	0	0	0	342	451	0	2	45	122	0	0	0	0	326	1	0	57	224	0	23	115	0	1953	0	104	36	881	0	1	0	830	0	0	6	250	15	9	0	0	58	0	1	0	0	0	0	0	0	0	0	6	0	1	0	0	0	5	0	1437	2040	0	15	4	0	0	0	0	0
SGP007150	14	15	310	0	0	1	0	557	52	0	1	4	4	0	0	0	37	0	0	0	0	0	1	2	3	1	2	0	0	0	211	793	0	17	80	101	0	0	0	4	434	1	0	58	241	0	33	249	4	3086	0	135	76	1637	0	1	0	572	0	0	3	363	10	19	0	0	5	0	0	0	0	0	0	0	0	0	0	4	0	4	0	1	0	22	0	607	86	0	135	5	0	0	1	0	0
SGP007151	166	27	206	3	0	8	0	234	81	0	2	12	8	0	0	0	18	0	0	0	0	0	0	4	30	0	8	3	0	0	143	429	0	13	38	51	0	0	0	36	332	0	0	39	271	16	18	211	0	2686	2	79	39	1256	0	0	0	407	0	1	33	145	11	8	0	0	49	0	1	0	0	8	7	0	0	0	0	5	0	1	0	2	211	8	0	732	1819	0	24	8	0	0	0	49	0
SGP007157	445	2	92	325	4	272	8	238	3	59	2	55	26	63	0	3	0	67	8	15	43	4	1185	52	343	317	3	46	705	82	499	0	1	18	160	20	8	7	186	29	160	1	0	4	237	0	55	235	1	16	140	67	31	474	0	0	41	1833	0	116	16	11	0	0	0	149	14	0	8	35	9	0	0	51	53	0	16	0	0	0	224	54	1	48	0	3	7	28	83	39	18	15	40	274	0
SGP007158	93	17	66	29	1	69	0	76	24	2	0	2	2	7	0	0	0	3	1	1	1	0	27	1	81	26	0	4	732	377	788	39	0	3	842	46	0	0	286	9	772	3	0	1	300	0	48	167	2	21	0	269	14	6	0	1	7	1004	0	2	4	15	0	0	0	127	113	0	2	70	0	0	0	2	5	0	1	0	0	0	316	0	0	18	0	2448	1	1	18	39	69	63	223	195	0
SGP007159	46	8	28	0	0	9	0	84	11	2	0	0	0	1	0	0	0	0	0	0	0	0	0	0	9	2	0	0	2159	577	1071	6	0	26	867	17	0	0	186	1	670	2	0	0	175	0	16	73	1	2	0	148	3	7	3	0	4	316	0	6	5	0	0	1	0	170	69	0	1	644	0	0	0	1	1	0	0	0	0	0	180	1	9	1	0	2116	2	0	7	55	40	7	30	125	0
SGP007165	0	18	260	0	0	0	0	245	13	0	0	0	118	0	0	23	0	0	21	0	0	0	0	0	39	38	0	0	849	591	223	1	0	0	154	129	0	0	0	0	338	1	1	19	174	0	44	154	4	0	9	778	52	432	0	0	0	688	0	0	0	10	1	10	1	0	0	0	0	0	0	0	0	6	27	0	0	0	3496	0	0	0	2	262	0	1	0	0	55	0	0	21	26	663	0
SGP007166	0	1	121	0	0	0	0	274	2	0	0	0	23	0	0	9	0	0	5	0	0	0	0	0	4	15	0	0	2078	907	147	4	0	0	363	285	0	0	0	0	512	2	0	32	81	0	178	130	12	0	0	1784	61	412	0	0	0	1475	0	0	10	354	23	3	0	0	1	0	0	0	0	0	0	0	17	0	0	0	549	0	0	0	0	24	0	0	0	0	64	0	0	15	26	0	0
SGP007167	0	0	165	0	0	0	0	27	0	0	0	0	7	0	0	0	0	0	0	0	0	0	0	0	0	0	0	0	1786	516	372	43	0	0	356	12	0	0	0	0	263	1	0	1	14	0	7	69	2	0	0	82	43	142	0	0	0	412	0	0	0	9	12	2	5	0	1	0	0	0	0	0	0	0	0	0	0	0	5371	0	0	0	0	142	0	0	0	0	25	0	0	28	79	2	5
SGP007168	0	11	190	0	0	8	0	1242	10	0	0	0	4	0	0	0	0	0	0	0	0	0	0	0	0	1	0	0	1862	1828	420	5	0	112	539	102	0	0	0	0	414	1	0	11	10	0	346	327	14	0	1	680	114	981	0	0	0	169	0	0	0	53	1	13	0	0	0	0	0	0	0	0	0	0	0	0	0	0	119	0	0	0	0	7	0	1	0	0	219	3	0	36	74	69	0
SGP007173	0	1	27	0	0	0	0	468	6	0	0	0	2	0	0	0	0	0	0	0	0	0	0	0	0	0	0	0	48	0	72	38	0	0	57	1304	0	0	0	0	502	1	0	17	478	0	2	501	9	6	0	361	191	13	0	0	0	124	0	0	0	3241	13	2	13	0	129	0	0	0	0	0	0	0	0	0	0	0	2	0	1	0	0	0	0	1681	20	6	596	0	0	22	6	39	0
SGP007174	0	0	89	0	0	0	0	867	4	0	0	59	41	0	0	0	10	0	0	0	0	0	0	4	18	0	7	0	2273	0	159	187	0	0	152	1657	0	0	0	0	205	1	0	24	321	0	61	328	9	27	0	404	62	1222	0	0	0	285	0	0	0	639	3	2	6	0	47	0	0	0	0	0	0	0	0	0	0	0	2	0	454	1	0	5	0	1	129	3	139	0	0	14	70	0	12
SGP007175	0	0	46	53	0	46	0	239	2	0	43	149	2560	0	0	0	184	0	0	0	0	0	0	37	63	0	38	38	8	1	1	0	0	0	18	73	0	12	0	108	286	0	11	11	339	0	30	566	3	0	166	22	61	5	0	0	0	1214	0	0	70	935	1	1	172	0	4	0	2	0	40	68	0	911	0	0	0	178	18	94	0	20	142	198	0	2	88	288	305	5	0	1	6	0	16
SGP007176	0	2	145	0	0	2	0	398	15	0	0	14	62	0	0	0	21	0	0	0	0	0	0	7	9	0	5	0	107	0	405	199	0	0	491	631	0	0	0	0	483	1	0	31	626	0	130	732	10	0	0	307	354	15	0	0	0	1019	0	0	18	2437	65	1	0	0	7	0	0	0	0	0	0	0	0	0	0	0	3	1	0	0	0	95	0	3	35	45	947	0	0	13	21	82	4
SGP007183	0	32	81	1	0	92	1	1148	58	0	0	0	63	0	0	13	0	15	0	0	0	0	0	1	49	5	0	15	0	0	1	0	0	0	126	253	0	0	0	3	0	0	0	0	896	57	32	1	80	2	81	283	327	1679	0	1	37	761	0	0	42	803	0	19	0	0	55	0	3	0	2	0	0	4	20	0	0	0	0	0	1076	0	0	15	0	1050	17	122	308	10	0	24	34	191	9
SGP007184	0	0	17	0	0	10	0	1193	0	0	0	0	169	0	0	0	0	21	0	0	0	0	0	0	71	103	0	5	0	0	6	23	0	0	34	411	0	0	0	0	0	0	0	0	1041	0	0	0	0	0	0	113	247	396	0	477	167	1650	0	0	0	163	0	0	56	0	0	0	0	0	0	0	0	25	11	0	0	0	0	0	2564	0	0	3	0	0	8	275	603	0	0	48	73	19	0
SGP007189	145	0	105	0	0	5	0	77	0	7	0	0	0	0	0	6	0	3	0	0	0	0	10	2	0	5	0	0	662	0	80	1	0	0	174	126	0	0	0	0	838	3	0	9	313	742	200	719	3	796	0	139	56	1285	0	0	59	477	0	25	0	490	105	0	36	0	108	0	0	0	0	0	0	2	8	0	0	0	15	0	186	5	9	24	0	1089	31	0	479	13	0	139	123	13	51
SGP007190	118	0	76	0	0	1	0	135	1	3	0	0	1	0	0	1	0	1	0	0	0	0	2	0	0	2	0	0	642	0	167	14	0	0	89	146	0	0	0	0	1687	5	0	4	288	663	223	1726	1	429	1	328	10	195	0	0	0	166	0	26	0	322	76	0	35	0	26	0	0	67	1	0	1	1	3	0	0	0	270	0	64	0	0	8	0	546	19	0	434	5	0	887	25	29	30
SGP007191	110	0	41	0	0	1	0	141	0	1	0	0	0	0	0	0	0	0	0	0	0	0	2	0	0	0	0	0	229	0	38	1	0	0	100	47	0	0	0	0	842	4	0	15	156	128	201	1918	4	1673	9	259	19	105	0	0	0	120	0	1	0	128	77	0	11	0	2	0	0	27	0	0	0	0	2	0	0	0	177	0	73	20	0	4	0	448	5	0	280	27	0	1680	754	119	0
SGP007192	116	0	21	8	2	8	0	50	0	19	0	0	8	0	0	72	0	27	2	0	0	0	64	33	3	83	53	11	135	0	28	0	0	0	94	13	0	0	0	86	1359	6	0	3	440	638	150	901	0	803	0	116	57	281	0	0	0	1910	0	9	8	59	22	0	8	0	3	0	0	104	8	36	1	12	36	0	0	0	57	0	121	22	0	27	0	624	34	0	358	21	0	512	184	123	11
SGP007197	2	5	181	0	0	0	0	216	12	0	0	0	0	0	0	0	0	0	0	0	0	0	1	0	6	120	0	0	0	0	1980	2834	0	0	5	2	0	0	0	1	0	0	0	0	74	0	263	3067	5	0	0	99	6	101	0	0	69	453	0	0	0	2	0	6	0	0	0	0	0	0	0	0	0	0	0	0	0	5	0	102	0	0	0	0	0	0	81	0	156	0	0	1	1	141	0
SGP007201	0	24	43	0	0	0	0	457	56	0	0	0	0	0	0	0	0	0	0	0	0	0	0	0	0	8	0	0	3883	0	3552	0	0	1	76	59	0	0	0	0	0	0	0	1	146	0	371	528	0	64	1	170	52	42	0	0	21	258	0	0	0	0	0	1	5	0	29	0	0	0	0	0	0	0	0	0	0	13	0	0	0	14	43	0	2	3	0	0	0	0	0	16	58	3	0
SGP007202	0	144	36	0	0	3	0	1092	380	4	0	0	0	0	0	0	5	0	4	0	0	0	0	0	4	13	0	1	1490	0	1416	0	0	29	141	72	0	0	0	0	0	0	0	128	601	0	480	338	24	2	0	530	34	22	0	0	1	479	0	0	6	0	0	45	0	0	292	0	0	0	0	0	0	0	0	0	0	0	0	0	0	23	515	3	639	4	0	0	1	3	0	15	56	925	0
SGP007203	0	58	113	0	0	2	0	870	106	2	0	0	0	0	0	0	0	0	1	0	0	0	0	0	3	4	0	0	1643	0	977	2	0	7	805	77	0	0	0	0	0	0	0	31	354	0	484	711	44	0	0	711	11	949	0	0	23	718	0	0	0	14	0	30	0	0	1	0	0	0	0	0	0	0	0	0	0	1	0	0	0	0	552	0	271	9	0	0	2	1	0	2	35	375	0
SGP007204	0	52	143	0	0	5	0	527	87	0	0	0	0	0	0	0	0	0	1	0	0	0	0	0	5	5	0	0	2832	0	1464	0	0	9	748	46	0	0	0	0	0	0	0	36	502	0	366	376	15	0	0	405	75	76	0	0	43	604	0	0	0	22	0	28	0	0	0	0	0	0	0	0	0	0	0	0	0	0	0	0	0	0	1098	0	392	1	0	0	4	2	0	8	22	0	0
SGP007210	0	4	22	0	0	0	0	32	8	0	0	0	2	0	0	0	0	0	0	0	0	0	0	0	0	0	0	0	2864	338	369	3	0	2	87	26	0	0	340	0	884	3	0	26	221	3	19	313	7	10	0	66	10	1826	0	0	0	291	0	0	0	198	53	2	143	281	0	0	0	10	0	0	2	0	4	0	0	0	0	0	0	0	0	5	4	101	0	0	27	0	0	296	1093	0	1
SGP007211	0	4	34	0	0	3	0	52	7	1	0	0	0	0	0	0	0	0	0	0	0	0	0	0	0	0	0	0	237	304	142	0	0	5	405	116	0	0	130	0	576	2	0	65	125	14	74	455	28	4	0	37	6	2345	0	0	0	60	0	2	0	203	107	6	44	215	167	0	0	0	0	0	5	0	2	0	0	0	0	0	1	0	0	1	1	969	0	0	78	0	0	844	2122	0	0
SGP007212	5	1	102	2	0	9	0	155	2	6	0	0	25	0	0	0	1	0	0	0	0	0	5	0	0	0	0	0	4157	71	166	0	0	0	19	22	0	0	281	0	583	3	0	13	44	38	16	347	4	20	0	52	22	1139	0	0	0	1409	0	4	0	384	120	0	0	296	96	0	0	0	0	0	4	1	14	0	0	0	0	0	10	0	0	1	0	228	3	0	61	1	0	6	47	2	0
SGP007213	23	0	18	0	0	0	0	1477	0	7	0	0	178	0	0	0	125	0	8	0	0	0	182	0	13	0	0	0	336	206	439	83	0	0	10	276	0	0	748	0	1162	4	0	0	29	0	134	780	26	5	0	163	234	8	0	0	0	447	0	0	15	514	45	1	47	131	44	0	0	0	0	0	0	0	0	0	0	0	0	0	11	0	65	8	0	4	609	0	1182	0	0	28	158	0	17
SGP007594	258	1	3	140	14	392	20	8	3	58	0	0	612	3866	0	441	0	99	1	0	0	0	117	16	2181	162	39	118	210	27	47	0	1	5	0	7	23	3	0	0	40	0	10	12	23	0	5	48	0	0	6	11	8	106	95	0	3	287	3	110	1	0	0	0	0	3	0	0	0	0	84	50	0	36	57	0	0	2	0	0	0	50	0	59	13	0	0	0	0	3	0	0	2	0	0
SGP007595	431	3	13	221	19	827	25	10	17	126	0	0	130	1153	0	463	0	352	1	0	0	0	1465	8	1440	904	24	281	182	40	54	0	4	17	9	4	25	3	0	5	110	0	3	10	104	0	12	99	0	0	0	19	55	11	3	0	1	480	56	102	16	0	0	0	0	13	0	0	0	0	105	30	0	32	125	0	0	45	0	2	0	14	54	114	95	0	0	5	6	16	5	1	1	0	0
SGP007599	0	0	0	0	0	304	37	94	1	0	0	0	76	1128	17	0	0	735	24	0	0	0	587	294	2693	838	67	253	0	0	44	0	13	0	0	59	0	0	0	0	11	0	136	0	39	47	0	47	1	3	0	0	5	0	0	0	0	718	0	0	32	0	0	0	6	0	0	585	3	0	91	0	0	293	53	0	139	208	0	14	0	0	0	275	0	0	0	0	0	1	0	0	0	24	5
SGP007600	0	2	65	0	0	720	15	124	7	0	0	0	72	316	109	0	0	284	61	0	0	0	862	35	1354	1698	156	186	0	0	439	0	0	0	33	18	0	0	0	1	53	0	36	9	77	34	25	85	2	20	32	22	14	348	0	0	14	560	0	8	5	0	0	4	0	0	2	121	1	0	56	10	0	145	102	0	80	416	0	18	944	10	0	179	0	0	0	0	1	0	0	0	0	8	0
SGP007602	814	0	0	0	0	0	0	493	0	189	0	0	1632	40	0	0	277	0	30	0	0	0	0	0	480	222	0	72	24	0	203	0	0	0	39	92	0	0	0	0	0	0	0	0	0	18	0	0	0	515	218	254	0	0	0	0	0	3859	0	0	0	125	0	0	0	0	0	0	0	0	0	0	0	0	56	0	0	0	0	71	0	0	0	0	0	0	0	0	276	0	0	0	0	0	0
SGP007603	800	3	69	2	0	4	0	334	1	140	4	0	43	0	0	0	8	0	59	0	2	0	0	1	247	1571	43	162	0	0	593	0	1	0	130	28	0	0	0	1	0	0	3	0	38	72	19	229	2	98	22	64	2	480	0	18	114	1396	0	20	9	236	0	2	20	0	52	216	0	0	23	0	0	0	396	0	0	0	0	1	869	3	125	57	54	955	17	36	73	0	0	4	15	0	17
SGP007606	0	2	3	229	3	1954	65	61	2	354	337	0	0	0	0	0	116	0	54	0	0	73	0	53	435	2466	0	789	197	0	160	0	12	2	58	11	0	0	0	21	0	0	4	10	55	0	14	31	8	122	62	23	14	5	0	0	0	850	0	60	9	0	0	1	3	0	0	0	0	0	625	241	7	0	0	0	0	190	0	79	0	2	0	29	66	0	0	0	32	0	0	0	0	0	0
SGP007607	0	9	9	91	7	1009	38	141	14	384	165	0	0	0	0	0	32	0	33	0	0	59	0	45	733	2884	0	426	1259	0	189	0	18	8	103	4	0	0	0	13	0	0	1	13	211	0	44	46	4	1	112	17	12	209	0	0	3	676	0	91	15	27	0	2	1	0	0	0	1	0	266	67	4	0	0	0	0	214	0	65	0	0	0	98	90	0	0	15	17	4	0	0	0	0	0
SGP007611	0	0	57	27	0	262	15	286	3	0	5	2320	905	0	1	0	402	0	0	0	0	0	0	92	1097	1	254	0	0	0	539	0	0	0	14	74	0	7	0	4	198	0	0	11	163	0	5	90	0	2	16	124	77	68	1	383	0	695	0	0	10	147	11	3	0	0	0	0	4	0	46	9	2	800	357	0	0	0	0	2	0	3	0	238	0	0	2	55	110	0	0	0	3	0	0
SGP007612	0	0	55	23	0	331	36	103	2	0	19	1583	1473	0	0	0	744	0	0	0	0	0	0	284	1112	1	312	0	0	0	131	0	0	0	3	26	0	22	0	2	65	0	0	12	60	0	5	26	0	3	2	16	15	1	0	303	0	676	0	2	18	62	3	0	0	0	0	0	4	0	66	19	2	288	394	0	0	0	0	0	1478	73	0	6	0	0	1	82	53	0	0	1	1	5	0
SGP007616	0	0	82	0	0	446	6	203	3	0	0	2	2	571	205	0	70	364	41	0	0	0	504	4	314	1397	0	88	0	0	257	90	0	0	23	19	0	0	0	0	88	0	7	31	81	13	49	213	0	35	130	76	12	1017	0	0	71	867	0	3	0	213	0	0	5	0	11	521	0	0	37	37	0	31	54	0	101	151	0	9	0	415	0	543	195	0	7	176	109	0	0	0	1	0	0
SGP007617	0	1	20	1	0	794	69	22	3	0	0	0	14	703	400	0	41	396	111	0	0	0	272	15	1688	1525	37	274	29	0	81	103	0	0	16	3	0	0	0	0	33	0	71	7	4	29	5	24	0	2	100	4	4	284	0	3	19	596	0	57	2	104	3	0	5	0	3	0	0	0	304	207	0	137	32	0	109	142	0	13	0	21	645	56	165	0	0	101	19	2	0	0	2	0	70
SGP007621	59	0	5	255	92	826	67	20	0	171	54	0	152	0	201	7	260	0	161	0	126	6	0	1	1598	1205	44	557	82	46	9	0	4	0	5	8	38	70	0	0	37	0	5	15	37	0	0	21	0	6	9	17	1	57	406	12	49	459	0	0	1	30	11	0	1	0	2	0	1	148	400	27	11	395	1102	0	83	16	0	1	224	4	0	48	24	203	0	0	4	3	0	0	0	0	0
SGP007622	19	0	9	360	221	744	46	44	0	111	7	0	118	0	206	25	194	0	83	0	106	4	0	0	784	1383	19	675	346	66	39	0	8	0	12	8	22	79	0	20	83	0	0	43	120	0	10	84	0	5	15	39	4	113	404	29	179	585	13	1	0	162	10	0	0	0	0	5	0	536	227	39	41	293	607	0	19	12	0	0	227	4	2	69	84	0	0	0	169	6	0	0	0	0	0
SGP007626	0	0	0	1	0	23	0	142	0	84	0	0	27	31	0	975	2085	0	3	0	0	0	6	16	43	3584	3	50	0	0	87	0	0	0	3	2	0	0	0	7	71	0	0	0	0	0	48	210	0	125	0	0	27	1	0	0	0	258	0	0	0	0	0	0	10	0	15	850	0	0	0	0	0	21	15	0	0	0	0	0	338	0	59	218	0	0	63	0	100	0	0	1	2	238	155
SGP007627	0	0	0	0	0	0	0	139	0	0	0	0	1	0	0	0	0	0	0	0	0	0	0	0	7	12	0	0	6	0	252	0	0	0	0	0	0	0	0	0	106	0	0	0	0	0	0	732	0	24	0	0	0	0	0	0	0	3326	0	0	0	0	0	0	0	0	80	1725	0	0	0	0	0	0	0	0	0	0	0	0	6	0	2231	88	0	0	451	0	524	0	0	2	0	15	271
SGP007631	36	0	34	33	5	599	26	45	0	208	487	0	24	0	5	281	211	0	20	0	91	1	0	0	856	2180	32	628	171	144	52	0	11	0	10	39	45	22	0	8	152	0	6	7	117	0	34	52	0	1	235	6	7	144	64	0	27	622	0	0	3	112	0	0	1	0	0	0	7	0	203	206	0	350	57	0	75	24	0	2	706	77	0	89	0	281	0	0	20	7	0	0	2	1	0
SGP007632	355	0	65	0	0	0	12	189	0	45	0	0	409	0	105	478	834	0	80	0	556	0	0	23	693	3043	1	46	219	0	4	0	0	0	10	6	0	0	0	0	126	0	24	13	32	0	80	147	0	67	93	119	1	0	0	0	11	346	0	0	0	77	3	0	10	0	0	0	0	0	258	0	0	998	32	0	133	1	0	0	4	1	0	65	0	0	0	63	111	0	0	2	4	0	8
SGP007636	0	13	36	36	4	435	3	440	27	26	188	0	0	0	0	0	13	0	7	0	0	27	0	4	789	807	0	423	2064	355	1169	0	12	105	144	3	0	1	0	4	159	0	1	10	206	0	76	81	57	1	1	94	9	0	10	0	7	992	0	76	43	0	0	19	0	0	2	0	4	0	68	39	0	0	0	0	0	400	0	27	0	8	0	0	0	458	0	0	1	13	0	0	0	3	0
SGP007637	0	13	41	14	9	458	7	183	23	51	135	0	0	0	0	0	22	0	16	0	0	16	0	13	1230	926	0	124	2239	263	619	0	9	110	304	6	2	3	0	15	312	1	1	22	40	0	65	123	33	0	7	139	8	10	24	0	47	707	0	111	52	1	0	17	0	0	4	0	7	0	36	0	0	0	0	0	0	256	0	50	0	84	0	0	0	946	0	0	3	7	0	9	4	23	0
SGP007639	0	0	0	0	0	0	0	1122	0	0	2	0	1	0	0	0	32	0	2	0	0	0	0	0	75	919	273	0	15	0	119	151	0	0	0	0	0	0	373	0	255	0	0	0	0	0	313	770	0	453	0	0	0	0	0	0	0	628	0	0	27	0	0	0	45	593	0	0	0	0	0	0	0	0	0	0	0	0	2481	0	0	0	0	0	0	0	0	0	0	0	0	14	22	0	1312
SGP007640	0	0	0	0	0	0	0	277	0	0	0	0	0	0	0	0	0	0	0	0	0	0	0	0	1681	5141	0	0	17	0	2	0	0	0	0	0	0	0	49	0	24	0	0	0	0	0	4	51	0	2160	0	0	0	0	0	0	0	86	0	0	20	0	0	0	0	25	0	28	0	0	0	0	0	1	0	0	0	0	155	0	0	0	0	0	0	0	2	0	0	0	23	5	9	0	239
SGP007644	5	0	23	0	0	171	29	104	0	221	34	0	487	0	52	56	0	0	33	0	0	0	0	0	361	1181	169	165	561	261	137	0	0	0	105	24	0	0	0	0	164	0	10	2	39	1	21	93	0	18	130	108	42	3	0	0	24	3893	0	0	3	120	0	0	0	0	0	0	0	0	29	75	0	132	0	0	0	6	0	0	628	0	0	239	0	0	0	0	40	0	0	0	0	0	0
SGP007645	271	1	19	1	2	800	67	10	4	90	34	0	265	0	88	341	0	149	444	0	0	0	0	0	598	2190	142	235	814	133	129	0	2	0	26	0	0	0	0	5	70	0	13	0	51	19	27	38	0	17	68	26	15	43	0	0	42	1061	0	140	7	264	0	2	2	0	0	0	5	0	100	71	0	202	0	0	0	19	0	2	457	6	232	86	32	0	0	0	9	3	0	5	6	0	0
SGP007649	0	0	44	17	0	9	0	290	0	308	53	0	2075	0	0	0	195	0	566	0	73	0	0	59	1270	1	20	195	0	0	171	0	4	0	49	67	0	0	0	0	0	0	1	0	29	123	63	254	8	0	22	126	24	815	0	0	220	1194	0	46	60	0	0	13	2	0	14	0	3	0	191	0	0	0	632	0	0	10	0	204	0	0	0	336	0	0	48	0	91	2	0	0	1	1	0
SGP007650	0	0	21	23	0	14	0	26	0	824	24	0	2593	0	0	0	158	0	1440	0	42	0	0	39	1192	1	22	229	0	0	84	0	4	0	19	9	0	0	0	0	0	0	4	0	2	192	50	76	3	2	22	17	9	228	0	0	95	964	0	113	60	12	0	1	0	0	5	0	0	0	396	0	0	0	302	0	0	21	0	417	0	0	0	179	0	0	2	30	33	1	0	0	1	0	1
SGP007654	61	10	6	289	21	627	19	49	11	60	40	0	459	0	97	121	116	0	232	0	107	9	0	0	1230	2187	0	466	129	111	125	0	4	31	244	0	37	8	0	14	440	1	3	15	127	0	10	72	6	55	245	106	4	450	0	16	84	313	0	6	5	8	0	11	0	0	0	0	9	0	112	17	171	125	202	0	4	15	0	3	70	26	0	23	0	202	2	68	25	16	0	0	8	3	0
SGP007655	7	1	8	443	36	524	170	16	1	43	404	0	219	0	85	104	101	0	19	0	219	0	0	2	4304	679	22	522	0	0	2	0	12	0	24	1	21	24	0	7	52	0	14	4	8	0	3	3	0	11	259	3	0	9	0	10	2	180	0	2	0	49	2	1	0	0	0	0	1	130	115	79	116	181	125	0	37	55	0	4	344	43	75	26	0	0	0	18	6	7	0	0	6	0	0
SGP007659	417	1	33	5	1	1646	31	38	4	0	82	0	169	0	0	354	8	509	2	0	0	58	171	23	445	1489	21	312	949	35	77	1	4	2	33	10	2	2	0	24	188	0	18	17	40	0	36	60	0	3	14	45	4	89	40	0	0	425	0	0	4	101	0	0	0	0	2	98	1	0	198	0	9	435	117	0	0	41	0	27	313	0	0	19	0	681	1	0	8	7	0	0	0	0	0
SGP007660	224	1	56	16	1	315	21	41	2	0	129	0	6	0	0	122	12	523	5	0	0	20	537	33	791	2627	42	95	1145	33	49	80	3	0	54	5	3	1	0	2	363	1	4	9	43	4	46	49	0	9	15	13	3	78	1	102	0	405	0	0	4	220	1	0	0	0	0	0	1	0	65	2	1	369	139	0	0	17	0	2	272	0	0	79	32	638	15	0	2	3	0	0	1	0	0
MET1	0	0	0	0	0	1618	0	0	0	0	0	0	0	0	0	0	0	0	0	0	0	0	0	0	782	1438	0	4125	0	0	0	0	0	0	0	0	0	0	0	0	0	0	0	0	0	0	0	0	0	0	0	0	0	0	0	0	0	1203	0	0	0	0	0	0	0	0	0	0	0	0	834	0	0	0	0	0	0	0	0	0	0	0	0	0	0	0	0	0	0	0	0	0	0	0	0
MET103	0	0	25	40	509	4	2	7	0	38	0	0	488	0	0	0	0	0	151	0	0	0	0	326	188	145	280	63	0	0	0	0	0	0	3	0	0	0	434	0	81	0	0	0	32	0	0	254	0	0	0	0	31	6	0	0	0	171	0	0	0	0	0	0	0	49	0	0	0	0	9	22	0	37	0	0	48	0	6134	0	45	26	0	309	0	0	0	0	35	0	5	0	0	0	0
MET107	0	0	0	0	0	0	0	0	0	0	0	0	4233	0	102	0	1149	0	0	0	0	0	812	0	596	0	0	0	0	0	0	0	0	0	0	0	0	0	0	0	16	0	0	0	0	0	0	38	0	0	0	0	0	43	0	0	0	540	0	0	0	0	0	0	0	0	0	0	0	0	0	0	0	9	0	0	0	0	0	0	1010	0	383	528	0	0	541	0	0	0	0	0	0	0	0
MET111	0	0	0	0	0	0	0	0	0	0	0	0	0	0	0	0	0	0	71	0	0	0	0	0	0	0	0	0	0	0	6414	0	0	0	0	0	0	0	0	0	0	0	0	0	0	0	0	0	0	0	0	60	0	0	0	0	0	2387	0	0	0	0	0	0	0	0	0	0	0	0	0	0	0	0	0	0	0	0	0	0	108	0	321	640	0	0	0	0	0	0	0	0	0	0	0
MET116	387	0	0	14	0	0	0	222	0	234	0	0	198	0	0	127	6	0	468	0	132	0	0	101	2083	1759	4	0	0	9	40	116	0	0	0	49	0	0	0	0	22	0	0	0	32	8	10	199	11	0	78	0	0	958	0	86	169	896	0	0	18	22	0	0	0	0	0	0	1	0	97	0	0	130	101	0	0	21	0	0	309	38	539	121	2	0	0	37	0	24	0	42	81	0	0
MET120	0	0	125	0	0	0	0	311	0	0	0	0	0	0	0	0	18	0	1705	0	712	0	0	76	900	1730	0	96	0	83	230	56	0	0	0	5	0	0	0	0	0	0	0	0	0	0	57	0	38	5	0	28	0	445	0	0	0	922	0	0	14	0	0	0	0	0	0	0	0	0	0	0	0	0	808	0	0	273	0	3	0	135	640	0	506	77	0	0	0	0	0	0	0	0	0
MET124	0	0	43	0	0	0	0	280	0	0	0	0	0	0	0	0	1510	0	0	0	0	0	0	350	0	0	0	0	9	0	52	0	0	0	257	0	0	0	0	45	0	0	0	4	49	0	20	52	18	9	938	11	0	92	215	53	0	2237	0	0	15	108	88	0	0	0	0	0	0	0	0	0	0	0	0	0	0	0	0	0	1284	126	1220	714	17	179	3	0	0	0	0	0	0	0	0
MET129	37	0	0	276	35	830	93	2	0	77	0	0	73	357	0	10	0	46	10	425	0	15	651	92	1229	687	148	168	89	0	119	0	0	0	0	0	4	29	0	6	83	0	21	8	29	0	0	70	0	25	57	0	10	135	355	16	0	1508	10	23	5	69	5	0	0	24	0	39	0	0	370	35	0	260	586	0	200	6	0	0	464	0	40	11	0	0	0	22	10	0	0	0	0	0	0
MET133	58	0	24	19	0	349	0	0	0	0	0	0	165	0	0	0	180	0	832	2337	0	298	2036	37	580	405	0	573	0	0	0	0	0	0	48	0	0	0	0	0	14	0	62	0	29	1	0	10	0	23	9	11	0	0	0	137	4	612	18	23	0	13	3	0	0	0	0	76	0	5	215	34	0	54	56	0	0	0	0	0	316	36	10	0	196	0	0	26	47	19	0	0	0	0	0
MET138	5078	0	0	0	0	0	0	0	0	0	0	0	0	0	0	0	0	0	0	0	0	0	0	0	0	0	0	0	0	0	0	0	0	0	0	0	0	0	0	0	0	0	0	0	0	0	0	0	0	952	0	0	0	236	0	0	0	1501	0	0	666	0	359	0	0	0	0	0	0	0	0	0	0	0	0	0	0	0	0	0	937	0	192	0	80	0	0	0	0	0	0	0	0	0	0
MET14	0	0	45	0	0	0	0	29	0	1004	0	0	0	0	0	0	29	0	839	0	0	0	0	43	2114	4615	305	0	0	0	0	0	0	0	0	5	0	0	0	0	0	0	0	0	0	0	0	58	0	39	288	0	0	3	0	0	9	278	0	0	30	51	0	0	12	0	0	0	0	0	0	0	0	0	0	0	0	42	0	0	0	0	0	6	0	0	33	9	7	0	0	0	0	27	80
MET142	0	0	19	3	0	686	0	38	0	0	0	184	750	0	0	8	1	0	91	0	0	14	0	0	1155	825	327	152	79	0	142	0	0	0	0	48	0	0	0	0	0	0	0	0	97	0	14	161	0	0	20	16	0	627	0	57	53	1189	0	0	12	54	0	0	2	0	0	59	0	0	38	0	0	172	79	0	0	0	0	0	735	0	408	860	62	650	4	93	0	0	0	5	10	0	0
MET147	0	0	3	0	10	0	0	17	0	913	0	0	0	0	0	0	399	0	0	0	0	0	0	0	2267	2320	221	1018	0	0	0	0	0	0	66	0	0	0	0	0	27	0	0	0	0	0	0	0	0	0	99	2	0	320	0	63	0	576	0	0	6	10	0	0	0	0	0	0	0	0	112	0	0	384	0	0	0	6	0	0	374	90	299	66	186	95	0	50	0	0	0	0	0	0	0
MET152	0	0	0	35	0	3549	33	0	0	140	38	0	526	0	0	0	0	61	43	0	412	0	688	18	717	307	0	1177	0	0	0	0	130	0	0	0	0	0	0	0	34	0	0	0	0	0	0	0	0	0	0	0	0	0	0	0	0	708	0	0	0	5	0	0	0	0	0	0	0	0	744	0	0	73	47	0	0	210	0	238	50	0	0	0	18	0	0	0	0	0	0	0	0	0	0
MET157	273	0	0	0	0	1169	81	0	0	182	268	0	0	0	0	298	0	0	453	0	91	0	2178	39	2095	1740	0	0	87	37	46	0	0	0	9	0	0	3	0	0	72	0	42	0	0	0	0	13	0	29	0	0	0	159	3	0	0	210	0	40	6	0	0	0	0	0	0	0	0	0	88	0	0	99	110	0	0	0	0	0	13	0	0	6	0	0	0	0	3	0	0	0	58	0	0
MET162	0	0	25	0	0	0	5	30	0	0	0	0	0	0	105	0	94	0	354	0	0	0	0	12	1553	3552	120	410	185	27	29	0	0	0	59	14	0	0	0	0	30	0	0	0	76	0	2	43	0	0	1233	16	0	0	0	0	0	740	0	0	0	0	0	0	0	10	0	0	0	0	199	0	0	0	0	0	0	0	0	0	0	0	919	12	140	0	0	0	0	0	0	0	7	0	0
MET166	0	0	0	0	15	0	0	0	0	480	0	0	2955	0	0	0	0	0	387	0	0	0	0	120	3205	0	16	0	38	12	18	0	0	0	5	20	31	6	0	5	0	0	0	0	35	0	4	0	0	0	264	0	0	0	39	0	0	801	0	0	9	0	0	0	0	0	0	0	0	0	0	0	0	365	0	0	0	121	0	3	0	0	0	0	0	1033	0	0	0	0	0	0	11	0	0
MET171	0	0	34	0	0	0	0	0	0	0	0	0	3450	0	0	0	0	0	0	0	0	0	0	0	1556	0	0	0	0	430	1110	0	0	0	0	246	0	0	0	0	0	0	0	0	0	0	0	0	0	6	3	0	0	0	0	0	0	214	0	0	0	36	0	0	8	0	0	0	0	0	0	0	0	0	0	0	0	0	0	0	1681	0	438	0	0	0	715	0	0	0	0	0	0	0	73
MET175	0	4	4	122	25	1263	6	32	7	104	0	0	0	0	0	0	0	133	1462	0	0	0	0	24	2215	775	0	576	15	0	0	0	0	0	0	0	0	0	0	0	5	0	0	0	4	0	4	66	0	7	0	2	0	405	0	0	13	640	0	11	6	15	0	0	0	0	0	145	0	0	38	0	0	222	0	0	0	96	0	0	1427	0	39	58	0	0	0	22	0	7	0	0	0	0	0
MET179	389	0	0	10	10	0	0	13	0	26	0	0	0	0	0	0	0	71	54	0	0	15	0	85	72	213	4	38	125	24	3	0	6	0	23	0	0	0	0	4	43	0	0	0	0	0	7	41	0	0	0	0	3	23	0	4	16	246	0	13	5	12	4	0	0	0	0	198	0	27	82	0	0	48	44	0	0	0	7479	11	227	0	28	130	93	0	0	0	28	0	0	0	0	0	0
MET183	0	0	0	0	0	0	0	0	0	0	0	0	0	0	0	0	0	0	680	0	0	0	0	0	7049	0	0	0	0	0	0	0	0	0	0	0	0	0	0	0	0	0	0	0	0	0	0	0	0	0	0	0	0	0	0	0	0	2271	0	0	0	0	0	0	0	0	0	0	0	0	0	0	0	0	0	0	0	0	0	0	0	0	0	0	0	0	0	0	0	0	0	0	0	0	0
MET187	0	0	93	0	0	0	0	423	0	0	0	0	0	0	42	0	12	212	0	0	0	0	1554	5	122	3271	91	132	11	0	61	0	0	0	0	203	0	0	0	0	563	0	0	102	214	0	130	977	0	0	54	0	0	0	0	0	0	927	0	0	0	0	0	0	0	0	0	0	0	0	23	0	0	129	0	0	0	0	0	0	276	0	0	0	0	0	122	250	0	0	0	0	0	0	0
MET19	0	0	39	0	0	11	5	57	0	273	0	0	2927	0	0	0	0	452	251	0	0	0	0	234	350	0	181	0	0	0	0	0	0	0	42	16	0	0	0	0	0	0	100	0	16	0	0	115	9	211	0	5	39	1	0	201	0	1619	0	0	10	0	3	0	0	0	0	0	0	0	30	5	0	151	0	0	0	0	0	0	70	0	2032	0	0	0	135	0	370	0	0	0	0	0	37
MET191	0	0	0	376	3	1889	534	194	0	558	0	0	0	0	0	0	0	0	653	0	0	0	0	136	798	156	254	272	228	134	154	0	0	0	0	0	0	0	0	0	0	0	0	0	102	0	0	115	0	0	0	0	0	0	0	0	134	685	453	0	0	389	0	0	0	0	0	0	0	22	535	0	67	79	584	0	0	160	0	84	0	18	119	0	88	0	0	0	0	19	7	0	0	0	0
MET195	0	0	0	0	0	0	0	0	0	0	0	0	0	0	0	0	0	0	0	0	0	0	2282	0	0	1745	0	0	101	0	194	0	0	0	0	0	0	0	0	0	0	0	0	0	0	0	0	0	0	0	0	0	0	1961	0	969	0	0	0	0	0	31	0	0	0	0	0	0	0	0	0	0	0	0	0	0	0	0	0	0	1366	125	932	0	0	0	237	0	56	0	0	0	0	0	0
MET199	0	1	0	0	0	0	8	0	17	0	0	0	0	0	0	0	0	0	0	0	0	0	1664	815	5569	0	1302	0	0	0	0	0	0	0	0	0	0	0	0	0	0	0	0	0	0	0	0	0	0	0	59	0	0	0	55	0	0	304	0	14	0	0	0	0	21	0	0	0	0	0	0	0	0	0	0	0	0	0	0	0	0	0	0	6	0	164	0	0	0	0	0	0	0	0	0
MET203	0	10	0	0	0	0	10	0	16	213	0	0	0	0	0	31	35	0	274	776	0	164	1776	0	2763	728	0	983	11	21	31	0	0	18	7	0	2	0	0	0	57	0	0	0	21	0	0	0	0	0	144	0	0	226	0	0	0	514	0	0	49	0	0	0	0	0	0	0	9	0	83	0	0	67	336	0	0	0	0	19	146	0	0	30	229	0	0	0	0	14	52	22	78	0	35
MET208	11	0	16	259	4	1087	8	0	0	46	100	0	26	14	97	11	0	77	12	0	1	95	0	1	1163	1498	86	1664	0	24	0	0	18	0	2	279	31	37	0	0	130	0	14	22	98	0	10	9	0	0	22	4	29	0	96	43	23	745	3	0	8	21	49	0	0	153	0	0	0	9	241	1	0	646	46	0	53	8	0	0	0	175	0	353	0	139	0	0	73	0	56	0	0	56	0
MET212	0	3	24	1	0	619	0	251	16	0	0	0	0	0	0	0	52	49	214	0	0	0	0	203	889	742	430	720	5	0	84	189	128	0	0	530	0	0	0	0	0	0	65	0	0	0	28	117	3	1	0	19	46	1690	0	0	70	681	0	0	45	87	0	0	0	0	0	89	0	0	110	0	0	346	211	0	0	93	0	2	0	0	898	73	0	0	111	56	0	9	0	0	0	0	0
MET216	0	5	46	0	0	0	0	139	10	16	0	0	0	0	0	0	0	79	349	0	0	0	35	13	400	644	0	0	120	36	43	0	0	0	15	11	0	0	0	0	192	0	0	0	203	14	22	163	0	0	126	24	0	2358	0	0	0	1765	0	2	0	117	0	0	0	5	0	624	0	0	0	0	0	29	30	0	0	2	0	0	0	0	1676	670	0	0	0	0	15	0	0	0	0	0	0
MET221	0	0	72	0	0	638	32	261	0	587	0	0	0	0	0	0	0	21	589	0	0	0	645	0	0	1762	0	0	0	0	221	0	0	0	94	9	0	0	0	59	150	0	0	8	0	11	118	850	14	0	0	35	105	24	0	0	137	1427	0	323	6	110	0	0	0	0	0	0	36	0	0	0	0	297	170	0	0	624	0	6	15	22	0	187	181	0	29	0	125	0	0	0	0	0	0
MET226	0	0	0	0	0	0	0	0	0	0	0	0	0	0	0	0	0	0	1889	0	0	0	0	398	0	5704	0	0	0	0	0	0	0	0	0	0	0	0	0	0	0	0	0	0	0	5	0	0	83	0	0	0	0	0	0	0	0	4	0	0	171	0	0	0	0	0	0	0	0	0	0	0	0	1469	0	0	0	0	45	44	0	0	0	0	0	0	145	0	0	42	0	0	0	0	0
MET23	0	0	0	0	0	0	0	0	0	0	0	0	0	0	0	0	0	0	0	0	0	0	0	0	0	0	0	0	0	0	0	0	0	0	0	0	0	0	0	0	0	0	0	0	0	0	0	0	0	0	0	0	0	2573	0	0	0	1763	0	0	0	590	0	0	0	0	0	126	0	0	0	382	0	0	0	0	0	0	0	1645	0	0	1048	1697	0	175	0	0	0	0	0	0	0	0	0
MET230	0	6	9	174	0	2672	0	48	15	0	0	0	0	0	145	0	288	0	835	0	0	0	1157	0	520	517	134	298	58	59	35	19	1	0	0	4	0	0	0	0	18	0	178	1	32	10	2	76	0	24	29	42	4	8	13	3	13	830	0	10	17	11	0	0	0	0	0	0	0	0	526	20	46	104	94	0	0	45	0	2	102	103	18	63	543	0	0	0	16	2	0	0	0	0	0
MET27	0	0	39	75	0	1974	0	0	0	44	0	0	29	0	0	16	0	30	0	428	0	0	431	0	248	921	0	1615	124	0	82	0	0	6	118	0	0	0	0	0	194	0	0	0	242	0	0	444	0	0	0	0	0	64	0	0	8	759	0	0	461	0	0	0	0	0	0	116	0	0	407	0	0	236	122	0	0	0	240	0	0	32	0	0	0	308	0	185	0	0	0	0	0	0	0
MET31	0	7	0	12	0	1091	75	12	7	0	81	0	1040	0	0	0	16	206	621	0	0	0	253	703	2359	403	0	0	0	0	0	0	2	0	14	0	20	6	0	0	20	0	387	2	180	0	0	16	0	131	38	0	0	255	0	0	0	467	0	242	3	51	0	0	0	0	0	0	0	0	582	15	0	81	231	0	0	19	0	185	0	0	2	27	74	0	0	59	0	4	0	0	0	0	0
MET36	0	0	17	0	0	0	0	510	0	130	0	0	0	0	0	0	0	0	98	0	0	0	0	0	194	1425	0	0	220	230	926	372	0	0	89	91	0	0	0	0	0	0	0	160	242	0	18	748	27	0	0	51	3	0	0	0	0	1565	0	0	83	91	0	0	0	0	0	0	0	0	0	0	0	493	0	0	0	0	0	0	0	80	0	1994	61	0	0	0	76	0	0	0	5	0	0
MET40	0	0	0	0	3	482	73	11	0	133	58	0	206	0	0	636	0	83	19	0	3	56	1831	236	2110	640	24	535	1	0	0	0	0	0	6	0	1	31	0	17	13	0	5	0	39	0	4	26	0	0	3	8	0	196	0	0	0	218	0	12	0	0	0	0	0	0	0	34	0	0	146	0	0	1152	465	0	33	0	0	0	0	7	0	44	399	0	0	0	0	0	2	0	0	0	0
MET44	0	0	13	8	0	880	0	0	0	122	4	0	118	77	0	31	13	57	66	0	125	44	133	251	256	447	93	125	10	0	0	0	0	0	0	17	0	0	20	20	62	0	19	0	13	0	0	31	0	105	95	4	0	743	0	108	0	511	21	0	0	20	0	0	8	6	0	78	0	46	177	63	76	142	245	312	105	0	3815	0	83	0	66	25	0	55	0	30	4	0	0	0	0	0	0
MET49	0	0	6	24	0	971	11	41	0	595	0	0	0	1336	100	0	6	0	576	271	226	0	174	80	1443	1286	77	28	0	0	5	0	1	0	114	7	0	0	0	16	41	0	0	0	49	0	11	40	0	0	104	28	5	1188	0	0	43	367	0	0	42	61	3	0	0	0	0	0	0	0	129	6	0	95	230	0	0	4	0	0	0	0	0	151	0	0	4	0	0	2	0	2	4	0	0
MET5	0	0	0	0	0	0	0	0	0	0	0	0	0	0	0	0	0	0	0	0	0	0	0	0	0	0	0	0	0	0	0	0	0	0	0	0	0	0	0	0	0	0	0	0	0	0	0	0	0	10000	0	0	0	0	0	0	0	0	0	0	0	0	0	0	0	0	0	0	0	0	0	0	0	0	0	0	0	0	0	0	0	0	0	0	0	0	0	0	0	0	0	0	0	0	0
MET54	0	0	0	0	0	0	0	0	0	0	0	800	0	0	0	0	0	0	0	5188	0	0	0	0	0	680	0	0	0	0	40	0	0	0	0	0	0	0	0	0	0	0	0	0	0	0	37	0	0	0	0	0	0	0	0	1576	0	253	0	0	0	4	0	0	18	0	0	0	0	0	0	0	0	0	0	0	0	0	0	0	935	0	0	0	0	0	454	0	0	0	0	0	0	0	16
MET58	0	0	305	5	0	0	0	1244	0	47	0	0	0	83	0	0	0	0	22	0	0	0	74	1	91	452	3	30	42	138	503	34	0	0	60	31	0	0	0	0	196	0	0	0	84	7	25	593	0	15	1107	76	30	29	0	0	29	2665	0	1	0	202	9	0	51	0	224	0	0	0	1	4	0	32	10	0	0	0	0	0	334	0	0	4	79	0	0	0	501	0	0	100	405	0	23
MET63	13	0	22	0	74	12	1	17	0	12	10	0	220	0	0	0	0	0	41	0	26	0	48	34	76	0	0	0	54	0	0	0	21	0	58	2	0	4	0	5	263	0	0	44	152	0	5	143	0	0	0	47	7	1049	28	55	0	676	0	0	0	26	11	0	0	0	0	0	6	8	210	73	0	36	67	0	0	0	5766	0	353	2	0	0	84	8	0	0	123	0	5	0	0	0	0
MET67	0	0	36	0	0	0	38	306	0	0	0	0	0	0	0	0	0	0	0	0	0	0	0	0	0	0	0	0	0	144	561	0	0	0	96	1	0	0	0	42	327	0	0	37	5	1	64	348	14	0	1	0	0	1224	0	43	0	992	0	0	40	129	0	0	0	0	0	0	0	0	0	0	0	4771	0	0	0	0	0	0	0	0	521	132	0	0	45	0	0	0	0	0	0	0	81
MET72	0	0	0	0	0	0	0	0	0	0	0	0	0	0	0	0	0	0	0	0	0	0	0	0	0	0	0	0	0	75	0	0	0	0	83	0	0	0	0	0	0	0	0	0	0	0	0	0	0	166	8911	0	0	0	0	0	0	0	0	0	129	0	0	0	34	0	0	0	0	0	0	0	0	0	0	0	0	0	0	0	0	0	0	0	81	0	458	0	0	0	0	36	26	0	0
MET77	0	0	91	0	0	0	0	493	0	0	0	0	0	0	0	0	0	0	0	0	0	0	0	0	0	206	0	0	0	0	0	0	0	0	34	102	0	0	2290	0	0	0	0	0	0	0	0	1383	0	0	949	0	0	0	0	0	0	262	0	0	0	26	0	0	41	0	0	0	0	0	0	0	0	0	0	0	0	0	3235	0	0	0	0	0	0	0	0	0	0	0	0	765	109	0	14
MET81	0	0	0	0	0	0	0	0	0	0	0	0	34	0	0	833	0	162	16	0	0	0	5132	49	953	1892	95	0	0	0	0	0	0	0	0	0	0	0	0	0	0	0	0	0	0	0	0	0	0	0	0	0	0	374	0	0	0	255	0	0	25	0	0	0	0	0	0	0	0	0	39	0	0	90	52	0	0	0	0	0	0	0	0	0	0	0	0	0	0	0	0	0	0	0	0
MET85	172	5	9	10	0	252	0	144	25	0	0	588	524	0	0	0	0	0	59	2613	0	0	0	164	365	382	92	510	0	9	0	0	3	0	265	16	28	0	0	0	153	0	0	0	6	0	64	0	3	0	0	52	0	0	0	0	0	332	0	0	7	51	0	0	0	0	0	463	0	0	155	0	0	627	0	0	0	0	0	0	1256	0	32	561	0	0	0	0	0	1	0	0	0	0	0
MET89	0	6	120	0	0	635	0	541	0	0	0	0	0	0	0	0	170	0	0	0	0	236	0	0	1814	2638	0	794	0	0	0	0	0	0	0	152	0	0	0	0	24	0	0	0	0	0	0	41	0	0	220	17	0	522	0	0	0	1505	0	0	0	51	0	0	0	0	0	0	0	0	105	0	0	169	0	0	0	0	0	0	68	0	0	141	0	0	0	30	0	0	0	0	0	0	0
MET9	619	0	0	0	0	0	0	167	0	0	0	0	436	0	0	0	0	121	301	0	0	0	1425	137	808	1017	0	0	0	0	472	0	0	204	63	144	0	0	0	136	0	0	78	0	0	31	85	0	205	79	0	312	0	1459	0	0	0	169	0	0	339	102	0	15	0	0	1	0	0	0	134	0	0	119	157	0	0	0	0	44	136	0	0	0	0	115	74	0	0	107	0	0	0	187	0
MET94	297	0	0	0	0	50	0	0	0	0	562	0	0	0	7	0	0	0	164	0	0	0	5553	0	669	760	0	0	0	0	0	0	0	0	47	0	0	0	0	0	27	0	0	0	0	0	0	10	0	96	0	0	0	265	0	0	0	121	0	0	0	0	0	0	0	0	0	0	0	0	0	0	0	35	37	0	538	0	0	0	299	0	464	0	0	0	0	0	0	0	0	0	0	0	0
MET98	0	0	42	27	30	0	0	254	0	0	0	0	0	0	207	363	0	171	0	0	0	0	460	0	0	1335	231	0	5	58	14	395	9	0	155	0	0	0	0	0	569	0	0	22	73	22	6	393	10	47	10	133	7	0	0	88	0	1359	0	248	131	88	2	0	0	0	0	0	0	0	0	72	3	2045	0	0	237	0	0	0	0	0	28	5	0	0	0	109	38	1	458	0	0	38	0
MET100	372	14	20	2	0	783	0	0	27	77	0	0	0	0	39	48	0	37	40	400	72	14	631	0	107	788	16	114	17	5	3	0	0	0	0	0	0	0	0	0	160	0	13	0	26	0	0	81	0	0	50	0	0	105	0	136	11	287	0	6	1	0	0	0	0	14	0	0	0	0	43	0	0	29	55	42	20	0	4797	0	74	0	0	97	0	0	0	2	0	0	328	0	0	0	0
MET101	0	0	0	0	0	0	0	0	0	0	0	0	0	216	127	10	0	38	0	0	0	0	854	0	97	1815	66	0	0	0	0	0	0	0	0	0	0	0	0	0	0	0	0	0	0	0	0	0	0	0	0	0	0	0	0	0	0	701	0	0	106	0	0	0	0	0	0	0	0	0	0	0	0	1193	109	0	284	418	3966	0	0	0	0	0	0	0	0	0	0	0	0	0	0	0	0
MET104	0	0	97	0	42	0	0	344	0	1	0	0	432	14	0	0	0	0	31	0	0	0	0	113	231	98	129	27	0	0	0	0	0	0	0	30	0	0	289	0	154	0	0	20	111	0	50	613	0	0	74	0	164	0	0	0	0	1483	4	0	0	0	0	0	0	112	0	0	0	0	0	87	0	41	7	0	32	0	3428	0	109	880	0	728	0	0	0	0	23	0	0	0	0	0	0
MET105	0	0	61	51	72	265	19	87	0	191	0	0	83	139	0	0	336	0	73	26	2	0	0	309	305	284	52	10	0	0	0	0	0	0	18	109	0	0	325	0	702	0	0	38	292	0	147	1334	0	216	89	40	45	0	147	0	0	531	93	16	0	0	0	0	0	120	0	0	0	0	39	222	44	15	30	0	20	0	1061	0	60	1197	0	263	0	26	0	0	261	53	82	0	0	0	0
MET106	0	0	101	22	228	13	30	10	0	24	13	0	151	149	0	22	195	0	20	21	24	0	0	523	1044	52	80	27	0	0	0	0	30	0	0	25	0	14	432	0	352	0	221	62	253	0	23	890	0	72	259	0	53	22	27	0	0	752	28	57	0	0	0	0	0	71	0	0	0	0	67	76	14	100	19	0	174	0	1489	0	184	627	44	169	0	0	0	0	610	10	24	0	0	0	0
MET108	32	0	0	0	0	45	0	0	0	5	0	0	3	0	0	0	16	0	9	130	0	0	5	0	8	24	0	0	231	69	14	0	0	0	0	10	0	0	65	0	84	0	0	0	13	7	0	22	0	0	0	1	0	88	0	0	0	171	0	0	0	0	10	0	0	0	0	24	0	0	0	0	0	0	4	12	0	0	8712	0	154	0	0	15	0	0	0	0	16	0	0	0	0	0	0
MET109	418	0	7	0	0	17	0	0	0	0	0	3	0	0	0	0	5	5	0	284	0	0	20	0	0	40	0	6	97	47	6	0	0	0	2	7	0	0	5	0	31	0	0	0	8	21	0	9	0	0	49	3	0	48	0	0	0	267	0	0	0	4	18	0	0	0	0	13	0	0	0	0	0	0	46	12	0	0	8365	0	116	0	0	17	0	0	0	0	4	0	0	0	0	0	0
MET11	390	0	74	0	0	0	0	268	0	0	0	0	4	22	0	0	0	8	12	0	0	0	118	20	93	404	0	0	0	130	56	0	0	0	136	332	0	0	0	10	0	0	3	0	0	44	135	144	24	0	0	403	0	4724	0	362	0	659	0	0	13	407	0	2	0	0	0	0	0	0	0	0	0	11	0	0	0	6	0	114	478	0	271	8	0	0	113	0	0	0	0	0	2	0	4
MET110	69	0	0	1	0	219	0	0	0	1	0	0	0	0	0	0	0	13	0	203	0	0	52	0	2	216	0	39	171	42	1	0	0	0	26	0	0	0	25	0	61	0	0	0	39	17	0	9	0	0	114	6	0	193	0	0	0	268	0	0	0	0	63	0	0	12	0	57	0	0	27	0	0	0	76	97	0	0	7171	0	583	0	0	59	52	0	0	0	16	0	0	0	0	0	0
MET113	0	0	25	0	0	0	0	0	0	0	0	0	0	0	0	0	0	0	780	0	0	0	0	0	2285	0	0	0	0	0	2151	0	0	0	0	65	0	0	0	0	0	0	0	0	0	0	12	0	0	0	789	31	0	882	0	0	0	1257	0	0	0	47	0	0	8	0	0	0	0	0	0	0	0	0	0	0	0	0	0	0	372	0	1	1149	0	0	23	0	0	0	0	20	99	0	3
MET114	244	0	0	0	0	0	0	0	0	0	0	0	0	0	0	0	0	0	0	67	0	0	0	0	1	106	0	0	173	32	40	0	0	0	0	0	0	0	0	0	18	0	0	0	0	0	9	0	0	0	48	0	0	151	0	0	0	191	0	0	0	0	0	0	0	0	0	65	0	0	0	0	0	0	0	0	0	0	8628	0	209	0	0	17	0	0	0	0	0	0	0	0	0	0	0
MET115	30	0	0	0	0	0	0	23	0	0	0	0	0	0	0	0	0	0	11	242	0	0	0	0	6	159	0	0	12	4	1	0	0	0	0	0	0	0	0	0	10	0	0	0	0	0	0	0	0	0	67	0	0	29	0	0	0	50	0	0	0	4	0	0	0	0	0	190	0	0	0	0	0	0	0	0	0	0	8832	0	271	0	6	12	0	0	41	0	0	0	0	0	0	0	0
MET117	952	0	0	48	0	184	0	324	0	50	0	5	2	51	0	38	0	16	12	0	4	7	184	9	385	475	0	435	44	51	190	154	0	16	0	93	0	0	29	0	35	3	0	22	27	0	69	386	0	0	0	0	9	2280	0	0	166	1709	0	3	18	100	0	0	0	89	2	0	0	0	14	0	0	104	267	23	0	0	845	0	0	2	0	0	0	0	52	0	0	7	0	0	1	0	12
MET118	314	0	18	0	0	513	0	86	0	209	0	35	0	0	15	46	5	53	101	0	0	6	125	1	112	1118	2	214	88	63	77	8	0	0	7	14	0	0	13	0	61	0	0	38	144	0	30	286	0	0	0	0	11	2213	0	0	60	1050	0	12	8	41	0	0	0	49	3	0	0	0	44	0	0	27	192	0	0	0	2426	0	0	28	0	11	0	0	15	0	0	3	0	0	5	0	0
MET119	617	0	0	0	0	908	0	0	0	380	0	0	0	0	0	0	0	0	35	0	0	0	84	0	2174	826	0	1040	489	48	0	0	0	0	0	0	0	0	0	0	40	0	0	0	0	0	0	0	0	0	54	0	0	1176	99	0	0	979	0	202	0	53	0	0	0	0	0	0	0	0	7	0	0	3	120	36	0	0	589	0	43	0	0	0	0	0	0	0	0	0	0	0	0	0	0
MET12	200	0	100	0	0	26	0	1497	0	0	0	0	23	86	0	0	0	9	29	0	0	0	103	37	116	475	0	5	2	470	30	60	0	0	253	104	0	0	0	0	84	0	0	29	0	11	286	337	7	0	0	2371	20	1850	0	50	0	100	0	0	0	810	0	0	0	1	0	0	0	0	0	0	0	15	3	0	1	0	0	0	191	0	128	0	0	0	73	0	0	0	0	0	9	0	0
MET121	663	0	86	0	0	298	0	0	0	8	0	6	13	0	0	0	0	12	45	232	0	0	75	2	220	366	3	175	962	393	423	38	0	0	0	9	0	0	39	0	45	0	0	0	52	0	80	219	0	0	503	93	0	288	0	0	0	2035	0	24	0	0	0	0	0	0	0	0	0	0	0	0	0	38	63	129	0	0	2059	0	81	132	5	0	68	17	0	0	0	0	0	0	0	0	0
MET122	516	4	42	0	0	489	12	67	9	58	0	15	32	70	0	0	28	45	61	140	5	41	127	11	117	448	2	953	479	291	112	0	0	27	11	6	8	0	15	1	160	0	0	30	131	0	46	90	0	53	877	106	5	75	21	0	0	1775	0	12	1	12	0	0	0	141	0	0	0	0	110	46	15	16	123	222	4	0	888	0	230	62	126	16	355	7	0	0	0	0	0	0	0	0	0
MET123	402	0	109	0	0	202	0	120	1	432	0	14	34	496	6	50	270	7	280	1058	0	58	297	0	64	766	0	443	1278	381	152	0	0	32	1	13	0	0	20	0	325	0	0	19	45	0	47	164	35	4	390	145	28	15	0	0	0	1069	0	49	93	0	0	0	0	76	0	0	0	0	25	1	0	6	60	87	0	0	123	0	32	60	5	1	58	0	0	0	0	4	0	11	8	31	0
MET126	0	0	10	6	0	207	8	58	0	2	0	2	0	4	5	21	0	2	0	301	0	0	74	0	36	142	0	123	21	0	9	0	0	0	0	28	3	0	0	0	34	0	0	1	20	0	6	63	0	17	26	6	0	186	82	0	0	869	1	0	0	3	12	0	0	0	0	13	0	0	88	23	0	13	49	232	0	0	6775	0	271	12	0	32	0	11	0	29	59	0	2	0	0	0	0
MET127	42	0	9	364	0	2101	103	0	0	19	0	6	1	5	0	2	0	13	27	359	0	0	71	0	166	229	11	272	34	31	9	0	0	0	0	0	7	2	0	7	53	0	0	0	20	0	0	23	0	0	6	0	0	2	335	5	0	824	5	8	0	1	21	0	0	0	0	0	0	0	171	206	0	11	30	136	0	9	3859	0	212	97	0	22	0	30	0	0	21	0	2	0	0	0	0
MET128	29	0	5	30	0	206	0	14	0	0	0	35	34	53	0	7	0	16	0	737	0	14	100	9	60	365	5	244	66	0	1	0	0	0	6	0	1	0	5	5	13	0	0	6	35	0	0	51	0	9	170	4	0	110	66	10	0	960	1	0	0	15	10	0	11	2	0	1	0	0	118	19	0	20	62	141	0	4	5832	0	61	4	0	60	0	121	0	8	28	0	0	0	1	0	0
MET13	37	2	90	3	0	73	0	426	0	9	0	0	8	780	0	6	0	26	0	0	0	0	317	21	160	186	2	75	0	0	78	260	0	0	260	66	0	0	32	11	36	0	0	12	0	0	77	146	0	0	0	271	12	4176	0	0	0	453	0	0	3	205	0	0	0	13	0	0	0	0	0	0	0	37	8	0	16	0	0	0	404	0	306	0	0	0	10	0	0	12	0	0	0	873	0
MET130	3	0	6	35	0	117	38	20	6	5	2	19	13	22	54	0	0	4	4	1343	5	30	173	0	113	241	28	130	6	3	3	0	0	0	1	1	1	4	0	0	22	0	0	28	32	0	7	61	0	0	309	16	1	432	15	10	9	567	7	2	0	30	30	0	1	13	0	193	0	3	129	13	0	18	58	341	75	0	4854	0	213	11	0	19	1	8	0	0	32	0	4	0	5	0	0
MET131	7	0	0	0	0	105	22	83	0	0	4	17	41	10	36	4	0	0	0	628	0	200	89	0	66	109	11	257	0	0	0	0	0	0	8	0	0	9	0	0	11	0	0	11	35	0	0	153	0	0	119	20	0	281	1943	78	0	920	126	0	0	42	69	0	0	32	0	94	0	13	152	29	0	0	25	603	97	0	2829	0	223	60	0	5	43	203	0	52	11	0	5	0	7	0	0
MET132	4	0	0	78	0	474	55	0	0	31	3	12	18	11	74	44	0	4	112	2270	0	21	95	0	373	114	133	1119	29	0	0	0	0	0	0	0	11	7	0	0	2	0	1	0	0	0	0	8	0	5	24	0	0	61	62	0	0	151	13	11	0	0	0	0	0	0	0	5	0	0	106	20	14	96	113	142	241	0	2954	0	786	3	14	6	68	0	0	0	0	0	0	0	0	0	0
MET135	343	0	56	186	0	688	170	32	0	104	0	0	271	387	0	0	30	163	93	84	0	257	116	6	316	110	0	2467	53	92	6	0	1	0	7	0	0	0	0	15	274	0	35	73	109	2	14	129	0	0	67	111	0	110	5	0	2	128	288	169	3	30	0	0	0	0	0	411	0	267	311	104	91	266	152	8	0	0	34	0	53	119	0	0	46	228	0	0	281	29	0	0	0	0	0
MET136	267	0	20	15	0	242	103	129	0	105	12	0	14	251	0	5	0	16	83	364	0	226	54	6	183	425	0	1017	90	34	0	0	0	0	9	9	0	0	0	0	38	0	0	2	8	24	0	29	0	0	219	122	0	281	0	0	10	723	23	50	9	26	9	0	0	0	0	226	0	82	127	36	20	42	61	92	0	0	3217	0	772	0	1	0	33	0	0	0	28	0	0	0	0	0	14
MET137	2850	0	11	6	0	168	2	25	0	0	0	0	56	58	0	0	132	0	8	91	0	0	60	0	62	12	0	673	900	15	23	0	0	0	13	0	0	0	0	0	135	0	0	6	0	24	18	42	0	0	158	112	0	1187	0	0	2	589	20	42	0	11	4	0	0	0	0	40	0	289	104	56	82	13	219	0	0	0	193	0	1080	57	0	0	331	0	0	0	0	6	0	0	14	0	0
MET139	381	0	92	6	0	1087	42	9	0	0	0	0	8	6	17	0	22	24	1	67	1	5	31	0	930	199	0	540	382	122	51	0	0	0	26	0	49	7	5	0	458	0	0	34	34	0	33	124	0	0	63	106	0	936	114	0	58	1419	99	0	0	104	48	0	0	12	0	54	0	305	169	128	11	9	128	85	0	0	18	0	572	13	3	4	631	0	0	2	111	0	5	0	0	0	0
MET140	229	0	44	139	0	1824	131	29	0	19	0	0	94	0	82	0	26	37	23	414	123	39	34	0	489	201	43	401	256	95	48	0	0	0	13	0	28	8	29	0	459	0	0	46	73	0	21	77	0	0	81	67	0	0	146	0	91	1213	165	0	0	21	50	0	0	33	0	109	0	147	277	63	7	27	1220	131	0	0	65	0	244	0	16	14	53	11	0	10	151	0	15	0	0	0	0
MET141	298	0	44	11	0	1879	37	1	0	2	0	77	0	0	37	0	0	9	17	300	13	231	32	0	895	216	11	669	524	46	53	0	0	0	18	0	4	0	0	0	289	0	25	35	67	0	22	98	0	3	48	23	0	462	0	0	1	1597	204	10	0	107	67	0	0	39	0	42	0	9	237	105	0	0	37	224	6	0	29	0	564	12	83	28	32	0	0	7	34	0	29	0	0	0	0
MET144	0	0	38	142	0	325	12	155	0	281	129	2	393	5	25	0	26	0	11	0	0	73	72	0	376	357	32	416	725	122	280	0	0	0	9	0	31	6	0	0	40	0	0	4	49	0	8	109	0	0	49	84	0	82	0	52	33	1357	20	0	0	16	0	0	0	56	0	6	0	176	65	18	2	210	190	0	0	0	2097	0	242	85	0	2	171	715	0	0	0	1	0	0	18	0	0
MET145	0	3	25	33	0	553	4	31	0	28	0	11	1	0	0	0	0	10	1	0	0	7	97	0	62	129	20	98	203	84	38	0	0	0	11	3	2	0	0	0	49	0	0	4	56	0	7	114	0	13	39	36	0	273	0	34	17	1232	0	0	0	105	0	0	0	19	0	86	0	0	22	0	0	52	80	0	0	0	5179	0	655	14	21	87	197	143	0	0	11	0	0	0	0	0	0
MET146	140	0	90	154	41	568	23	25	0	34	31	1	63	4	13	0	0	17	28	226	24	183	73	20	473	283	6	360	339	54	55	0	0	0	12	2	59	14	0	0	43	0	0	12	72	0	13	114	0	0	358	43	0	784	0	43	26	1519	51	0	0	49	27	0	0	44	0	84	0	19	146	3	15	144	239	0	0	0	1473	0	455	21	0	73	378	309	0	0	0	0	17	0	11	0	0
MET149	0	0	36	22	0	1072	45	74	2	0	36	0	9	64	27	25	0	0	41	78	240	17	99	0	928	415	0	376	0	1	19	5	0	0	113	12	10	5	0	0	85	0	0	19	49	0	14	0	0	0	0	81	0	417	0	4	0	2021	5	0	0	153	0	0	0	30	0	0	0	0	193	146	0	80	150	541	0	11	1525	0	312	54	0	46	138	57	20	57	7	0	11	0	0	0	0
MET150	0	0	2	1	0	102	1	0	0	0	104	0	0	0	19	23	559	0	0	7	106	0	3178	65	555	218	757	60	0	0	171	152	2	0	93	28	17	4	0	18	245	0	0	40	8	0	3	65	0	84	0	35	8	0	19	0	0	941	0	1	13	0	0	0	1	1	0	3	0	0	90	0	0	615	49	0	0	0	1316	0	0	8	0	0	0	0	70	22	109	5	0	3	1	0	1
MET151	0	16	0	157	0	1217	32	5	29	0	0	3	0	0	9	14	0	0	1	477	11	27	140	6	166	278	18	213	0	0	2	0	0	0	28	0	1	4	0	18	0	0	0	0	40	0	0	60	0	0	107	14	0	0	0	0	0	852	0	10	26	56	0	0	0	0	0	0	2	0	183	60	0	71	30	150	0	0	4487	0	328	278	0	360	0	0	0	9	0	4	0	0	0	0	0
MET154	16	0	41	9	0	1110	39	1	3	4	25	0	107	0	0	8	0	9	5	507	0	37	6	5	616	64	4	319	0	0	3	0	1	0	1	0	8	4	0	14	45	0	0	0	18	0	0	17	0	0	128	0	0	82	1487	0	0	950	0	5	0	49	2	0	0	0	0	0	1	0	139	50	0	33	33	256	0	30	3603	0	0	65	23	14	0	0	0	0	1	0	4	0	0	0	0
MET155	28	0	17	42	0	1589	66	0	0	0	172	0	74	0	0	1	0	12	0	705	0	12	90	11	794	153	0	1020	0	14	0	0	0	0	0	0	0	24	0	0	39	0	0	0	1	0	0	78	0	0	115	0	0	66	1998	0	0	801	85	0	0	0	17	0	0	0	0	0	0	2	492	30	18	105	48	291	0	2	794	0	0	0	58	0	128	0	0	0	11	0	0	0	0	0	0
MET156	760	0	45	94	0	838	9	3	9	1	64	0	156	3	113	50	0	16	3	125	195	0	428	62	1498	395	5	697	6	74	22	0	0	0	2	7	32	30	0	0	70	0	15	4	15	0	17	168	0	0	210	13	0	445	615	0	42	753	23	0	0	7	29	0	0	12	0	0	11	45	318	63	25	151	74	212	0	0	112	0	0	23	0	139	464	126	0	0	43	1	13	0	0	0	0
MET159	243	0	0	0	0	1328	68	4	0	286	11	0	1	0	0	360	0	11	338	0	70	0	2147	41	1894	1590	0	299	51	32	48	0	0	0	4	3	4	6	13	0	41	4	117	0	11	0	0	43	0	16	17	0	0	12	5	0	6	168	0	33	21	0	0	0	0	19	0	32	1	0	225	12	0	30	200	0	0	0	0	0	33	0	0	31	30	0	0	0	6	2	0	16	15	0	0
MET16	0	0	0	652	0	1076	0	0	0	0	0	0	0	362	0	0	138	0	0	0	0	0	0	186	2881	2155	309	233	0	0	0	2	0	0	0	0	0	0	0	0	0	0	0	0	0	0	0	0	0	0	0	0	0	64	0	0	0	182	0	0	23	0	0	0	0	0	0	0	0	0	108	0	0	0	50	0	0	24	0	0	36	0	0	0	1512	0	6	0	0	0	0	0	0	0	0
MET160	277	1	37	5	0	1054	32	5	7	139	6	0	0	1	0	342	0	9	552	0	7	0	1747	20	1803	1304	219	254	214	107	94	0	0	0	23	7	4	4	4	2	126	58	17	0	71	0	7	188	0	15	2	6	6	20	0	0	33	419	0	44	50	0	0	0	0	31	1	0	4	0	112	0	0	49	100	0	0	0	1	0	56	47	0	140	29	0	1	0	49	11	0	7	19	0	0
MET161	1467	0	0	106	0	425	7	27	7	310	8	0	0	0	0	8	313	93	16	0	3	0	1571	8	1315	530	8	771	153	157	335	3	3	0	35	0	17	0	28	0	339	74	0	0	190	0	0	19	0	88	15	12	0	16	0	3	13	221	0	223	64	0	0	0	0	398	1	0	3	0	63	0	0	112	59	0	0	0	0	0	7	2	0	0	52	0	0	0	21	7	0	127	146	0	0
MET163	36	0	14	0	0	18	0	57	0	22	1	0	26	9	31	0	0	12	15	0	2	33	103	4	163	961	0	147	192	34	32	0	0	0	155	21	0	0	13	0	88	0	0	7	42	0	1	177	0	0	0	14	0	7	0	0	0	697	0	0	0	0	0	0	12	36	0	0	0	0	25	0	0	33	1	0	5	0	6660	0	0	0	0	10	14	0	0	0	0	0	0	16	54	0	0
MET164	221	0	0	0	0	456	9	38	0	365	0	0	0	2	108	0	21	22	49	0	0	8	879	0	275	2689	0	1131	528	96	45	0	9	25	138	0	0	0	0	91	336	1	0	0	55	0	21	144	0	197	29	34	0	0	0	0	0	426	0	16	453	0	0	0	0	25	0	0	0	0	211	52	0	103	133	0	0	0	363	0	0	0	0	0	0	0	152	0	0	0	0	34	12	0	0
MET165	0	6	147	151	0	1471	54	18	2	111	0	0	0	0	46	2	0	15	63	0	19	109	566	4	253	846	0	427	46	58	17	0	12	0	43	24	7	0	0	0	120	0	9	5	25	0	9	33	0	0	8	0	0	0	0	69	0	561	0	19	17	0	0	0	2	0	0	0	0	0	324	255	2	47	60	0	24	0	3570	0	0	0	0	311	9	0	0	0	0	0	0	0	4	0	0
MET168	7	0	13	0	0	214	0	141	0	168	0	0	1642	2	0	45	0	127	16	320	0	0	340	3	143	0	1	284	118	37	66	0	0	0	24	1	1	0	79	0	61	0	0	11	108	0	52	244	0	0	226	15	12	0	17	0	14	1392	0	0	0	0	0	0	0	24	0	0	0	0	25	0	0	80	26	14	0	0	3688	0	0	0	0	128	0	0	7	0	0	0	0	0	66	0	0
MET169	95	0	23	0	0	396	0	192	0	77	0	0	437	10	0	0	0	85	0	705	7	26	94	0	235	0	0	48	810	231	448	0	0	9	39	2	13	0	187	0	673	0	0	35	122	0	211	654	0	0	38	82	4	3	42	0	30	2624	0	35	21	0	0	0	0	145	0	0	0	0	75	0	0	5	29	35	0	13	40	0	0	0	0	0	0	907	10	0	0	0	0	0	0	0	0
MET17	0	0	24	1445	0	715	0	28	0	0	0	0	0	157	0	0	142	0	0	0	0	0	0	255	3103	1481	329	0	0	12	13	72	5	0	9	0	0	0	0	0	107	0	0	0	22	6	0	51	0	193	19	10	0	986	0	0	16	443	0	0	136	41	1	0	0	0	0	0	0	0	8	0	0	0	0	0	0	59	0	0	20	4	0	6	44	0	22	0	0	1	0	0	2	0	10
MET170	20	0	16	0	0	774	2	274	1	101	0	0	351	39	10	48	0	207	68	767	49	57	328	0	160	0	10	302	474	88	88	0	0	1	28	0	44	12	246	0	186	0	0	8	84	0	160	429	0	0	182	49	1	421	14	0	74	1678	2	9	3	0	0	0	0	158	0	0	0	0	116	0	0	56	160	481	0	0	578	0	0	0	0	0	0	583	0	0	0	0	0	0	1	0	0
MET172	2248	0	6	82	0	483	41	0	0	140	4	0	350	58	13	4	96	39	185	0	29	4	565	85	934	619	0	64	24	89	171	0	0	0	0	0	3	0	0	0	38	0	0	58	34	0	6	87	0	48	41	0	0	123	0	0	0	1124	0	0	0	0	4	0	0	19	0	1	0	0	33	0	0	210	37	0	0	13	1294	0	23	241	9	0	0	184	25	0	3	8	0	0	0	0	0
MET173	200	0	0	0	0	0	0	0	0	32	0	0	0	0	0	0	41	0	0	0	0	0	0	0	0	52	0	0	49	10	63	0	0	0	0	0	0	0	6	0	5	0	0	0	0	0	0	74	0	0	0	0	0	40	0	0	0	10	0	0	0	0	0	0	0	1	0	0	0	0	0	0	0	7	0	0	0	0	9407	0	0	0	0	0	0	0	3	0	0	0	0	0	0	0	0
MET174	0	0	0	0	0	0	0	0	0	0	0	0	0	0	0	0	0	0	0	0	0	0	0	0	0	0	0	0	8	25	93	0	0	0	0	0	0	0	6	0	0	0	0	0	0	0	0	0	0	0	0	0	0	0	0	0	0	0	0	0	0	0	0	0	47	0	0	0	0	0	0	0	0	0	0	0	0	0	9821	0	0	0	0	0	0	0	0	0	0	0	0	0	0	0	0
MET176	403	5	55	130	12	426	15	122	16	269	52	0	661	160	48	0	99	38	271	0	51	19	403	171	801	648	17	257	89	30	78	0	2	0	22	10	23	1	0	0	209	25	0	27	88	0	11	115	2	0	57	37	8	615	0	1	26	630	0	0	15	89	13	0	1	35	0	53	4	0	95	12	5	195	60	0	0	3	1257	0	283	11	62	74	69	234	27	0	73	1	0	13	58	0	0
MET177	187	3	36	324	90	560	74	82	4	313	29	0	749	88	47	0	178	77	362	0	15	57	65	218	615	659	11	419	96	10	86	0	4	0	33	3	56	9	0	5	137	3	2	30	87	0	7	99	9	10	136	45	0	520	0	1	9	669	0	0	0	45	12	0	0	126	0	64	0	0	195	19	26	343	107	0	0	0	452	0	227	12	0	38	51	284	25	0	118	8	0	101	419	3	0
MET178	1048	6	37	10	7	371	8	4	7	97	2	0	16	0	10	0	0	48	18	0	0	19	151	0	148	837	3	324	65	45	66	0	19	0	64	5	20	0	28	0	254	8	0	15	77	0	24	249	0	1	16	11	7	798	0	0	19	1125	0	4	13	98	18	0	0	39	0	33	11	0	74	0	0	75	114	0	0	0	807	0	1614	2	51	301	1	593	0	0	24	2	0	6	30	5	0
MET18	0	0	0	663	0	1365	0	51	0	0	0	0	0	0	0	0	1137	0	0	0	0	0	0	546	1706	2122	330	0	0	15	0	41	0	0	24	0	0	0	0	0	46	0	0	0	3	5	7	26	2	238	154	124	3	418	0	0	0	494	0	0	155	28	0	0	0	0	0	0	0	0	0	0	0	0	0	0	0	157	0	0	16	1	0	6	7	74	33	0	0	5	0	0	0	0	0
MET180	604	0	13	17	0	639	16	26	0	23	0	0	13	62	0	19	0	24	6	389	74	20	229	12	55	342	0	103	290	74	25	0	0	0	119	0	27	18	4	0	211	0	0	52	38	0	10	135	0	0	22	64	12	127	214	59	0	749	31	11	0	49	59	0	0	17	0	66	3	109	158	11	0	47	53	324	0	0	2993	0	496	8	17	339	0	133	0	0	140	0	0	0	0	0	0
MET181	207	0	8	13	0	430	7	0	0	0	0	0	0	0	0	8	0	7	0	536	72	0	60	14	29	120	0	7	92	14	0	0	0	0	32	0	2	2	0	0	52	0	0	0	0	0	0	25	0	0	0	0	0	29	20	27	0	667	13	0	0	21	16	0	0	0	0	26	0	0	70	29	0	3	8	140	0	0	6948	0	64	18	5	116	14	23	0	0	10	0	0	0	0	0	0
MET182	185	0	7	2	0	235	11	16	0	21	0	0	0	0	0	42	0	121	0	484	82	0	169	47	52	343	20	37	31	15	0	0	0	0	54	0	3	12	9	3	51	0	0	13	40	0	9	43	0	0	49	0	6	284	2	72	0	583	0	5	0	28	12	0	0	2	0	0	0	0	164	3	0	16	25	240	0	0	6264	0	6	26	20	23	0	0	0	0	13	0	0	0	0	0	0
MET184	900	0	1	152	0	1069	22	0	0	117	0	0	53	69	0	38	0	3	80	76	48	0	685	10	94	417	14	210	61	8	0	0	0	0	0	0	0	0	0	2	49	0	0	0	14	24	0	0	0	0	57	0	0	86	310	32	0	993	40	0	0	0	19	0	0	0	0	0	0	0	385	61	7	71	47	142	0	0	3072	0	140	11	0	97	35	77	1	0	102	0	0	0	0	0	0
MET185	0	0	0	0	0	0	0	0	0	0	0	0	0	0	0	0	0	0	0	0	0	0	176	0	0	387	0	0	0	0	0	0	0	0	0	0	0	0	0	0	0	0	0	0	0	0	0	0	0	0	0	0	0	785	0	0	0	0	0	0	0	0	0	0	0	0	0	0	0	0	0	0	0	0	0	0	0	0	7539	0	1113	0	0	0	0	0	0	0	0	0	0	0	0	0	0
MET186	83	0	0	76	0	839	20	0	0	10	0	1	0	24	2	23	0	12	8	181	0	117	14	10	125	549	8	250	0	0	0	0	0	0	0	0	0	0	0	6	24	0	0	0	25	0	0	0	0	0	69	0	0	362	0	0	0	386	27	0	0	0	8	0	0	0	0	0	0	0	108	3	0	19	118	169	0	0	5997	0	279	4	0	10	21	12	0	0	0	0	0	0	0	0	0
MET188	3	0	26	0	0	79	0	133	0	23	0	0	29	0	1	12	7	11	6	45	1	0	58	2	40	396	1	27	105	18	4	0	0	0	3	135	0	0	0	1	116	0	0	35	107	0	37	842	0	0	19	0	28	19	0	0	60	551	0	11	0	0	0	0	0	0	0	0	0	0	13	0	0	128	34	0	0	0	6760	0	0	3	0	0	0	21	6	40	0	0	0	0	5	0	0
MET189	0	0	49	29	0	43	6	92	0	318	0	0	7	0	59	8	114	112	6	74	39	1	57	29	122	2769	15	910	48	0	35	0	0	0	7	8	0	0	0	0	217	0	2	94	27	0	100	1321	0	0	7	0	75	0	0	0	5	1856	0	117	0	0	0	0	0	8	0	0	0	0	40	0	0	142	19	0	0	0	622	0	0	0	0	0	0	0	14	374	0	0	0	0	0	0	0
MET190	403	2	58	62	0	712	20	259	10	21	37	51	54	0	8	18	12	77	0	138	130	0	104	10	792	624	7	0	194	32	81	0	0	0	45	30	11	0	0	31	406	0	12	25	338	0	50	333	0	57	35	50	19	0	17	0	20	1227	24	0	0	0	49	0	0	1	0	0	17	0	133	28	0	157	541	2	0	0	1918	0	0	382	0	0	0	0	1	61	0	7	0	10	46	0	0
MET192	105	0	22	129	0	1470	28	295	0	105	0	5	11	3	14	0	1	12	39	761	0	59	10	0	266	463	19	328	140	75	10	0	0	0	6	0	0	0	0	0	20	0	0	16	28	0	0	433	0	0	94	0	30	0	0	0	25	2568	0	135	0	50	0	0	0	0	0	0	0	14	173	70	0	28	76	78	0	40	1545	0	17	157	0	0	0	0	0	0	27	0	0	0	0	0	0
MET193	171	0	16	245	0	609	20	2	0	133	0	0	11	0	46	0	181	26	52	786	0	8	29	0	290	237	22	426	268	136	25	0	0	0	0	0	19	0	0	0	163	0	0	0	0	0	5	22	0	233	75	0	0	0	0	0	0	2465	4	68	0	11	0	0	0	0	0	24	0	0	792	39	71	20	62	170	0	0	1660	0	230	29	0	0	61	12	0	0	23	0	0	0	0	0	0
MET194	0	0	29	28	0	230	1	201	1	29	0	0	0	0	36	3	0	24	5	273	0	140	0	0	142	339	19	214	136	68	2	0	0	0	5	25	12	0	12	0	66	0	0	3	191	0	30	135	0	0	9	29	30	0	0	0	199	1980	51	0	0	5	0	0	0	14	0	0	0	6	121	13	23	56	70	541	0	20	3359	0	0	681	0	0	0	93	0	0	65	0	0	0	0	235	0
MET196	321	0	1	13	0	531	22	0	0	16	0	0	58	0	0	0	378	0	140	1506	1	2	301	92	166	1019	20	37	11	8	27	0	0	0	3	12	0	0	0	0	24	0	1	12	29	0	0	87	0	102	0	0	0	5	17	0	0	51	0	0	1	0	0	0	42	280	0	0	0	0	3	0	0	44	299	5	0	0	3369	0	0	549	180	0	14	41	149	0	0	2	0	0	8	0	2
MET197	1205	0	0	0	0	0	0	0	0	0	0	0	0	0	0	0	43	0	0	442	0	0	10	0	0	35	0	0	181	0	100	4	0	0	0	0	0	0	73	0	5	0	0	0	0	0	0	51	0	16	0	0	0	0	0	0	0	0	0	0	0	0	0	0	0	5	0	0	0	0	0	0	0	0	10	0	0	0	7754	0	0	0	0	0	0	0	37	0	0	0	0	0	4	22	0
MET198	1657	0	0	0	0	0	0	0	0	0	0	0	0	0	0	0	2	0	119	3067	0	0	543	0	0	2074	0	0	182	0	60	0	0	0	0	6	0	0	0	0	17	0	0	6	0	0	9	81	0	28	393	0	17	0	0	0	0	0	0	0	0	18	0	0	0	10	0	0	0	0	0	0	0	0	369	0	0	0	1171	0	0	53	25	0	0	0	79	0	0	0	0	0	2	0	12
MET2	0	0	0	0	0	232	0	0	0	0	0	0	0	0	0	0	16	0	0	0	0	0	0	0	211	0	0	0	1074	677	1186	0	0	0	155	0	0	0	0	0	2711	0	0	0	0	0	0	0	0	164	0	0	0	0	0	0	0	2825	0	0	0	440	0	0	0	0	0	0	0	51	0	170	0	0	0	0	0	0	0	0	0	48	0	0	0	0	0	0	0	0	0	0	39	0	0
MET20	0	0	10	45	0	454	22	7	0	117	0	0	1221	825	0	103	0	187	17	0	0	14	211	260	1486	98	6	340	0	38	20	6	8	0	3	0	19	0	0	0	12	0	59	0	54	184	0	56	0	20	43	7	0	116	0	9	106	679	0	28	1	89	16	0	0	22	0	0	0	0	164	54	0	167	353	0	234	0	0	0	906	14	51	57	479	437	0	0	67	0	0	0	0	0	0
MET200	111	0	0	0	0	690	14	6	7	155	0	23	177	649	36	4	1303	0	0	23	7	49	95	20	1119	381	35	656	0	0	0	0	0	0	24	0	0	0	0	0	17	0	0	0	132	0	0	72	0	1665	187	0	0	0	67	0	0	537	11	38	50	0	0	0	0	0	0	0	0	0	27	0	0	0	5	111	0	0	1130	0	0	0	0	77	0	287	0	2	0	0	0	0	0	0	0
MET201	3	11	39	1	0	262	10	174	30	95	0	100	0	22	1	4	0	0	0	532	0	16	34	0	211	293	24	562	9	4	2	0	0	13	66	0	0	0	0	0	36	0	0	0	70	0	8	106	0	0	169	0	27	0	231	0	42	1386	31	15	32	0	0	0	0	0	0	0	0	0	19	0	0	0	19	254	0	0	2927	0	1089	0	0	836	0	156	0	24	0	1	0	0	0	0	0
MET202	3	0	3	10	0	2091	17	10	0	217	0	36	0	493	11	0	15	0	5	1157	0	134	41	6	1372	141	3	2614	0	15	0	0	0	0	18	0	17	4	0	0	53	0	0	0	14	0	0	51	0	0	62	0	0	0	271	0	0	64	22	237	0	0	4	0	0	0	0	0	0	0	71	0	0	0	13	403	0	0	95	0	37	0	0	12	0	125	0	6	0	30	0	0	0	0	0
MET205	646	11	0	8	5	619	30	26	10	662	123	0	57	104	0	3	10	5	144	445	6	134	125	4	587	883	0	1499	479	61	149	0	0	41	34	0	37	6	0	0	221	0	59	115	40	0	0	0	0	0	125	0	22	216	0	0	29	828	48	0	7	0	0	0	0	4	0	0	10	0	70	0	19	103	158	117	0	0	0	0	153	63	0	44	544	0	0	0	0	0	0	13	37	0	0
MET206	917	2	25	6	0	470	24	47	0	128	18	2	83	40	0	0	0	1	6	1167	114	39	90	3	450	334	0	590	1	85	164	42	0	7	36	21	15	0	0	1	256	0	0	27	88	0	20	0	0	0	66	20	52	659	0	0	12	1238	129	125	2	0	0	0	0	0	0	0	4	0	70	0	0	7	57	528	0	2	26	0	683	12	0	66	602	0	0	0	0	0	9	75	233	0	0
MET207	767	0	3	3	0	551	78	29	0	574	10	0	119	195	0	0	0	1	78	305	7	24	389	0	372	398	0	2494	59	100	428	85	0	9	0	0	23	0	0	0	180	0	3	0	151	0	4	18	0	0	174	6	124	630	0	0	0	240	46	66	0	0	0	0	0	1	0	0	2	0	39	0	15	4	137	15	0	0	49	0	49	14	0	136	305	0	0	0	0	5	31	179	275	0	0
MET209	93	0	10	1697	32	1402	42	7	0	0	320	0	67	28	97	25	0	51	91	9	0	98	0	0	900	455	1	528	15	57	45	76	9	0	0	167	50	105	0	22	48	0	29	0	17	0	21	39	0	13	298	3	0	0	99	0	25	1019	40	17	0	24	5	0	0	1	0	138	0	47	276	235	0	495	76	0	37	12	32	0	0	15	28	11	0	375	0	8	0	3	18	0	0	0	0
MET21	0	8	21	13	0	303	38	180	8	543	0	0	2742	88	0	667	180	824	59	0	0	0	387	279	675	186	157	7	0	0	86	27	12	0	3	24	9	0	0	4	55	0	184	4	35	0	4	76	0	69	68	9	7	6	0	0	54	1077	0	31	56	28	0	0	0	16	0	21	0	0	88	51	0	223	15	0	11	0	0	0	58	0	54	38	0	0	0	45	86	0	0	0	0	0	0
MET210	0	0	0	941	13	1420	216	0	0	168	210	0	26	4	0	8	0	27	165	0	54	193	0	0	707	327	0	713	0	0	0	0	0	0	0	12	18	59	0	0	62	0	29	0	0	0	0	0	0	21	0	0	0	918	1284	0	0	1222	0	0	0	0	0	0	0	0	0	16	0	0	353	33	0	248	43	0	34	6	0	0	0	13	151	60	0	209	0	16	0	0	0	0	0	0	0
MET211	5	0	52	410	22	919	18	38	0	227	49	0	2	361	20	34	0	47	182	225	197	122	0	0	709	1587	15	1027	2	20	0	0	0	0	30	75	16	8	0	18	93	0	18	11	69	0	3	115	0	0	30	1	5	0	89	0	0	642	0	15	0	39	0	0	0	2	0	153	0	0	469	21	0	351	81	0	77	0	298	0	0	596	0	182	151	0	0	1	18	18	8	0	8	0	0
MET213	72	0	3	5	195	1076	144	2	0	164	288	0	143	0	26	36	114	0	244	0	0	59	23	3	418	482	9	484	53	41	11	0	38	0	13	0	104	17	8	19	50	0	61	3	11	26	2	14	0	0	20	11	0	315	8	0	12	180	83	0	0	25	3	0	0	3	0	0	2	10	127	7	49	404	1033	0	0	0	3130	0	0	0	0	0	49	65	1	0	1	3	0	0	0	0	0
MET214	455	1	9	12	16	1306	9	0	2	228	0	0	142	0	322	0	0	14	427	0	0	2	115	10	358	574	14	271	97	47	10	0	46	0	1	15	74	14	6	0	54	0	35	7	40	0	4	74	0	0	0	9	0	608	0	0	4	462	0	0	5	36	11	0	0	0	0	0	0	0	69	7	1	379	711	0	0	0	2766	0	24	0	0	44	0	0	0	0	47	5	0	0	0	0	0
MET215	393	5	24	5	6	536	6	14	21	87	0	0	53	0	58	2	0	2	60	0	0	0	15	3	179	92	21	288	60	86	52	0	7	0	0	70	11	0	59	1	104	0	18	10	94	0	7	149	0	0	4	21	2	1402	0	0	42	823	0	4	0	36	9	0	0	0	0	0	0	0	15	0	0	124	411	0	0	0	4420	0	57	3	0	27	0	0	0	0	2	0	0	2	0	0	0
MET218	455	0	17	16	0	485	6	37	2	23	0	0	64	0	13	15	5	12	15	120	0	5	92	17	51	355	0	174	710	241	234	0	0	9	19	11	0	0	0	0	574	0	0	11	245	39	172	575	0	4	149	30	5	59	67	0	0	2127	0	13	0	178	3	0	0	15	0	148	0	0	37	0	0	7	39	123	0	0	968	0	264	0	0	846	0	72	0	0	17	0	0	0	8	0	0
MET219	376	0	16	0	0	544	3	4	0	40	0	19	8	2	32	23	65	34	28	177	0	10	136	0	200	472	0	300	312	63	125	0	0	0	2	2	0	0	0	0	275	0	0	0	68	16	48	120	0	24	180	5	0	82	0	0	0	870	0	0	4	46	0	0	0	12	0	114	0	0	114	0	0	6	43	42	0	0	3801	0	989	0	0	145	4	0	0	0	0	0	0	0	0	0	0
MET22	0	0	14	8	0	246	11	80	0	230	0	0	12	37	0	18	52	658	255	0	0	1	341	119	1208	2504	59	0	0	0	0	31	0	0	30	0	9	0	0	0	14	0	83	0	18	0	7	24	0	120	28	0	6	227	0	0	76	1446	0	13	1	94	0	0	21	0	0	0	0	0	135	132	0	116	101	0	136	0	0	0	679	0	0	185	0	0	293	87	30	0	0	0	0	0	7
MET220	514	0	35	7	0	380	0	40	0	4	0	6	31	0	5	13	0	24	5	120	0	4	43	0	118	304	0	271	530	185	29	0	0	3	31	14	0	0	0	0	655	0	0	13	231	85	486	817	0	0	21	45	27	174	0	0	0	1654	0	0	2	156	0	0	0	80	0	3	0	2	37	1	1	6	30	200	0	0	1254	0	777	0	0	468	46	0	0	0	5	0	0	0	5	0	0
MET223	0	0	55	36	0	189	9	148	0	64	0	0	0	1	22	8	15	242	147	1409	94	3	182	15	233	1306	60	85	83	92	9	0	0	0	95	0	0	3	4	0	34	0	0	8	34	0	24	189	0	0	184	33	124	36	0	0	49	1466	0	62	0	66	0	0	0	13	0	0	4	0	59	0	0	88	40	0	0	0	1688	0	0	10	0	1062	72	0	0	0	27	0	12	0	9	0	0
MET224	0	0	2	13	0	121	18	105	0	173	4	0	0	0	11	9	0	49	113	396	30	3	18	10	169	268	0	293	0	7	0	0	0	0	21	0	5	4	0	0	13	0	0	0	16	0	2	29	0	0	27	2	10	15	0	0	28	836	0	36	0	13	0	0	0	1	0	0	0	0	68	0	0	90	60	0	0	0	6322	0	0	43	0	459	17	0	0	0	56	0	16	0	0	0	0
MET225	0	0	22	0	0	164	8	249	0	127	0	0	0	0	4	63	6	55	118	1346	11	3	123	8	388	209	18	73	228	0	17	0	0	1	61	6	0	2	73	1	171	0	0	8	137	0	37	149	0	130	109	19	32	185	0	0	171	1374	0	216	0	77	0	0	0	187	0	0	3	0	73	1	0	151	256	0	0	0	1965	0	188	0	0	918	0	0	0	0	29	4	25	0	3	0	0
MET227	0	12	139	0	0	368	13	65	26	0	0	13	44	4	0	49	0	11	0	419	48	8	42	0	645	427	0	354	195	68	107	2	0	6	50	52	0	0	30	25	604	0	7	60	582	0	164	294	10	0	16	26	56	0	11	0	25	1325	19	3	9	0	0	0	0	105	0	0	26	3	130	44	0	77	34	275	12	0	2031	0	0	127	0	348	0	173	0	54	107	5	17	0	1	0	0
MET228	0	0	15	0	0	767	21	148	5	20	0	4	86	41	0	52	246	62	3	329	12	109	41	30	552	320	22	792	0	0	55	22	0	3	189	22	28	14	42	0	783	0	35	12	196	0	102	600	7	0	58	15	4	0	113	0	67	678	313	1	0	0	0	0	0	98	0	0	16	245	303	20	0	44	84	606	20	0	305	0	0	260	0	41	509	188	0	83	106	1	29	0	2	0	0
MET231	343	0	0	3	0	302	7	51	0	19	0	7	0	0	2	2	11	4	16	188	0	0	84	0	47	112	47	39	86	36	22	48	0	0	9	0	0	0	7	0	26	0	0	2	70	0	0	134	0	7	30	46	0	162	9	0	12	371	0	0	0	5	7	0	0	9	0	70	0	23	47	4	0	17	45	160	0	0	7116	0	51	0	37	17	0	0	0	0	23	0	0	0	7	0	0
MET232	337	0	10	2	0	274	28	63	0	10	0	15	1	27	1	5	0	3	11	152	0	15	45	0	134	138	5	1	274	105	134	106	0	0	19	0	6	0	66	0	66	0	9	25	67	0	5	254	0	0	25	100	0	354	310	0	13	675	21	0	0	22	14	0	0	17	0	23	0	16	95	5	1	15	95	67	1	0	5430	0	11	1	13	32	6	156	0	0	59	0	3	0	7	0	0
MET233	179	2	12	0	0	436	11	7	8	0	0	30	0	0	9	1	0	0	9	727	0	12	77	0	121	20	22	31	54	208	94	0	0	0	12	0	0	0	0	0	89	0	0	5	96	0	1	160	0	0	0	10	0	508	7	0	12	545	1	1	0	16	11	0	0	0	0	0	0	0	13	44	1	3	28	193	16	0	6025	0	55	0	0	27	0	0	0	0	37	0	9	0	6	0	0
MET24	0	0	3	10	0	154	8	0	0	14	0	0	55	0	0	0	0	24	6	0	0	0	245	16	32	618	1	36	0	0	0	0	0	0	0	0	0	0	0	0	0	0	0	0	2	0	0	0	0	2	12	0	0	279	0	0	0	354	0	0	0	0	1	0	0	0	0	46	0	0	35	0	0	33	11	0	0	0	7754	0	177	0	0	70	3	0	0	0	0	0	0	0	0	0	0
MET25	0	0	0	0	0	686	21	0	0	103	0	0	56	0	0	0	0	29	31	0	0	0	233	0	59	423	62	224	0	0	0	0	0	0	0	0	0	0	0	0	0	0	0	0	0	0	0	0	0	0	0	0	0	112	0	0	0	198	0	0	0	0	0	0	0	0	0	0	0	0	53	0	0	85	73	0	0	7	7548	0	0	0	0	0	0	0	0	0	0	0	0	0	0	0	0
MET26	0	0	0	0	0	334	0	0	0	68	68	0	120	0	34	0	0	95	5	0	28	0	223	90	82	473	107	90	0	0	0	0	0	0	0	0	0	0	0	0	26	0	0	0	0	0	0	0	0	0	155	0	0	100	0	0	13	221	0	0	0	0	0	0	0	0	0	39	0	0	149	0	0	30	71	0	0	0	7120	0	220	9	0	0	5	23	0	0	0	0	0	0	0	0	0
MET28	1632	0	0	19	0	608	0	0	0	147	5	0	487	252	33	0	700	56	111	0	0	0	256	0	594	881	45	905	168	147	98	0	2	181	0	4	1	0	0	0	393	151	0	0	57	0	0	176	0	0	0	0	0	0	0	0	24	114	0	0	274	41	0	0	0	128	0	0	0	0	183	0	15	242	156	0	53	0	109	0	0	47	0	0	0	368	0	4	0	21	0	0	60	51	0
MET29	2202	0	0	0	0	556	0	0	0	0	0	0	411	217	0	0	0	0	1297	0	944	0	65	64	329	1249	0	2399	162	0	0	0	0	0	0	0	0	0	0	0	78	0	0	0	0	0	0	0	0	0	0	0	0	0	0	0	0	0	0	0	19	0	0	0	0	0	0	0	0	0	0	0	0	0	9	0	0	0	0	0	0	0	0	0	0	0	0	0	0	0	0	0	0	0	0
MET3	0	0	320	0	0	250	0	47	0	0	0	0	0	16	0	0	0	0	0	0	0	0	0	0	231	13	0	41	2040	525	327	0	0	0	92	8	0	0	0	0	1455	2	0	51	89	0	42	86	0	0	0	143	107	34	0	27	0	1952	25	0	0	860	3	0	0	0	0	0	0	33	0	69	13	1	8	0	0	0	0	0	471	219	37	37	12	0	0	0	15	0	0	114	186	0	0
MET30	4	0	0	53	0	736	47	0	0	233	0	0	125	19	29	7	0	55	0	7	0	0	83	0	182	427	13	1335	11	23	8	0	5	0	0	2	51	5	0	0	102	0	0	1	13	0	2	83	0	0	33	72	0	0	0	0	0	103	0	2	4	47	0	0	0	5	0	21	0	0	9	264	10	119	404	0	412	0	4185	0	0	525	0	49	0	76	0	0	1	0	0	0	0	0	0
MET33	154	17	0	22	43	312	12	41	11	120	8	0	103	4	0	0	50	45	89	9	16	55	35	8	752	224	9	1063	20	0	37	0	0	0	42	0	35	9	0	0	256	0	3	34	52	0	0	27	0	45	4	36	0	1834	129	0	0	972	53	49	0	30	0	0	0	21	0	0	3	0	203	5	0	191	368	0	0	0	1939	4	0	40	168	62	98	4	0	26	0	0	0	0	1	0	0
MET34	140	4	0	6	0	544	17	12	2	766	0	0	390	56	33	0	303	267	0	21	0	44	41	131	1296	342	22	1673	67	6	0	0	0	0	0	0	11	0	0	0	104	0	69	0	0	0	0	11	0	10	0	0	0	1066	0	0	0	672	0	389	8	0	0	0	0	0	0	0	0	0	326	0	0	38	666	0	0	0	0	8	0	0	0	0	60	0	378	0	0	0	0	0	0	0	0
MET35	192	8	28	1	13	970	43	56	11	253	11	0	1	48	6	22	53	106	30	408	0	39	109	33	351	288	75	711	114	22	19	0	16	0	55	0	44	8	6	0	113	0	0	18	91	0	12	100	0	0	0	21	0	1960	2	0	29	613	94	34	13	45	3	0	0	133	0	0	3	0	187	13	0	71	334	0	0	0	1815	5	0	0	0	36	7	0	0	95	0	0	0	0	0	0	0
MET37	643	0	0	0	0	0	0	0	0	23	0	0	0	0	0	0	0	16	55	0	0	0	149	0	11	258	0	204	290	104	79	49	0	0	0	0	0	0	0	0	34	0	0	0	0	0	0	44	0	0	0	0	0	19	0	0	0	164	0	0	0	0	0	0	0	0	0	0	0	0	0	0	0	20	28	0	0	0	7392	0	0	0	0	416	0	0	0	0	0	0	0	0	0	0	0
MET38	125	0	15	1	0	334	1	19	0	41	0	0	162	4	7	0	0	33	22	0	0	21	76	0	72	150	0	332	637	93	49	87	0	0	175	5	11	0	14	0	108	0	0	8	54	0	15	130	0	0	103	47	10	2656	0	0	0	598	0	37	0	21	0	0	0	66	0	0	0	0	83	8	4	23	63	0	65	0	3006	0	0	0	0	234	171	0	0	0	6	0	0	0	0	0	0
MET39	0	0	0	0	0	648	0	0	0	107	0	0	60	0	49	0	0	82	62	0	0	0	241	0	144	756	0	305	0	0	0	0	0	0	0	0	0	0	0	0	0	0	0	0	0	0	0	0	0	0	37	0	0	0	0	0	0	371	0	0	0	0	0	0	0	0	0	0	0	0	170	0	0	10	6	0	0	0	6814	0	0	0	0	139	0	0	0	0	0	0	0	0	0	0	0
MET4	0	0	0	4	0	236	0	301	0	85	0	0	0	449	0	0	182	0	0	0	0	0	10	11	812	137	0	120	548	249	76	0	0	0	208	7	4	0	188	0	782	0	0	94	73	0	68	212	0	65	0	295	120	581	228	14	0	1640	123	2	0	232	0	0	0	0	0	0	0	654	72	16	28	65	127	0	0	0	0	0	275	7	0	10	24	0	0	0	23	13	0	113	399	19	0
MET41	14	0	131	5	0	638	12	30	7	89	0	0	25	14	0	95	0	44	0	916	14	46	63	59	139	88	59	192	3	0	0	0	0	0	5	17	2	31	0	14	148	0	1	14	77	0	29	73	0	0	130	35	27	1910	268	0	39	1123	82	3	0	36	0	0	0	82	0	44	7	10	93	0	0	316	322	0	51	1	1758	0	0	41	0	2	160	344	0	7	5	0	10	0	0	0	0
MET42	126	0	139	14	8	850	29	43	8	94	0	0	9	36	6	28	0	44	0	1276	0	93	72	14	741	456	101	69	55	0	51	0	0	4	23	39	1	30	9	2	175	0	1	24	183	0	35	144	0	0	48	133	33	1559	94	0	48	1241	16	21	13	19	0	0	0	89	0	199	18	12	131	0	0	152	326	0	33	0	38	0	0	53	0	46	239	343	0	0	31	0	29	0	0	0	0
MET43	86	0	28	13	65	1033	49	1	0	165	0	0	178	18	14	103	0	78	3	245	21	77	2	19	308	763	3	188	1	0	0	0	0	0	0	6	15	49	0	0	43	0	20	9	74	0	17	95	0	0	0	9	1	699	488	0	7	489	41	2	0	6	0	0	0	62	0	123	4	28	132	0	12	259	250	0	19	0	2943	0	0	4	0	44	466	85	0	0	32	0	0	0	0	0	0
MET46	0	0	15	1	0	918	13	23	0	57	0	0	165	67	0	66	0	12	28	1729	111	80	150	81	385	596	90	130	0	0	0	0	0	0	29	0	35	2	0	0	42	0	5	6	17	0	0	35	0	0	535	4	0	713	30	0	0	833	0	0	0	19	9	0	0	1	0	520	0	47	162	0	2	68	67	222	126	0	1167	0	183	83	161	54	23	0	0	40	37	0	7	0	0	0	0
MET47	0	0	170	53	0	2113	49	17	0	9	2	0	42	12	0	0	0	0	2	411	12	74	11	6	726	44	7	72	85	0	40	0	0	0	9	1	0	0	0	0	487	0	0	19	9	0	0	18	0	46	14	25	0	339	682	8	0	1604	0	2	0	303	28	0	0	0	0	0	18	0	44	115	7	11	32	54	66	7	1335	0	293	253	79	11	9	12	0	18	12	5	72	0	0	0	0
MET48	0	0	9	27	0	889	67	36	0	100	6	0	118	15	0	17	0	0	22	375	468	69	96	118	691	444	112	98	6	0	8	0	7	0	27	0	24	20	0	39	69	0	0	15	0	0	0	82	0	0	328	12	0	73	747	0	0	1320	3	0	0	40	5	0	0	3	0	464	12	139	163	47	1	96	160	146	201	0	1025	0	149	71	56	2	445	8	0	105	80	0	28	0	0	0	0
MET51	0	0	32	3	1	1157	54	0	0	270	0	0	0	25	104	104	0	141	325	378	276	2	173	267	1098	1004	84	34	9	0	0	0	0	0	12	0	32	7	0	0	28	0	0	11	51	0	4	9	0	0	122	29	0	429	2	0	33	808	0	109	0	86	19	0	0	37	0	0	0	0	138	23	0	24	242	0	0	0	1129	0	529	237	0	235	37	34	0	0	0	0	2	0	0	0	0
MET52	0	0	94	26	45	890	59	104	0	1332	0	0	0	12	0	0	87	146	23	185	194	0	186	202	251	347	62	24	48	0	2	0	16	0	38	2	23	1	0	0	90	0	0	17	151	0	16	52	0	0	87	43	0	2211	0	0	12	419	286	37	13	194	62	0	0	117	0	0	0	39	119	10	0	171	337	0	0	0	370	0	3	90	0	77	345	230	0	0	0	0	3	0	0	0	0
MET53	0	0	4	19	14	956	107	9	0	776	0	0	0	14	84	12	0	276	247	419	285	0	247	181	63	847	221	495	0	0	0	0	0	0	8	0	34	3	0	0	8	0	4	0	25	0	5	9	0	0	99	16	0	222	0	0	9	175	0	51	0	33	11	0	0	19	0	0	0	0	279	52	0	55	258	0	0	0	2614	0	0	37	0	0	696	0	0	0	0	0	0	0	0	0	0
MET55	33	0	29	8	0	834	2	0	0	26	0	127	87	0	0	0	17	31	46	515	0	16	87	16	97	69	0	295	223	29	32	0	0	0	0	0	3	0	0	0	54	0	0	8	0	0	0	19	0	0	35	3	0	32	0	0	0	956	0	48	0	0	0	0	0	0	0	7	0	0	34	0	0	94	67	0	0	0	5152	0	532	1	146	190	0	0	0	0	0	0	0	0	0	0	0
MET56	47	0	15	0	0	0	0	53	0	24	0	662	6	0	0	0	0	44	36	2608	0	0	30	0	3	946	0	0	305	167	137	0	0	0	7	6	0	0	57	0	124	39	0	20	45	0	55	163	0	90	11	27	8	112	0	14	0	288	0	0	12	15	4	0	0	12	0	237	0	0	0	0	0	7	9	0	0	0	3049	0	162	0	22	199	0	0	101	0	2	0	0	11	10	0	0
MET57	0	17	107	0	0	0	0	0	0	0	0	140	0	0	0	0	0	40	268	1369	0	0	94	2	0	545	0	0	0	0	578	0	0	0	0	1	0	0	19	0	82	58	0	0	1	0	0	83	0	0	117	0	6	65	0	0	0	3745	0	0	133	49	0	0	0	29	0	0	0	0	0	0	0	1	26	0	0	0	2051	0	137	0	0	236	0	0	0	0	0	0	0	0	0	0	0
MET6	0	12	15	878	0	374	11	29	31	34	6	0	41	171	0	3	10	1	29	0	0	7	155	6	370	48	0	76	1084	483	594	51	2	0	220	89	4	0	4	0	667	0	0	84	115	0	41	190	0	31	40	1149	2	34	163	26	18	505	12	2	7	15	64	0	0	203	0	132	0	217	76	27	0	77	103	0	0	0	0	0	257	107	0	41	577	15	0	8	32	11	107	0	11	0	0
MET60	0	8	18	18	0	267	11	193	11	189	0	7	16	14	3	6	0	42	49	147	4	4	177	2	193	660	12	149	47	18	37	0	0	0	23	0	0	0	0	0	55	0	3	3	73	18	6	191	0	0	13	49	4	48	2	0	55	471	0	8	0	31	5	0	5	0	0	0	0	10	17	33	0	68	81	43	0	0	5127	0	930	58	0	100	3	44	0	0	113	0	0	0	0	9	3
MET61	196	0	45	0	0	2	0	37	0	86	0	0	0	0	0	0	8	23	12	16	23	0	130	1	17	320	0	49	33	45	71	0	0	0	4	12	0	0	0	0	87	0	0	0	79	0	18	390	0	0	0	21	25	50	0	0	18	1039	0	12	0	21	2	0	45	0	0	0	0	0	0	80	0	34	7	0	0	0	4951	0	1517	22	0	125	0	0	0	0	307	0	0	0	0	0	21
MET62	48	0	15	0	0	16	0	24	0	99	0	2	0	0	4	28	0	2	12	118	23	0	72	2	31	253	6	131	35	34	44	0	0	0	3	8	0	0	0	0	131	0	0	3	58	10	17	159	0	230	0	5	9	465	0	0	12	572	0	13	0	15	4	0	14	0	0	0	0	0	7	33	0	22	12	8	0	0	6949	0	118	8	0	37	0	22	0	0	26	0	0	13	11	0	4
MET64	2	0	50	0	83	20	4	23	0	16	36	0	237	1	0	3	0	3	95	31	38	7	51	85	416	141	15	0	53	0	6	0	15	0	28	0	12	32	13	0	201	0	0	16	167	0	21	111	0	6	248	124	14	580	57	19	1	647	36	11	0	13	0	0	0	16	0	23	0	24	96	17	2	126	145	0	0	0	4839	0	374	79	0	52	0	0	0	0	415	0	0	0	0	0	0
MET65	227	0	57	5	22	27	5	17	0	8	0	0	137	1	0	30	0	0	55	32	47	8	22	65	246	101	14	0	42	0	72	0	23	0	68	17	12	16	145	6	311	0	0	24	222	0	39	301	0	0	107	231	55	2006	11	0	1	1383	19	16	6	19	41	0	0	34	0	0	1	23	120	28	0	216	364	0	0	0	1982	0	235	0	0	78	68	56	0	0	472	0	4	0	0	0	0
MET66	9	0	0	0	0	0	0	0	0	0	0	0	2	0	0	3	0	0	2	0	0	0	0	0	5	27	0	0	0	0	0	0	0	0	0	0	0	0	0	0	8	0	0	0	0	0	0	2	0	0	0	0	0	159	0	3	0	154	0	0	0	0	0	0	0	0	0	12	0	0	15	2	0	6	15	0	0	0	9042	0	449	8	0	5	66	0	0	0	5	0	0	0	0	0	0
MET69	250	10	36	2	0	164	0	289	15	5	0	0	0	3	29	6	0	9	11	131	0	3	0	0	381	247	0	295	316	108	200	0	0	19	327	0	0	0	0	0	400	0	0	36	141	0	31	239	0	1	283	0	2	1149	0	0	313	2378	30	0	0	53	0	0	0	1	0	0	0	0	20	0	15	65	41	675	0	0	861	0	27	0	112	0	0	222	0	0	0	0	0	10	38	0	1
MET7	0	0	0	5325	0	1268	16	0	0	192	0	0	54	120	0	0	289	0	81	0	0	0	77	30	427	146	0	114	73	47	87	0	24	0	4	0	36	0	0	48	463	0	0	0	0	0	0	5	0	0	0	4	0	1	13	0	0	270	0	14	96	0	1	0	0	29	0	0	0	7	383	86	0	100	33	0	0	0	0	0	7	0	0	0	15	0	0	0	0	0	14	0	0	0	0
MET70	813	45	53	0	0	101	0	142	70	0	0	0	0	0	4	10	0	0	10	130	0	0	1	0	65	122	0	85	3260	284	201	0	0	7	204	4	0	0	0	0	853	1	0	6	152	0	60	264	0	0	0	0	1	164	0	0	263	1528	0	0	0	110	0	0	0	3	0	0	0	0	0	0	0	36	17	327	0	0	64	0	232	0	197	28	0	11	0	0	0	0	0	23	11	16	24
MET71	588	2	17	33	0	1225	1	34	3	55	7	2	0	40	180	224	0	6	88	564	0	41	105	19	132	70	6	1062	1194	118	208	0	0	13	20	18	19	5	0	0	772	1	7	3	104	0	17	154	0	0	7	0	0	177	13	0	29	741	2	27	25	48	0	0	0	11	0	26	0	0	135	0	0	9	359	641	0	0	357	0	16	0	17	87	0	0	0	0	92	4	0	3	3	0	15
MET74	0	0	46	1	0	26	18	68	2	103	0	0	0	0	0	282	88	29	116	2679	396	0	307	53	216	989	0	92	0	0	0	0	0	0	0	33	0	0	0	0	28	0	1	4	9	0	9	57	0	0	467	21	13	48	0	0	219	1741	0	11	4	52	63	0	0	0	0	52	0	0	0	0	0	58	68	351	0	0	165	0	841	10	0	1	27	0	0	130	4	0	0	0	0	0	0
MET75	0	10	193	0	0	9	4	369	29	320	3	46	0	0	0	333	3	14	33	1205	567	0	252	333	171	1779	11	57	0	0	0	0	0	0	11	24	0	0	0	6	0	0	32	14	17	0	41	346	52	0	0	122	64	53	0	0	234	912	0	9	40	62	11	0	0	0	0	0	0	0	11	0	0	128	42	17	0	0	1076	0	0	190	0	616	108	0	0	0	10	0	0	0	8	0	0
MET76	0	4	28	0	0	866	83	95	7	90	412	8	0	0	0	756	9	12	47	122	0	462	77	387	266	2712	0	1204	0	0	0	0	0	0	0	13	34	1	0	0	4	0	759	0	5	0	26	16	0	0	40	19	0	12	0	3	16	429	0	12	11	13	15	0	0	0	0	0	0	0	258	0	0	222	24	138	0	0	18	0	0	8	0	138	9	68	0	39	3	0	0	0	0	0	0
MET78	0	0	154	0	0	0	0	326	0	0	0	0	0	0	0	0	0	0	0	0	0	0	0	0	0	0	0	0	26	7	0	0	0	0	6	16	0	0	90	0	3	0	0	0	8	0	0	88	0	0	0	0	0	0	0	0	0	287	0	0	0	0	0	0	20	1	0	0	0	0	0	0	0	0	0	0	0	0	8940	0	4	0	0	17	0	0	0	0	0	0	0	0	8	0	0
MET79	0	0	329	0	0	0	0	216	0	0	0	0	0	0	0	0	0	0	0	0	0	0	0	0	0	0	0	0	30	9	16	4	0	0	6	0	0	0	230	0	1	0	0	0	0	0	0	66	0	0	9	0	0	0	0	0	0	189	0	0	0	0	0	0	2	0	0	0	0	0	0	0	0	0	0	0	0	0	8881	0	6	0	0	0	0	0	0	0	0	0	0	0	3	0	0
MET8	0	0	0	33	0	297	25	300	1	98	0	0	30	21	0	0	39	0	22	0	0	0	86	0	1148	97	0	143	1212	588	1098	32	5	0	13	31	0	0	5	0	922	0	0	7	101	0	82	90	0	0	27	199	9	480	29	25	0	490	7	0	0	15	47	0	0	1089	0	14	0	82	52	164	14	9	93	0	1	0	0	0	68	44	0	0	407	0	0	1	0	17	92	0	1	0	0
MET80	0	0	100	0	0	0	0	737	0	2	0	0	0	0	0	0	0	0	0	268	0	0	0	0	0	7	0	0	26	26	19	0	0	0	1	41	0	0	121	0	10	0	0	0	4	0	10	758	0	0	10	0	14	0	0	0	0	631	0	0	0	0	0	0	4	2	0	0	0	0	0	0	0	0	0	0	0	0	6771	0	419	0	0	19	0	0	0	0	0	0	0	0	0	0	0
MET82	695	7	32	8	0	740	18	75	17	178	0	123	34	0	11	154	58	46	70	0	0	0	439	15	97	525	0	648	513	43	137	0	0	23	8	8	7	1	0	0	223	2	13	112	221	0	16	71	10	0	43	65	4	656	47	4	32	1349	0	31	86	22	1	0	0	0	0	332	43	0	129	0	22	12	175	183	0	0	590	0	140	11	96	294	0	222	0	2	0	8	0	0	4	0	0
MET83	2090	6	55	0	0	318	1	69	25	110	0	5	0	0	0	55	0	27	16	0	0	0	874	0	144	184	0	319	170	66	65	0	0	28	3	35	0	0	0	10	203	26	0	0	282	0	22	179	15	0	120	59	14	202	0	0	11	1126	0	39	85	115	0	0	0	1	0	0	18	0	63	0	0	21	77	23	0	0	700	0	1223	0	0	319	0	0	37	2	0	9	0	80	253	0	0
MET84	1919	0	44	0	0	522	7	186	4	149	1	3	37	0	0	12	24	29	71	0	0	0	905	0	314	252	1	431	199	28	94	6	0	167	94	42	0	0	0	13	536	9	1	18	443	0	23	96	6	3	26	53	3	170	35	0	46	1336	0	12	184	106	0	0	0	3	0	84	17	0	52	3	61	11	83	18	0	0	41	0	0	29	0	102	0	702	0	71	0	9	0	12	45	0	0
MET86	94	0	11	21	0	199	10	71	0	73	32	54	0	418	0	15	0	6	98	813	31	22	58	7	53	173	3	394	40	6	5	0	0	0	22	0	32	2	0	0	55	0	0	0	33	0	34	40	0	0	264	44	0	1276	0	0	0	532	0	17	0	20	5	0	0	0	0	528	0	0	121	6	0	103	62	127	0	0	3613	0	61	28	18	220	0	0	0	0	18	0	0	0	14	0	0
MET87	9	0	0	0	0	57	1	95	0	18	0	84	10	73	0	38	81	7	14	766	0	0	216	12	17	141	4	102	7	0	2	0	0	0	0	1	8	0	0	0	14	0	0	1	61	0	4	11	0	0	70	29	0	649	0	0	13	505	0	0	0	21	1	0	0	0	0	81	0	0	49	0	0	389	104	141	0	0	5735	0	144	2	0	213	0	0	0	0	0	0	0	0	1	0	0
MET88	0	0	32	0	0	245	4	98	0	33	51	35	1	297	10	55	0	3	50	1008	15	30	33	13	66	172	12	304	25	0	5	0	0	8	23	6	32	2	0	17	200	0	0	10	135	0	61	137	0	0	255	93	15	1088	0	0	53	871	0	11	3	46	0	0	0	2	0	0	0	0	151	5	0	83	147	395	0	0	2613	0	443	10	8	401	37	0	0	12	25	0	0	0	0	2	0
MET91	0	14	33	0	0	576	25	173	18	51	18	0	0	11	96	64	0	18	199	146	48	36	75	0	231	601	4	364	21	8	17	0	1	0	0	114	7	0	0	0	16	0	0	10	4	0	8	20	0	0	199	89	9	3	14	107	96	1160	10	39	0	5	0	0	0	6	0	0	0	0	200	0	0	30	153	32	0	0	3595	0	917	18	0	6	238	0	0	32	12	0	0	0	0	0	0
MET92	0	4	0	10	0	627	0	429	0	29	0	8	26	13	0	1	0	20	2	732	6	8	26	5	135	388	0	1103	22	48	44	1	0	1	6	32	15	0	83	0	37	0	4	39	32	0	18	68	0	0	12	1455	164	14	30	0	11	2008	0	54	2	0	0	0	0	81	0	0	15	3	78	12	2	19	28	1200	0	0	61	0	157	1	0	4	0	0	0	40	523	0	0	0	0	0	0
MET93	0	8	18	43	0	673	18	225	4	29	38	18	82	7	13	49	0	39	0	276	103	101	1	0	112	176	14	379	0	8	20	13	0	0	19	9	25	1	0	0	22	0	0	14	14	0	15	76	0	43	88	59	13	0	508	6	3	1695	22	0	0	125	21	0	0	39	0	0	10	1	153	36	0	0	7	335	0	2	3043	0	533	55	12	99	225	41	0	38	120	0	0	0	4	0	0
MET95	565	12	34	97	0	171	5	199	22	69	0	50	3	2	5	2	25	0	10	64	0	0	132	12	223	75	17	67	185	136	101	0	0	5	255	0	1	0	0	0	585	1	9	58	55	0	29	811	0	0	14	258	1	1578	54	14	30	774	63	0	19	7	6	0	0	61	8	0	1	71	11	0	4	42	62	16	113	0	1287	0	7	35	151	3	5	1094	10	0	0	11	86	0	11	0	0
MET96	1034	30	17	40	0	335	5	37	53	89	492	92	0	0	10	11	43	0	0	449	0	0	277	0	76	101	6	178	329	166	105	0	0	25	98	0	0	0	0	0	882	14	0	3	75	0	13	452	0	19	0	68	0	872	0	0	6	772	0	0	42	0	4	0	0	7	0	0	3	21	15	0	0	49	59	19	496	0	1366	0	197	0	6	37	0	166	14	0	0	34	184	4	6	0	0
MET97	1956	9	17	38	0	295	0	284	8	19	0	42	0	4	7	25	86	0	0	416	0	0	48	0	335	66	0	50	144	107	73	0	0	20	21	0	0	0	0	0	612	8	0	0	168	0	16	549	3	0	0	60	21	2401	0	46	16	1291	0	0	47	0	1	0	0	8	0	0	2	43	53	0	0	5	3	54	0	0	130	0	175	0	0	0	0	1	0	0	0	32	180	5	0	0	0
MET99	503	0	0	0	0	708	9	36	0	121	0	0	6	0	42	40	0	123	18	1244	0	49	291	14	76	595	0	329	0	0	0	0	0	0	0	0	0	0	18	0	64	0	18	0	0	0	0	19	0	0	0	7	0	260	0	3	0	286	0	0	22	0	0	0	0	4	0	0	0	0	44	0	0	74	140	0	25	0	4679	0	0	0	3	88	0	0	0	0	29	0	11	0	0	0	0
