Name	Acidaminococcus_intestini	Adlercreutzia_equolifaciens	Agathobaculum_butyriciproducens	Akkermansia_muciniphila	Alistipes_finegoldii	Alistipes_indistinctus	Alistipes_putredinis	Alistipes_shahii	Alistipes_sp_An31A	Anaerostipes_hadrus	Anaerotruncus_colihominis	Asaccharobacter_celatus	Bacteroides_caccae	Bacteroides_cellulosilyticus	Bacteroides_dorei	Bacteroides_eggerthii	Bacteroides_faecis	Bacteroides_finegoldii	Bacteroides_fragilis	Bacteroides_massiliensis	Bacteroides_ovatus	Bacteroides_salyersiae	Bacteroides_stercoris	Bacteroides_thetaiotaomicron	Bacteroides_uniformis	Bacteroides_vulgatus	Bacteroides_xylanisolvens	Barnesiella_intestinihominis	Bifidobacterium_adolescentis	Bifidobacterium_longum	Bifidobacterium_pseudocatenulatum	Bilophila_wadsworthia	Blautia_hydrogenotrophica	Blautia_obeum	Blautia_sp_CAG_257	Blautia_wexlerae	Butyricimonas_synergistica	Butyricimonas_virosa	Clostridium_bolteae	Clostridium_citroniae	Clostridium_clostridioforme	Clostridium_innocuum	Clostridium_lavalense	Clostridium_leptum	Clostridium_sp_CAG_299	Clostridium_sp_CAG_58	Clostridium_symbiosum	Collinsella_aerofaciens	Collinsella_intestinalis	Collinsella_stercoris	Coprobacter_fastidiosus	Coprococcus_catus	Coprococcus_comes	Coprococcus_eutactus	Dielma_fastidiosa	Dorea_formicigenerans	Dorea_longicatena	Dorea_sp_CAG_317	Eggerthella_lenta	Eisenbergiella_massiliensis	Eisenbergiella_tayi	Erysipelatoclostridium_ramosum	Escherichia_coli	Eubacterium_eligens	Eubacterium_hallii	Eubacterium_ramulus	Eubacterium_rectale	Eubacterium_siraeum	Eubacterium_sp_CAG_180	Eubacterium_sp_CAG_38	Eubacterium_ventriosum	Faecalibacterium_prausnitzii	Firmicutes_bacterium_CAG_110	Firmicutes_bacterium_CAG_83	Flavonifractor_plautii	Fusicatenibacter_saccharivorans	Gemmiger_formicilis	Gordonibacter_pamelaeae	Haemophilus_parainfluenzae	Holdemanella_biformis	Holdemania_filiformis	Hungatella_hathewayi	Intestinimonas_butyriciproducens	Lachnospira_pectinoschiza	Lawsonibacter_asaccharolyticus	Methanobrevibacter_smithii	Monoglobus_pectinilyticus	Odoribacter_splanchnicus	Oscillibacter_sp_57_20	Oscillibacter_sp_CAG_241	Parabacteroides_distasonis	Parabacteroides_johnsonii	Parabacteroides_merdae	Paraprevotella_xylaniphila	Parasutterella_excrementihominis	Phascolarctobacterium_faecium	Prevotella_copri	Proteobacteria_bacterium_CAG_139	Roseburia_faecis	Roseburia_hominis	Roseburia_intestinalis	Roseburia_inulinivorans	Ruminococcus_bicirculans	Ruminococcus_bromii	Ruminococcus_gnavus	Ruminococcus_lactaris	Ruminococcus_torques	Ruthenibacterium_lactatiformans	Slackia_isoflavoniconvertens	Streptococcus_parasanguinis	Streptococcus_salivarius	Streptococcus_thermophilus	Turicimonas_muris	Veillonella_parvula	[Collinsella]_massiliensis
BOURSI_R1.D0	102	4	381	1	0	0	1	0	0	615	0	10	0	0	417	0	0	11	3	127	11	4	134	4	149	308	0	0	0	399	528	0	0	9	0	8	0	0	0	0	0	1	0	0	0	0	0	456	0	1	0	20	24	0	0	79	174	0	3	0	0	50	223	49	78	48	104	0	0	14	0	2050	0	0	3	309	5	0	0	0	0	0	0	571	1	0	0	0	0	0	43	0	4	0	22	7	0	0	61	0	95	468	0	5	832	0	825	11	0	33	4	4	0	97	0
BOURSI_R10.D0	13	7	27	0	1	0	28	1	0	105	0	6	2	0	8	0	11	0	0	4	12	0	5	0	15	1	0	2	1206	302	16	0	0	17	0	14	0	0	0	0	0	0	0	0	0	0	0	485	0	0	0	11	251	342	0	114	381	0	0	0	0	0	0	17	117	52	849	0	282	8	14	573	2	20	0	200	39	0	1	175	0	0	0	0	0	97	0	0	1	1	2	0	13	0	0	0	0	0	19	118	39	27	73	1170	0	0	125	0	0	444	2125	1	0	7	0
BOURSI_R2.D0	0	3	114	3	3	0	0	1	0	113	0	11	0	0	46	2	2	0	0	18	6	1	35	0	26	95	0	0	0	78	0	0	0	100	0	110	0	0	0	0	0	0	0	0	0	0	0	1240	0	2	0	37	19	0	0	127	207	0	0	0	0	0	8	34	122	40	2434	0	0	16	5	746	15	6	0	170	44	1	0	0	2	0	0	76	0	95	0	6	50	1	42	0	20	5	0	0	1845	0	527	36	65	10	215	253	0	1	706	2	0	0	2	0	0	0	0
BOURSI_R3.D0	0	37	278	0	0	12	0	6	0	237	0	15	31	0	340	91	0	0	4	0	50	0	187	0	672	31	0	43	583	542	12	3	40	97	0	11	0	0	0	0	0	2	0	4	0	0	0	778	0	2	0	56	22	768	0	174	396	1	1	0	0	0	196	26	96	54	452	171	3	0	0	476	0	227	8	165	2	4	0	0	0	0	0	44	2	0	0	0	0	42	66	0	83	5	0	0	0	0	205	6	43	13	83	1229	29	0	1	11	87	293	332	24	0	0	0
BOURSI_R4.D0	0	19	87	55	1	0	52	0	0	1186	0	7	0	0	18	0	8	0	0	4	3	0	4	0	79	43	1	4	0	131	31	6	0	236	0	229	0	0	0	0	0	2	0	0	0	40	0	526	0	2	0	0	193	0	0	187	188	633	1	4	1	2	17	94	157	53	18	9	755	0	8	626	3	151	16	234	47	50	0	12	0	0	7	3	9	23	0	0	63	102	7	0	2	0	0	31	1	0	17	50	5	44	704	1428	0	0	680	75	10	24	365	115	0	0	0
BOURSI_R5.D0	34	0	183	342	2	1	0	0	0	173	0	0	12	0	132	0	0	0	0	9	16	10	8	18	119	0	28	27	1	622	352	0	0	413	4	50	3	0	0	0	0	0	0	102	0	0	0	952	0	1	0	4	304	0	0	58	479	0	6	0	0	0	0	29	30	36	8	2	0	0	0	1326	0	1	2	274	60	20	0	0	0	0	0	0	0	0	0	11	34	8	15	0	20	0	0	0	1274	0	495	46	95	216	49	582	0	819	9	4	0	3	34	33	0	0	0
BOURSI_R6.D0	0	0	132	90	0	33	146	0	0	277	0	0	47	0	33	0	0	0	0	0	66	0	0	25	163	7	0	0	89	366	304	0	0	673	1	58	0	0	0	0	0	2	0	0	0	0	0	193	0	0	0	54	0	84	0	13	536	0	3	0	0	1	0	32	376	0	472	0	160	0	32	3174	0	120	11	135	117	11	1	0	0	0	0	16	0	0	0	11	8	0	12	0	0	0	0	0	403	0	323	62	0	338	353	0	12	0	303	0	0	19	105	0	0	0	0
BOURSI_R7.D0	0	1	267	46	0	6	60	0	0	386	0	1	2	0	4	0	0	0	0	7	7	2	18	0	4	57	0	2	1	31	63	4	10	113	0	99	0	0	0	1	0	1	0	7	0	47	0	1341	0	5	0	60	177	0	0	745	954	0	0	0	0	0	0	4	186	43	1084	0	0	0	3	1006	0	26	2	190	35	9	0	13	0	0	0	0	0	0	0	0	8	0	44	0	35	5	0	0	9	0	109	16	14	441	0	1781	0	0	339	19	35	7	8	0	0	0	0
BOURSI_R8.D0	0	4	14	1197	0	0	6	0	0	90	0	2	52	8	308	0	0	0	0	4	13	0	2	1	214	19	0	6	269	297	0	0	0	82	0	40	0	0	0	0	0	0	0	0	0	0	0	1140	1	2	0	120	293	2	0	97	452	0	0	0	0	0	110	0	72	34	566	11	644	5	0	1083	29	12	0	530	97	1	0	18	0	0	0	6	0	543	0	8	58	101	23	0	137	2	3	0	273	0	52	24	1	0	0	379	0	208	143	8	76	0	0	0	0	0	2
BOURSI_R9.D0	0	1	197	22	2	0	29	1	0	360	0	1	9	0	9	4	7	20	0	8	1	0	140	0	110	163	7	16	1128	610	1294	0	0	29	0	7	0	0	0	0	0	0	0	3	0	0	0	584	0	1	0	71	62	1	0	57	187	0	0	0	0	0	2	147	117	10	1010	0	124	26	0	1134	4	3	0	474	25	0	0	0	0	0	0	0	0	0	0	9	33	12	70	0	109	4	0	0	0	0	1204	43	28	55	28	0	0	34	96	0	56	0	4	0	0	0	0
BOURSI_R1.D31	97	0	190	3	10	0	239	10	0	193	0	0	11	0	0	0	8	0	0	6	12	0	21	2	53	147	1	21	457	659	274	0	0	0	24	117	0	0	1	0	0	39	0	1	0	0	0	1108	2	4	0	0	0	0	0	145	548	0	160	0	0	5	0	0	16	24	1219	0	0	6	11	898	0	0	29	434	41	49	0	0	0	0	2	48	4	0	0	0	0	0	14	0	55	9	0	11	703	0	570	60	660	362	0	0	153	0	0	17	0	0	4	0	0	34	0
BOURSI_R1.D65	18	7	67	1	23	13	217	28	0	116	9	14	13	5	2	0	2	0	0	39	8	0	5	0	257	388	0	136	60	1861	244	2	0	0	52	18	0	0	12	4	0	20	3	0	0	0	0	769	3	10	0	0	0	0	0	115	460	0	303	0	1	2	1381	5	13	1	369	0	0	0	0	1612	0	0	25	73	1	54	7	0	0	0	4	0	2	0	0	10	0	0	34	0	32	23	0	33	71	0	11	62	1	109	0	0	196	0	0	17	0	34	50	0	0	462	0
BOURSI_R1.D7	40	0	6	4335	23	6	865	24	0	203	25	0	10	4	0	0	24	0	0	52	15	0	0	95	55	543	0	144	27	13	0	0	0	0	49	62	4	0	15	12	78	56	0	9	0	0	11	233	0	2	18	0	0	0	0	18	38	0	133	0	0	127	505	0	0	1	0	0	0	0	2	114	0	0	22	0	11	16	0	0	0	1	1	0	0	0	0	50	0	0	77	0	130	1	0	98	0	0	0	0	0	216	0	0	1222	0	0	83	0	3	0	70	0	6	0
BOURSI_R10.D31	0	5	115	0	0	2	94	17	0	91	0	2	0	1	219	0	24	7	0	4	6	3	6	0	188	3	0	36	5	33	73	1	0	88	0	26	0	0	0	0	0	0	0	0	0	0	0	174	0	0	0	19	82	184	0	108	353	0	0	0	0	0	1	289	78	19	3	0	76	34	0	1928	16	8	2	200	37	17	23	9	0	0	0	0	0	49	0	2	64	15	20	0	60	69	0	0	2368	0	1284	11	0	20	0	266	0	0	25	0	44	316	593	0	0	81	0
BOURSI_R10.D65	0	2	287	0	0	1	95	36	0	69	0	1	0	5	71	0	14	12	0	11	7	1	10	0	188	51	0	84	0	3	31	2	0	69	0	13	0	0	0	0	0	0	0	0	0	0	0	124	0	0	0	15	96	486	0	68	329	0	0	0	0	0	0	107	76	38	174	0	54	86	2	1387	0	22	1	62	36	29	74	8	0	0	0	29	0	0	0	5	34	18	57	0	58	81	0	0	3076	0	543	44	99	5	0	127	0	0	155	0	57	317	544	0	0	416	0
BOURSI_R10.D7	21	8	372	0	1	7	82	37	0	143	0	2	0	5	185	0	27	2	0	12	13	3	7	2	164	16	0	62	6	123	642	3	0	153	0	13	0	0	0	0	0	0	0	0	0	0	0	267	0	0	0	56	109	1761	0	86	337	0	0	0	0	0	0	56	0	10	156	0	540	12	1	1188	8	25	15	496	15	16	21	4	0	0	1	19	0	6	0	4	8	15	13	4	123	76	0	0	905	0	1	6	116	73	0	177	0	0	0	7	113	200	506	0	0	334	0
BOURSI_R2.D31	0	18	136	2	1	0	47	1	0	52	2	9	2	1	36	0	2	0	11	1	0	1	2	0	50	0	0	7	113	581	144	0	1	137	0	83	0	0	0	0	0	1	0	0	0	0	0	857	0	0	0	5	133	1901	0	137	366	0	0	0	1	1	41	2	196	0	488	0	0	6	13	916	13	8	7	508	54	6	0	7	0	0	0	0	1	89	0	1	35	1	8	0	13	0	0	0	12	0	940	44	211	67	0	1260	0	0	133	27	39	0	8	0	0	0	0
BOURSI_R2.D65	0	2	108	1	0	1	61	4	0	15	0	1	1	0	221	0	6	2	0	16	2	3	26	1	104	1	0	11	50	98	92	2	1	37	0	35	0	0	0	0	0	0	0	0	2	0	0	428	0	0	0	2	40	146	0	122	180	0	0	0	0	0	32	15	94	0	1417	0	54	88	4	855	0	20	13	182	60	3	2	4	0	0	0	93	0	2	0	3	44	3	25	0	21	7	0	0	1369	0	1457	27	106	667	0	1447	2	0	24	4	16	0	21	0	0	1	0
BOURSI_R2.D7	0	0	198	3769	12	2	289	13	0	165	2	0	54	7	597	0	8	0	15	98	17	42	1	14	106	1	0	20	8	138	78	2	0	86	0	52	2	0	0	0	0	0	0	0	0	0	0	260	0	0	0	4	7	130	0	79	193	0	21	0	0	5	279	12	50	0	192	0	73	46	17	1354	0	67	58	178	49	13	0	13	0	0	0	8	7	12	0	7	59	3	46	37	25	22	0	2	3	0	475	37	140	162	0	0	0	0	9	30	8	0	0	0	0	8	0
BOURSI_R3.D31	33	0	137	0	6	51	174	19	0	247	2	0	0	4	0	0	3	0	0	17	2	0	3	3	104	52	0	71	767	944	0	0	0	0	7	644	0	0	0	0	1	56	0	4	0	0	0	2837	2	18	0	0	0	0	0	137	915	0	337	0	0	14	23	7	15	0	1	0	0	1	0	366	0	0	48	447	1	194	0	0	0	3	6	0	3	0	0	2	0	0	24	0	15	1	0	37	13	0	70	12	0	30	0	0	176	0	0	167	0	455	250	21	0	1	1
BOURSI_R3.D65	15	0	146	5	3	4	18	16	0	266	0	0	0	1	0	0	1	0	0	18	15	0	0	7	100	60	0	118	596	336	0	0	0	48	3	159	1	0	25	5	11	6	0	1	0	0	0	2063	0	8	0	5	0	0	0	116	1087	0	236	0	0	7	2	113	38	99	1624	27	0	5	1	517	0	0	3	196	5	128	0	0	0	0	2	0	0	0	0	3	15	0	40	0	30	3	0	19	25	0	113	128	4	20	0	0	60	0	0	60	0	871	343	0	0	1	0
BOURSI_R3.D7	89	0	33	984	10	92	478	46	0	0	0	0	0	23	0	0	20	18	0	26	6	0	19	7	1218	87	6	226	1662	428	0	0	0	0	2	226	3	0	0	0	0	169	0	1	0	0	0	612	4	10	0	0	0	0	0	82	1136	0	30	0	0	45	51	17	0	104	3	0	0	11	0	342	0	0	62	158	0	130	0	0	0	0	0	1	5	0	0	18	0	0	164	0	57	25	0	46	12	0	20	1	6	65	268	0	126	0	0	448	0	0	0	53	0	9	0
BOURSI_R4.D31	0	9	21	31	3	0	129	17	0	1378	0	4	20	70	313	0	43	3	0	98	17	35	0	9	596	1	0	32	3	34	18	3	3	660	0	218	1	0	0	0	0	0	0	6	0	0	0	827	0	0	1	94	94	646	0	424	644	0	0	0	2	0	257	2	330	0	51	1	16	0	17	385	35	321	15	183	83	118	0	41	0	0	1	0	0	463	0	13	21	37	142	32	11	3	0	96	1	0	29	9	69	1	2	0	0	15	288	25	259	3	38	77	0	0	0
BOURSI_R4.D65	0	8	244	38	0	0	24	1	0	723	0	4	0	24	21	0	4	0	0	1	0	3	0	0	68	0	0	1	2	56	24	0	3	389	0	282	0	0	0	0	0	1	0	5	0	0	0	675	0	2	0	136	205	1042	0	348	396	0	0	0	0	0	27	0	311	6	152	0	630	0	16	134	18	110	1	443	87	33	0	10	0	0	0	1	0	270	0	0	2	14	4	2	1	0	0	16	2	0	829	2	7	8	77	523	0	2	336	5	78	42	951	118	0	0	0
BOURSI_R4.D7	0	3	338	9	0	6	40	5	0	319	0	0	2	8	182	0	2	8	0	9	3	28	0	6	264	2	0	8	5	238	145	0	4	1007	0	244	0	0	0	0	0	0	0	2	0	0	0	859	0	0	0	82	477	250	0	509	1142	0	0	0	0	0	462	5	0	0	101	0	976	0	0	216	1	27	18	337	36	26	3	37	0	0	0	7	0	0	0	2	2	1	31	11	13	23	0	2	32	0	196	37	1	106	0	0	0	4	408	5	95	0	153	323	0	98	0
BOURSI_R5.D31	3	0	149	196	1	10	125	3	0	202	0	0	3	3	0	0	4	0	0	5	3	0	2	1	17	74	0	40	1102	245	0	0	0	0	8	488	0	0	1	0	1	4	0	18	0	0	0	1574	1	7	0	1	0	1	0	220	940	0	71	0	0	6	10	0	52	60	2405	0	0	0	38	394	0	0	1	579	55	76	0	0	0	0	1	6	0	0	0	1	0	0	11	0	17	0	0	0	21	0	100	1	14	84	469	1	11	0	0	12	0	0	1	49	0	0	0
BOURSI_R5.D65	66	37	186	242	11	6	157	4	0	77	0	28	11	0	0	0	7	0	0	2	1	0	2	0	39	52	0	38	988	205	0	0	0	0	12	323	0	0	6	1	3	6	0	10	0	0	0	2432	2	12	0	2	0	0	0	204	789	0	66	0	0	0	48	0	20	48	2190	0	0	0	12	532	0	0	8	549	73	53	0	0	0	1	0	2	0	0	0	1	0	0	4	0	10	1	0	1	18	0	147	0	13	37	147	2	34	0	0	9	0	0	8	4	0	0	1
BOURSI_R5.D7	42	0	110	707	12	1	74	2	0	186	0	0	0	4	1	0	5	0	0	6	2	0	50	0	392	296	8	24	1471	310	0	0	0	0	13	74	0	0	1	0	0	9	0	0	0	0	0	630	0	2	0	0	0	0	0	83	690	0	109	0	0	1	24	0	17	21	3553	0	0	0	1	512	0	0	19	178	82	22	0	0	0	0	0	0	0	0	0	1	0	0	9	0	9	6	0	14	0	0	167	3	3	8	0	0	7	0	0	29	0	0	0	0	0	0	0
BOURSI_R6.D31	0	0	42	6	1	0	26	2	0	14	0	0	0	1	21	0	2	3	1	10	8	1	27	2	36	132	0	13	0	6	5	0	0	33	0	8	0	0	0	0	0	0	0	0	0	0	0	21	0	0	0	10	23	967	0	25	71	0	0	0	0	0	15	136	9	8	23	0	149	840	7	598	3	17	3	29	7	3	9	2	0	0	0	0	0	0	0	3	15	0	6	0	44	14	0	1	3032	0	409	58	2955	20	0	0	1	0	36	0	6	5	11	0	0	13	0
BOURSI_R6.D65	0	5	197	0	1	5	12	6	0	136	0	1	0	0	2	0	6	0	8	0	3	0	2	0	25	29	0	24	139	1007	850	1	5	110	0	74	0	0	0	0	0	0	0	3	0	5	0	1646	0	1	0	168	71	816	0	261	416	0	0	0	0	0	28	3	296	42	126	0	454	2	13	1011	33	43	8	721	20	23	0	23	0	0	0	0	0	0	0	0	3	0	1	0	23	0	0	0	60	0	422	0	0	81	0	0	0	0	370	5	94	2	51	0	0	2	0
BOURSI_R6.D7	18	0	324	0	15	15	118	35	0	184	2	0	0	7	124	0	6	0	3	2	86	0	7	38	293	366	23	71	12	79	61	0	0	40	0	64	0	0	0	0	0	0	0	0	0	0	0	71	0	0	1	26	73	1941	0	54	254	0	0	0	0	0	1	32	32	3	42	0	1471	15	12	1518	0	10	39	224	45	3	0	10	0	0	0	125	0	0	0	8	18	0	52	11	126	33	0	2	443	0	587	74	0	115	0	484	3	0	9	3	19	0	2	0	0	14	0
BOURSI_R7.D31	25	113	200	49	6	3	275	8	0	308	0	35	5	1	0	0	8	0	0	35	3	0	1	14	22	166	1	44	255	142	0	3	0	0	437	521	0	0	11	15	11	51	11	40	0	0	0	1499	13	39	0	0	0	0	0	269	1317	0	338	0	0	43	25	0	247	92	976	0	0	0	2	723	0	0	25	445	18	73	0	0	0	0	0	42	0	0	0	0	0	0	29	0	21	23	0	88	44	0	110	11	48	290	0	0	215	0	0	45	0	27	41	0	0	0	2
BOURSI_R7.D65	35	295	195	71	4	17	96	14	0	183	0	74	2	7	0	0	7	0	0	4	17	0	6	6	98	113	1	40	32	39	0	1	0	0	45	994	0	0	0	0	1	12	0	4	0	0	0	1747	0	6	0	0	0	0	0	299	1209	0	340	0	1	7	1	51	314	112	845	0	0	0	6	425	0	0	17	781	4	102	0	0	1	0	1	32	2	0	0	2	0	0	42	0	83	111	0	73	88	0	255	144	89	162	18	0	66	0	0	30	0	32	84	0	0	5	0
BOURSI_R7.D7	13	0	50	166	0	2	28	0	0	183	0	0	0	0	0	0	0	0	0	1	9	0	0	2	5	11	0	10	93	0	0	1	0	0	41	235	0	0	8	0	2	34	0	70	0	0	0	1283	0	2	0	0	0	0	0	124	1580	0	77	0	0	11	25	0	44	95	4384	0	0	0	0	239	0	0	0	331	2	110	0	0	0	0	0	0	0	0	0	0	0	0	5	0	8	1	0	111	2	0	388	14	8	22	0	0	68	0	0	48	0	2	49	0	0	1	0
BOURSI_R8.D31	0	1	11	134	30	0	20	11	0	84	0	0	3	180	433	0	27	5	0	9	6	34	0	30	200	4	0	195	33	593	140	4	0	45	0	66	0	0	0	0	0	0	0	30	0	0	0	233	0	0	0	25	49	1473	0	76	203	0	0	0	7	0	14	100	80	52	53	0	111	13	5	542	36	0	0	326	98	1	0	36	0	58	3	31	1	1325	0	8	65	155	114	2	64	15	0	0	59	0	52	28	7	6	21	1979	4	1	14	38	33	0	48	0	0	3	0
BOURSI_R8.D65	0	0	34	11	1	0	31	3	0	265	0	0	38	46	776	0	1	2	0	8	31	36	0	35	169	88	4	326	855	203	95	2	0	58	0	62	0	0	0	0	0	0	0	23	0	0	0	235	0	0	0	69	80	224	0	85	364	0	0	0	0	0	2	83	282	77	26	0	94	20	0	688	38	8	0	643	91	0	0	3	0	5	3	10	1	1119	0	40	119	136	29	2	87	21	0	0	135	0	10	14	4	82	132	1683	0	0	3	18	27	0	2	0	0	0	0
BOURSI_R8.D7	0	25	8	0	18	237	137	28	0	32	0	7	42	14	1281	0	34	1	0	3	290	164	0	200	329	1	9	13	0	0	0	2	0	12	0	7	4	1	0	10	0	1	0	1	0	0	0	18	0	0	2	0	24	209	0	27	214	0	0	0	0	0	136	54	0	0	28	0	635	8	45	813	0	1	373	207	0	4	0	3	0	0	0	384	6	0	0	34	26	0	270	6	148	13	82	0	2761	3	19	2	0	0	0	1	2	0	0	29	32	0	1	0	1	467	0
BOURSI_R9.D31	54	0	83	0	2	16	168	12	0	261	0	0	0	2	0	0	20	0	0	6	28	0	9	15	91	110	0	50	534	310	0	0	0	14	0	45	0	0	1	0	0	0	0	3	0	0	0	309	0	2	0	0	0	229	0	52	326	0	125	0	0	2	0	107	136	14	3420	0	0	6	43	884	0	37	30	152	0	51	0	0	0	0	12	28	7	0	0	17	28	0	42	0	93	13	0	17	1015	0	170	6	7	60	577	0	7	0	0	3	0	4	63	14	0	59	0
BOURSI_R9.D65	17	0	69	21	1	1	65	10	0	746	0	0	1	1	0	0	10	0	0	13	2	0	4	2	46	145	0	31	284	211	0	0	0	17	1	153	0	0	1	0	0	0	0	1	0	0	0	273	1	2	0	0	0	2294	0	39	345	0	168	0	0	0	0	238	54	11	861	0	47	17	4	494	0	66	12	92	9	57	0	0	0	0	2	59	5	0	0	10	23	0	15	0	23	21	1	4	2240	0	213	15	22	51	0	338	7	0	0	4	0	3	4	0	0	3	0
BOURSI_R9.D7	55	0	168	182	2	3	141	7	0	246	0	0	0	1	0	0	5	0	0	8	8	0	4	18	39	84	2	42	508	262	0	0	0	0	0	208	0	0	1	0	0	16	0	1	0	0	0	561	0	1	0	0	0	1	0	82	494	0	59	0	0	5	0	70	25	40	2878	0	0	1	49	768	0	0	19	429	0	57	0	0	2	0	3	242	1	0	0	0	0	0	6	0	41	1	0	6	289	0	1286	24	78	329	0	0	33	0	0	13	0	23	33	3	0	37	0
PT_18_0007D_7	0	0	0	0	0	0	920	0	0	1	0	0	776	294	0	0	0	0	0	0	0	0	0	389	2209	2840	491	934	0	0	0	24	0	1	0	0	0	0	1	0	0	0	0	2	13	0	0	0	4	1	97	0	0	0	2	1	0	1	0	1	0	1	1	0	0	0	0	0	0	6	0	2	0	3	9	0	0	0	0	1	5	0	8	0	3	0	0	170	0	0	461	0	0	0	27	15	0	212	3	0	1	32	0	3	4	0	0	22	0	0	0	0	11	0	0
PT_18_0018D_23	0	0	0	4	3	0	11	0	1	0	5	0	988	5	1695	0	0	40	0	0	371	0	1584	0	2329	10	1	331	0	24	0	0	0	0	0	1	0	0	0	0	87	3	0	0	0	0	0	0	0	0	0	0	0	0	0	0	0	0	1	0	0	2	542	0	0	0	83	0	1	0	0	3	0	0	158	0	0	0	0	0	0	0	0	0	0	1	1	0	0	1	2	0	323	0	60	1	6	518	1	0	0	0	1	3	8	0	0	729	0	7	9	1	43	0	0
PT_18_0032D_22	0	0	18	0	271	0	7	0	0	0	0	0	1890	493	6	0	0	0	1047	0	101	0	1	1377	1836	10	0	1	0	0	0	0	0	0	29	34	0	50	0	0	8	0	0	1	225	41	0	0	0	0	0	0	0	0	0	0	27	0	1	0	0	0	0	0	0	0	163	0	0	0	0	1	0	1	17	0	0	0	4	0	4	0	0	17	13	0	0	0	0	0	1183	0	744	0	0	140	4	0	67	0	120	0	0	0	28	0	0	0	0	10	2	0	0	5	0
PT_18_0033D_23	0	0	0	1	24	8	367	0	0	0	0	0	3	138	2	0	1	0	0	0	283	0	2772	286	2102	2841	19	184	0	0	0	2	0	19	0	5	23	19	1	0	0	0	2	0	0	3	2	0	0	0	0	0	0	0	0	0	14	0	1	0	0	1	0	0	0	3	2	0	0	25	1	89	0	0	1	0	0	0	26	0	0	0	4	0	0	0	0	0	197	0	111	0	75	0	74	1	5	6	1	0	48	174	0	18	3	10	0	2	0	0	0	0	1	3	0
PT_18_0034D_22	0	0	0	800	3	33	2	115	0	0	1	0	424	449	273	0	0	30	0	0	131	0	1	661	3958	927	0	0	0	0	0	0	0	3	2	0	0	0	64	1	54	0	0	5	0	15	14	9	0	0	0	0	0	0	0	0	0	0	0	2	0	0	0	0	1	12	352	0	0	0	0	32	0	218	5	5	0	6	0	0	0	0	0	0	9	0	7	259	78	0	714	0	94	0	185	0	1	14	3	1	0	0	0	0	0	0	14	3	0	0	0	0	7	0	0
PT_19_0001D_29	11	18	10	2	553	0	1052	143	0	41	62	35	399	34	1	5	0	0	41	0	218	0	12	1	334	1214	7	346	29	33	0	1	23	147	1	329	0	0	6	3	0	24	3	4	0	26	8	440	1	7	0	58	152	0	4	143	42	12	18	2	95	0	28	53	21	42	33	2	0	0	0	317	0	148	67	114	0	5	0	0	3	8	1	31	3	163	25	73	1	385	432	92	329	0	29	27	344	12	60	0	60	143	1	6	94	0	0	584	34	29	29	17	0	0	1
PT_19_0002D_7	46	0	1	8	8	18	377	12	521	0	0	0	61	0	39	7	71	0	0	32	4	0	128	0	348	121	19	95	0	0	0	0	0	0	0	0	1	1	0	0	0	0	0	0	0	0	0	1	0	0	7	0	2	0	0	0	1	0	0	0	0	0	0	16	0	0	76	38	0	1	0	59	3	0	0	0	0	0	1	0	0	0	0	0	0	0	0	41	7	8	58	1	110	97	2	0	7541	0	5	0	0	0	5	0	0	0	0	0	0	0	0	0	0	0	0
PT_19_0006D_22	26	0	3	0	5	22	371	64	1	49	0	0	15	16	75	21	0	72	0	42	213	3	50	14	473	719	8	696	93	52	0	0	0	3	0	0	5	86	0	0	0	0	0	5	0	0	0	109	0	3	0	3	14	29	0	10	66	0	0	0	0	0	0	510	81	20	902	95	530	0	164	797	0	96	2	353	10	0	0	94	0	0	0	472	31	0	0	102	49	0	169	0	948	266	1	0	295	0	157	15	6	5	6	241	0	64	16	4	59	0	3	0	0	0	0
PT_19_0007D_28	0	0	9	0	648	9	12	12	0	25	1	0	818	466	439	0	170	0	0	0	349	352	205	2	1550	2176	0	0	0	4	0	1	0	16	0	4	2	41	0	0	0	0	0	0	0	0	0	13	0	0	0	0	16	0	1	7	9	0	0	3	0	7	0	336	0	0	75	0	1	0	0	171	0	58	20	0	98	0	0	0	1	0	14	66	5	0	0	151	245	162	141	0	200	0	3	20	6	5	1	0	151	202	139	124	4	228	0	8	0	0	0	0	1	0	0
PT_19_0009D_24	0	0	0	7	9	0	13	0	0	9	0	0	5	6	0	0	0	782	0	0	7	0	413	1	437	6426	949	2	0	0	0	5	0	0	1	0	0	0	0	0	0	0	0	0	0	0	0	11	0	0	0	0	5	0	0	0	64	0	0	0	0	0	20	0	0	0	487	0	0	0	0	0	0	0	1	0	0	0	0	0	0	0	0	0	2	0	0	1	0	0	3	0	3	0	182	0	3	15	2	0	0	40	0	0	62	0	0	0	0	0	0	0	27	0	0
PT_19_0010D_24	0	1	2	317	11	0	1278	24	0	0	3	1	235	200	175	0	114	39	20	0	43	0	3545	11	2107	213	176	286	0	0	0	7	0	0	6	7	1	5	1	0	0	0	0	3	6	3	1	2	0	0	0	0	3	0	1	0	7	0	0	0	1	0	35	0	0	3	0	0	0	0	0	0	0	0	55	0	0	0	0	0	0	0	0	0	3	0	0	13	0	0	696	0	147	12	99	0	4	7	0	0	0	0	0	0	7	0	0	64	0	0	0	0	0	0	0
PT_19_0013D_21	0	0	0	4	863	0	8	0	0	0	0	0	9	2	24	0	0	0	0	421	2230	0	4	3	39	3983	0	1	0	9	0	9	0	0	0	3	0	0	2	0	0	0	0	0	0	0	0	0	0	0	0	0	0	0	0	0	6	0	0	0	2	0	0	0	0	0	1	78	0	0	0	363	0	7	24	0	0	0	22	21	0	0	0	0	0	0	0	155	0	0	8	0	781	0	210	0	8	22	0	33	0	604	0	0	0	0	0	7	0	26	0	0	3	3	0
PT_19_0023D_22	0	0	0	10	772	0	16	0	1	2	4	0	5	200	11	0	0	362	8	55	377	282	3	210	3648	1942	3	0	0	88	114	0	0	0	0	30	0	0	11	2	8	5	0	0	33	18	1	0	0	0	0	0	0	0	0	0	0	2	43	0	1	0	61	0	0	0	229	17	0	0	0	188	0	0	78	0	0	14	0	0	0	3	32	0	0	0	0	1	0	0	0	0	285	57	21	0	6	133	36	0	0	0	57	401	62	0	0	37	0	1	9	0	2	0	0
PT_19_0024D_9	0	1	24	44	2	40	1805	134	0	3	10	1	2	134	2	2	0	9	0	0	82	0	40	89	1326	1239	1	1	0	0	1	10	0	7	0	34	0	0	0	0	0	0	0	12	2	12	1	23	0	0	0	0	7	57	0	3	8	0	0	1	0	0	44	128	5	0	299	0	1984	0	0	385	0	0	64	11	0	1	0	0	0	0	1	39	7	3	0	0	182	0	75	89	2	0	34	318	17	211	78	22	150	13	448	108	0	64	0	47	0	0	0	0	3	0	0
PT_19_0026D_22	10	3	1	2	8	47	778	48	0	21	8	2	130	182	89	0	1	8	17	3	47	0	46	29	2224	358	19	6	20	26	8	10	0	36	0	205	0	0	0	0	0	0	0	44	0	58	0	97	2	16	0	16	68	48	0	38	95	0	0	41	2	0	423	27	39	0	40	0	280	0	3	542	0	0	14	666	13	2	0	0	5	2	7	129	23	1	0	0	88	5	84	31	82	0	12	97	19	14	503	22	705	18	495	75	354	19	49	186	0	0	0	11	0	0	0
PT_18_0007D101	0	0	9	1	123	0	144	0	2	2	0	0	1713	70	77	0	0	0	8	0	405	0	7	180	1320	4431	86	329	0	0	0	28	0	0	0	0	0	0	0	0	0	0	0	0	20	14	0	1	1	0	82	0	0	0	3	0	0	90	0	3	0	0	49	0	0	0	6	0	0	9	0	6	0	0	12	0	0	0	0	0	6	0	0	0	0	0	0	80	0	0	147	0	2	0	41	15	5	354	0	0	78	0	0	0	0	0	29	2	0	0	0	0	11	0	0
PT_18_0007D174	0	0	0	4	3502	0	1101	0	0	0	2	0	325	580	156	0	0	0	548	0	10	0	2	36	698	1013	123	1060	0	0	0	12	0	0	0	0	0	0	1	0	2	0	0	1	0	4	21	10	0	0	0	0	0	0	0	0	0	3	0	0	0	0	40	0	0	0	3	46	0	0	0	24	0	8	0	0	0	0	0	0	4	0	0	0	0	0	0	239	0	0	215	0	1	0	11	5	0	117	0	21	2	0	0	13	0	0	21	11	0	0	0	0	7	0	0
PT_18_0007D20	0	0	6	0	442	0	1771	0	0	3	0	0	911	232	26	0	0	0	12	0	301	0	0	160	1833	1679	300	1003	5	22	0	27	0	0	1	3	0	0	0	0	0	0	0	4	11	2	0	4	3	1	143	0	0	0	0	0	0	7	0	7	0	0	0	0	0	0	35	2	0	56	0	22	0	13	5	3	0	0	0	0	1	0	1	0	1	0	0	317	0	0	146	0	0	0	41	36	0	313	0	7	8	0	0	24	0	0	11	19	0	0	0	0	20	0	0
PT_18_0007D21	0	0	4	0	237	0	1761	0	0	7	2	0	1236	332	52	0	0	0	21	0	427	0	0	157	1232	2282	399	556	1	1	0	31	0	0	2	1	0	0	0	0	0	0	0	14	16	4	0	5	2	1	140	0	0	0	0	0	0	6	0	15	0	0	0	0	1	0	20	0	0	6	0	9	0	27	7	1	0	0	0	1	0	0	2	0	1	0	0	249	0	0	293	0	0	0	27	55	0	223	0	1	29	0	0	29	0	0	3	39	0	0	0	0	36	0	0
PT_18_0007D267	0	0	1	473	744	0	2023	0	0	2	4	0	194	1194	454	0	0	0	137	0	130	0	0	32	1057	1065	4	1160	1	0	0	38	0	0	0	2	0	0	2	0	0	0	0	0	5	16	0	2	0	0	151	0	0	0	1	0	0	4	0	4	0	0	18	0	0	0	3	3	1	1	0	11	0	3	4	4	0	0	0	0	0	0	0	0	5	0	0	183	0	1	178	0	1	0	52	13	9	483	0	0	52	0	0	1	0	0	44	10	0	0	0	0	18	0	0
PT_18_0007D357	0	0	0	9	1705	0	2072	0	0	0	2	0	870	598	58	0	0	0	458	0	474	0	3	142	633	351	25	978	0	0	0	15	0	46	2	0	0	0	3	0	0	0	0	0	9	6	1	7	6	0	126	0	0	0	2	0	0	72	4	3	0	0	3	0	0	0	34	0	0	3	0	48	0	55	15	46	0	1	0	2	0	0	3	0	30	0	0	675	0	0	244	0	1	0	4	5	1	35	0	0	2	0	0	0	0	0	96	9	0	0	0	0	4	0	0
PT_18_0007D41	0	0	0	0	386	0	1240	0	0	10	2	0	764	351	62	0	0	0	11	0	289	0	0	130	1586	2413	337	581	26	3	0	15	0	8	3	1	0	0	0	0	0	0	0	4	8	19	0	12	3	1	165	0	0	0	0	0	0	17	0	28	0	0	168	0	7	0	103	29	0	38	0	233	0	75	25	53	0	0	0	2	4	0	6	0	7	0	2	199	0	0	199	0	0	0	20	25	0	151	0	1	23	0	0	108	0	0	25	12	0	0	0	0	10	0	0
PT_18_0007D471	236	0	1	425	2483	0	1398	0	0	0	15	0	115	324	158	0	0	0	73	0	126	0	1	40	1373	737	11	1331	0	0	0	8	0	0	0	0	0	0	2	0	0	0	0	2	3	4	0	2	0	0	57	0	0	0	2	0	0	1	0	2	0	0	2	0	0	0	10	110	0	7	0	15	0	33	7	2	0	0	0	0	1	0	1	0	5	0	0	416	0	0	257	0	1	0	14	11	2	113	9	0	1	0	0	13	0	0	3	25	0	0	0	0	14	0	0
PT_18_0007D514	227	0	69	3569	193	0	1258	0	0	5	0	0	487	52	97	0	2	0	281	0	74	0	1	6	467	672	3	283	2	0	0	127	0	1	0	0	0	0	0	0	0	0	0	3	2	13	0	21	0	0	4	0	0	0	0	0	0	12	2	18	0	0	0	0	3	0	7	0	0	0	0	7	0	6	0	1	0	0	0	0	0	0	0	0	0	0	0	14	0	1	147	0	1	0	105	278	4	1017	264	39	0	0	0	43	0	0	11	28	0	0	0	0	48	23	0
PT_18_0007D53	0	0	1	0	232	0	870	0	0	1	0	0	1238	470	216	0	0	0	14	0	146	0	0	108	1769	2561	512	821	1	0	0	53	0	3	0	0	0	0	0	0	0	0	0	1	2	0	0	6	5	0	223	0	0	0	1	0	0	6	0	5	0	0	0	0	0	0	4	0	0	5	0	19	0	2	1	1	0	0	0	0	1	0	0	0	0	0	1	147	0	0	232	0	0	0	29	26	0	231	0	1	8	0	0	13	0	0	1	7	0	0	0	0	7	0	0
PT_18_0007D7	0	0	16	0	0	0	955	0	0	8	0	0	867	38	0	0	0	0	0	0	0	0	0	158	831	4592	133	427	0	0	0	76	0	3	0	0	0	0	2	1	0	0	1	0	15	5	3	0	4	1	91	0	0	0	21	40	0	9	0	0	0	0	47	0	0	0	0	13	0	13	0	301	0	22	10	1	0	0	0	0	13	2	5	0	2	0	0	236	0	0	436	0	0	0	7	20	0	57	108	0	24	349	0	13	0	0	0	17	0	0	0	0	5	0	0
PT_18_0007D73	0	0	4	0	554	0	1243	0	0	1	0	0	833	815	1305	0	0	0	5	0	80	0	1	45	1643	1076	28	645	36	2	0	19	0	51	0	0	0	0	1	0	0	0	0	0	5	21	2	26	2	1	126	0	0	0	2	0	0	28	0	17	0	1	13	0	0	0	87	3	0	2	0	270	0	21	5	42	0	0	0	0	16	0	1	0	2	0	4	159	0	0	63	0	1	0	4	5	2	38	0	15	13	0	0	480	0	0	120	12	0	0	0	0	2	0	0
PT_18_0007D85	0	0	0	0	412	0	667	0	0	0	0	0	1233	71	585	0	0	0	102	0	970	0	3	61	1603	1762	638	426	0	0	0	24	0	0	0	0	0	0	2	0	3	0	0	0	11	2	0	4	6	0	43	0	0	0	0	0	0	7	18	1	0	0	47	0	0	0	1	0	0	29	0	7	0	0	0	0	0	3	0	0	0	0	0	0	0	0	0	364	0	0	610	0	0	0	25	9	2	225	0	0	2	0	0	0	0	0	15	0	0	0	0	0	6	0	0
PT_18_0018D112	0	0	0	19	29	0	28	0	0	0	18	0	8	10	1331	0	3	0	0	86	803	0	1906	585	1585	68	1502	3	0	0	0	11	0	0	0	0	0	0	0	0	6	0	0	0	0	0	0	0	0	0	0	0	0	0	0	0	0	0	0	0	0	0	0	0	0	0	3	0	0	0	0	0	0	0	118	0	0	0	0	0	0	0	0	0	0	0	0	0	0	0	1086	0	145	0	47	0	0	342	0	0	0	0	0	0	0	0	0	197	0	7	0	0	31	22	0
PT_18_0018D133	0	0	0	0	1	0	8	0	0	0	119	0	5	3	1323	0	0	0	0	284	454	0	1914	1043	415	1133	149	2	0	0	0	14	0	0	0	0	0	0	0	0	174	20	0	115	0	0	0	0	0	0	0	0	0	0	0	0	0	0	15	0	0	9	4	0	0	0	2	0	0	0	0	2	0	0	309	0	0	3	0	0	0	0	0	0	5	0	0	0	0	0	417	0	613	0	24	0	7	127	8	0	0	0	0	0	145	0	0	1091	0	5	0	17	18	1	0
PT_18_0018D21	0	1	2	1	76	177	1372	17	0	1	0	5	297	1	1467	0	3	57	0	112	51	0	96	523	687	6	3	343	6	0	0	132	9	0	0	1	0	0	0	0	0	0	0	2	0	19	0	96	0	0	0	0	2	0	0	0	9	1	7	0	1	0	92	0	1	1	3	0	0	0	0	13	0	81	0	0	5	2	1	0	0	0	9	0	9	0	0	9	46	8	179	0	480	0	662	5	915	1568	7	0	1	1	0	0	17	0	0	22	0	2	16	0	265	0	0
PT_18_0018D29	0	0	0	2	222	248	1629	33	0	1	0	0	143	1	1416	0	1	35	0	286	125	0	962	445	918	95	5	168	8	1	0	65	3	1	0	0	0	0	0	1	3	0	0	1	0	14	0	181	0	0	0	0	5	0	2	2	9	0	1	0	0	0	157	26	2	0	5	0	0	0	1	37	0	80	1	1	8	0	0	0	1	0	10	5	1	0	0	27	414	1	89	0	433	0	222	5	235	997	38	0	0	19	0	0	0	0	0	18	0	1	3	0	129	0	0
PT_18_0018D342	0	0	0	0	0	0	0	0	0	6	1	0	0	0	284	0	0	0	0	371	52	0	3213	430	877	1517	548	0	49	2	2	27	0	0	0	5	0	0	5	37	194	1	0	18	0	0	283	0	0	0	0	0	0	0	0	0	0	0	0	0	0	0	13	0	0	0	0	0	0	0	0	0	0	0	410	0	34	0	0	0	0	0	110	0	9	0	0	0	0	0	258	0	494	0	38	0	0	512	2	0	0	12	0	0	12	0	0	103	0	0	2	0	41	25	0
PT_18_0018D36	0	0	0	18	95	90	2242	15	3	0	0	0	141	1	77	0	1	37	0	294	163	0	332	734	272	3029	9	161	0	0	0	28	1	0	0	1	0	0	4	0	0	2	0	0	0	26	27	76	0	0	0	0	5	0	12	1	7	0	0	0	186	0	152	0	0	0	5	2	0	0	0	36	0	27	0	0	8	0	43	0	0	3	37	0	1	3	1	147	328	2	51	0	240	0	54	12	194	366	21	0	0	32	0	0	8	0	0	89	0	0	0	0	47	0	0
PT_18_0018D383	0	0	0	0	112	84	2974	83	0	4	0	1	0	2	10	0	0	0	0	134	118	0	453	71	217	979	126	207	12	0	0	35	24	0	0	6	0	0	0	14	61	0	0	1	0	53	53	0	7	0	0	0	0	0	0	0	0	0	14	0	0	0	326	0	0	0	0	0	0	0	0	28	0	40	83	0	6	1	0	0	0	0	95	0	2	0	0	119	237	98	106	0	156	0	126	90	1728	680	51	0	0	11	0	40	2	0	0	79	0	1	6	0	35	0	0
PT_18_0018D390	0	0	0	1	87	324	1389	74	0	0	0	0	0	0	135	0	0	0	0	503	137	0	231	87	338	666	2	471	22	1	0	12	7	1	0	0	0	0	0	0	0	0	0	1	0	9	0	0	8	0	0	0	0	0	0	0	0	0	0	0	0	0	10	12	0	0	0	0	0	1	0	139	0	52	13	0	3	0	5	0	2	1	17	0	2	0	0	111	545	690	131	0	634	0	79	0	2208	624	17	0	0	0	0	109	0	0	0	19	0	4	15	0	54	0	0
PT_18_0018D411	0	2	0	104	296	264	631	53	0	0	0	4	0	40	38	0	0	0	0	295	1312	0	718	501	1929	1389	0	303	6	6	0	76	15	0	0	0	0	0	1	0	22	5	5	1	0	10	12	0	301	4	0	0	0	0	5	0	0	5	0	0	0	0	335	0	0	0	0	0	0	0	0	3	0	196	0	0	0	1	0	0	1	2	14	0	0	0	0	43	0	372	39	0	143	0	29	6	10	309	2	0	0	8	0	0	0	0	0	25	0	28	51	12	19	0	0
PT_18_0018D419	0	0	0	187	270	155	1792	98	0	0	0	0	0	21	35	0	0	0	0	368	321	0	593	285	729	1710	2	1045	3	0	0	20	3	0	0	0	0	0	0	0	4	1	0	0	0	16	3	0	90	1	0	0	0	0	0	0	0	0	0	0	1	0	14	1	0	0	0	0	0	0	0	45	0	83	4	0	0	0	0	0	0	0	2	0	0	0	0	253	297	582	48	0	193	0	43	4	213	306	10	2	0	62	0	0	0	0	0	9	0	6	9	2	26	33	0
PT_18_0018D42	0	0	0	3	125	150	1592	36	0	0	0	1	367	3	10	0	0	43	0	171	128	0	470	170	528	3083	9	342	12	0	0	21	4	0	0	0	0	0	1	0	0	0	0	1	0	12	3	33	0	0	0	0	5	0	15	1	2	0	0	0	4	0	18	8	0	0	44	0	0	0	0	14	0	87	4	0	7	0	0	0	0	0	37	0	3	0	0	109	271	2	19	0	127	0	123	0	589	925	58	0	0	3	0	0	0	0	0	121	0	1	5	0	80	0	0
PT_18_0018D424	0	1	0	541	475	135	768	76	0	0	8	3	0	9	38	0	0	0	0	163	284	0	590	359	1440	1527	2	713	13	0	0	39	4	2	0	0	0	0	0	7	14	1	5	0	0	36	8	0	76	1	0	0	0	0	2	0	0	0	4	0	9	0	18	2	4	0	0	2	0	0	0	13	0	58	9	0	4	1	0	0	0	1	26	0	1	0	0	293	228	1295	76	0	289	0	18	9	69	102	12	3	0	22	0	0	0	0	0	13	0	18	28	9	5	21	0
PT_18_0018D432	0	0	0	350	436	96	1656	105	0	0	2	0	0	6	56	0	0	0	0	252	361	0	710	126	593	1691	1	1014	12	0	0	15	2	0	0	0	0	0	2	2	14	0	1	0	0	12	5	0	62	1	0	0	0	0	0	0	0	0	0	0	4	0	35	6	0	0	0	0	0	48	0	49	0	80	8	0	3	0	0	0	0	0	40	0	0	0	0	393	162	585	53	0	182	0	34	0	388	98	156	18	0	26	0	0	0	0	0	4	0	9	20	2	10	3	0
PT_18_0018D440	0	0	0	96	303	204	1045	72	0	0	0	1	0	8	48	0	0	0	0	339	510	0	930	39	1168	1625	1	366	8	2	0	45	6	0	0	0	0	0	0	1	12	0	1	0	0	20	1	0	153	2	0	0	0	0	0	0	0	0	0	0	1	0	117	0	0	0	0	3	0	0	0	24	0	87	4	0	3	0	0	0	0	0	8	0	3	0	0	69	479	663	56	0	442	0	33	5	517	342	5	0	0	18	0	0	0	0	0	22	0	9	20	3	32	26	0
PT_18_0018D447	0	0	0	295	240	54	1049	55	0	0	2	0	0	17	728	0	0	0	0	20	611	0	412	855	1159	625	0	540	27	3	0	30	2	2	0	0	0	0	1	3	21	2	2	0	0	33	59	0	89	1	0	0	0	0	5	0	0	0	0	0	21	0	94	0	1	0	0	0	0	0	0	14	0	25	24	0	31	0	0	0	0	7	17	0	1	0	0	545	250	922	274	0	550	0	45	89	3	47	0	0	0	1	0	0	0	0	0	6	0	35	42	5	10	0	0
PT_18_0018D452	0	0	0	265	363	197	1514	49	0	4	3	1	0	16	661	0	0	0	0	437	279	0	409	261	1469	976	1	752	0	0	0	29	1	1	0	0	0	0	0	0	5	0	0	0	0	10	3	0	37	0	0	0	0	0	0	0	0	0	0	0	3	0	140	0	0	0	0	0	0	0	0	7	0	5	5	0	0	0	0	0	0	5	20	0	0	0	0	272	369	437	115	0	296	0	35	47	267	159	4	0	0	27	0	0	0	0	0	10	0	7	12	0	15	0	0
PT_18_0018D461	0	0	0	314	234	179	1216	56	0	0	0	0	0	1	2	0	0	0	0	221	328	0	652	28	732	1869	4	434	16	2	1	35	14	0	0	1	0	0	0	0	10	0	3	0	0	19	4	0	77	1	0	0	0	0	0	0	0	0	0	0	0	0	178	2	0	0	0	0	0	4	0	26	0	61	18	0	4	0	0	0	0	0	6	0	0	0	0	39	180	747	44	0	211	0	76	1	1266	363	209	21	10	17	0	0	0	0	0	7	0	15	17	3	19	0	0
PT_18_0018D466	0	1	0	9	168	180	1560	54	0	0	0	1	0	4	282	0	0	0	0	421	407	0	368	30	672	1560	3	421	5	0	0	17	8	0	0	0	0	0	0	0	3	0	0	0	0	23	0	0	23	0	0	0	0	0	1	0	0	0	1	0	1	0	18	0	2	0	0	0	0	0	0	46	0	71	7	0	3	0	1	0	0	1	2	0	3	0	0	143	430	573	60	0	348	0	58	3	1348	451	14	0	0	23	0	0	0	0	0	12	0	8	18	1	33	101	0
PT_18_0018D47	0	1	0	1	219	61	1591	35	0	0	6	2	181	1	37	0	1	3	0	187	275	0	251	1386	412	3189	5	72	1	0	0	7	5	1	0	0	0	0	2	0	1	19	0	0	0	6	13	27	0	0	0	0	13	0	43	1	1	2	1	0	348	0	10	0	0	0	7	0	0	0	0	203	0	37	2	0	16	1	35	0	0	3	20	0	0	0	0	351	134	32	19	0	372	0	18	13	19	90	27	0	0	100	0	0	0	0	0	68	0	1	1	0	11	0	0
PT_18_0018D473	0	0	0	210	185	63	1615	82	0	0	2	0	0	7	1124	0	0	0	0	148	432	0	223	26	722	1462	2	1410	2	0	0	14	7	0	0	0	0	0	0	0	8	0	0	0	0	18	8	0	43	0	0	0	0	0	3	3	0	3	0	0	7	1	28	0	0	0	0	0	0	0	0	14	0	27	29	0	0	0	0	0	0	24	6	0	1	0	0	470	224	927	50	0	205	0	21	17	3	35	0	0	0	35	0	0	18	0	0	9	0	3	13	0	7	3	0
PT_18_0018D482	0	0	0	543	201	42	527	40	0	0	0	0	0	2	811	0	0	0	0	277	960	0	327	61	1338	1420	24	728	2	0	0	12	7	0	0	0	0	0	0	0	4	3	2	0	0	35	5	0	52	0	0	0	0	0	1	0	0	2	0	0	3	0	49	0	0	0	0	0	0	0	0	51	0	40	19	0	2	0	0	0	0	2	22	0	0	0	0	358	425	831	35	0	95	0	16	3	133	105	2	21	0	90	0	0	0	0	0	7	0	3	5	0	10	248	0
PT_18_0018D490	0	0	0	153	305	99	628	47	0	0	6	0	0	4	303	0	0	0	0	322	458	0	278	251	3622	1233	32	368	30	2	1	57	7	0	0	0	0	0	0	1	7	1	0	0	0	22	21	0	120	1	0	0	0	0	7	0	0	0	0	0	10	0	174	0	0	0	0	0	0	0	0	3	0	72	1	0	9	0	0	0	0	0	10	0	1	0	0	148	113	518	97	0	162	0	28	30	8	137	0	0	0	9	0	0	0	0	0	40	0	14	15	11	6	0	0
PT_18_0018D496	0	0	0	41	289	241	1365	52	0	0	5	1	0	1	87	0	0	0	0	309	318	0	318	161	793	1505	4	379	0	0	0	21	9	0	0	0	0	0	0	0	7	0	3	0	0	9	0	0	45	0	0	0	0	0	0	0	0	0	2	0	1	0	97	0	0	0	0	0	0	0	0	12	0	45	0	0	2	0	0	0	0	0	13	0	0	0	0	62	214	542	79	0	400	0	115	10	1884	461	2	0	0	19	0	0	0	0	0	7	0	16	14	6	29	1	0
PT_18_0018D503	0	2	0	1396	311	135	924	49	0	0	2	8	0	1	587	0	0	0	0	176	311	0	97	211	1846	655	1	418	10	0	0	22	8	4	0	0	0	0	0	5	16	0	0	0	0	15	19	0	134	2	0	0	0	0	0	0	0	0	5	0	36	0	899	0	0	0	0	0	0	0	0	0	0	19	0	0	0	1	0	0	0	0	5	0	0	0	0	62	6	940	39	0	406	0	20	37	1	76	0	0	0	12	0	0	0	0	0	39	0	9	17	4	1	0	0
PT_18_0018D514	0	0	0	201	418	67	958	31	0	0	9	0	0	2	1855	0	0	0	0	53	515	0	96	775	1301	398	0	552	3	0	0	14	13	0	0	0	0	0	1	2	6	0	0	0	0	18	21	0	41	0	0	0	0	0	0	0	0	3	3	0	15	0	95	0	0	0	0	0	0	0	0	5	0	57	2	0	3	0	0	0	0	0	14	0	3	0	0	334	53	1678	30	0	203	0	27	9	0	20	0	0	0	60	0	0	0	0	0	7	0	4	17	4	3	0	0
PT_18_0018D528	0	1	0	503	572	193	941	66	0	0	9	2	0	5	706	0	0	0	0	154	422	0	377	500	2040	996	4	541	8	1	0	59	5	1	0	0	0	0	1	1	5	0	3	0	0	5	6	0	49	0	0	0	0	0	3	0	0	0	7	0	20	0	78	0	0	0	0	1	0	0	0	10	0	91	1	0	2	1	0	0	0	2	26	0	0	0	0	250	38	551	99	0	452	0	28	4	7	39	0	0	0	45	0	0	2	0	0	20	0	7	11	3	4	19	0
PT_18_0018D535	0	2	0	1000	565	77	1234	37	0	1	14	2	0	11	520	0	0	0	0	58	303	0	174	230	2447	755	1	641	5	3	0	26	5	6	0	0	0	0	2	2	5	0	6	0	0	6	7	0	35	0	0	0	0	0	0	0	0	0	7	0	13	0	41	0	0	0	0	2	0	0	0	4	0	112	1	1	2	5	0	0	0	0	18	0	1	0	0	476	58	716	68	0	136	0	26	14	1	11	0	0	0	39	0	0	0	0	0	9	0	21	33	8	2	0	0
PT_18_0018D56	0	5	3	4	68	38	2020	15	0	13	18	10	24	1	3	4	2	15	0	242	252	0	39	787	56	772	7	30	52	7	0	7	55	13	0	0	0	0	3	0	10	2	0	1	0	44	89	461	0	1	0	0	112	0	355	21	48	27	8	0	2093	0	254	0	14	10	28	0	0	0	1	86	0	508	2	3	83	8	10	0	4	6	58	1	2	0	0	125	387	69	4	0	16	0	15	131	19	72	8	3	1	75	2	0	2	0	0	87	0	11	40	3	11	0	3
PT_18_0018D63	0	1	0	21	136	149	2088	46	0	0	0	5	159	3	2	1	1	33	0	152	100	0	203	272	380	1891	4	199	0	0	0	22	3	0	0	0	0	0	0	0	0	0	0	2	0	6	0	13	0	0	0	0	5	0	0	0	5	0	1	0	0	0	48	6	1	0	30	0	1	0	0	57	0	28	1	0	2	0	0	0	0	0	14	0	1	2	0	119	531	80	34	0	276	0	94	1	2157	509	7	2	2	17	0	0	0	0	0	18	0	4	1	0	56	0	0
PT_18_0018D69	0	3	0	6	350	250	2721	65	0	1	9	8	197	4	21	0	1	33	4	146	121	0	822	602	515	1008	48	252	1	0	0	3	9	3	0	0	0	0	4	0	0	4	0	2	0	2	8	52	0	0	0	0	43	0	99	5	9	0	11	0	40	0	8	108	4	6	8	0	0	0	10	56	0	331	4	3	7	5	0	0	2	0	20	6	0	0	0	1112	176	290	12	0	115	0	23	14	20	106	2	0	1	13	0	0	1	0	0	35	0	2	10	0	12	0	0
PT_18_0018D75	0	24	0	3	507	192	2235	95	0	18	33	61	70	11	4	0	0	7	1	141	496	0	400	991	1038	945	19	137	3	1	0	9	11	28	0	0	0	0	1	0	1	4	2	2	0	21	11	118	0	0	0	1	256	0	76	19	53	4	45	0	40	0	50	63	12	38	11	0	1	0	4	61	0	406	5	7	8	24	0	0	2	5	12	5	0	0	0	263	118	340	35	0	80	0	31	23	25	56	8	1	0	8	0	1	31	0	0	69	0	33	15	3	13	0	1
PT_18_0018D90	0	0	0	2	0	0	8	0	0	0	0	0	3	0	98	0	1	0	0	207	1059	0	1240	617	296	2329	658	1	0	0	0	31	0	0	0	0	0	0	0	0	0	12	0	0	0	0	0	0	0	0	0	0	0	0	18	0	0	0	0	0	0	0	441	0	0	0	1	0	0	0	0	2	0	24	0	0	0	0	0	0	28	0	0	0	0	0	0	0	0	0	958	0	888	0	10	0	461	54	0	0	0	0	0	0	0	0	0	205	0	24	0	6	4	315	0
PT_18_0018D96	0	0	0	0	0	0	4	0	0	0	0	0	1	0	1127	0	2	0	1	143	210	0	2173	1065	618	1465	390	0	0	0	0	28	0	0	0	0	0	0	0	0	0	12	0	0	0	0	0	0	0	0	0	0	0	0	4	0	0	0	0	0	0	0	821	0	0	0	0	0	0	0	0	0	0	1	550	0	0	0	0	0	2	0	0	0	73	0	0	0	0	0	353	0	577	0	9	0	33	70	0	0	0	0	0	0	0	0	0	153	0	16	0	2	8	89	0
PT_18_0032D14	390	0	13	0	88	0	194	0	1	121	0	0	143	48	357	0	3	0	4	0	12	0	8	128	296	1665	28	2	6	1	0	4	0	0	10	21	0	22	0	0	0	0	0	5	12	15	0	33	0	1	0	0	14	0	0	0	9	0	0	0	0	0	5	120	0	0	4424	0	0	232	0	169	0	1	33	21	0	0	49	0	0	0	0	25	7	0	0	0	0	0	156	0	51	0	131	26	4	14	195	13	292	0	0	8	13	105	9	0	0	3	5	0	2	232	0
PT_18_0032D22	0	0	0	2	57	0	491	0	0	0	0	0	2361	58	2390	0	0	0	0	0	4	0	3	286	1629	244	568	1	0	0	0	2	0	0	5	0	0	26	0	0	2	0	0	0	15	0	4	0	0	0	0	0	0	0	0	0	0	3	4	0	0	0	2	0	0	0	1	0	0	0	0	2	0	0	2	0	0	0	0	0	0	16	0	0	0	0	0	0	0	0	1591	0	173	0	38	4	1	5	0	0	0	0	0	0	0	0	0	6	0	3	0	0	2	0	0
PT_18_0032D7	6	2	34	1	551	0	854	0	0	0	11	1	292	544	443	0	1	0	30	0	19	0	2	202	1218	735	21	2	11	19	0	7	2	0	39	108	0	91	1	2	3	0	5	2	88	110	1	124	2	9	0	0	0	0	0	0	170	11	2	73	0	1	0	99	0	0	2027	0	0	93	0	104	0	40	14	13	0	1	0	0	6	8	4	212	73	0	16	0	0	0	609	0	59	0	45	28	2	4	112	341	126	0	0	0	9	0	4	78	0	11	1	0	1	7	1
PT_18_0033D14	0	16	4	0	1757	158	1916	49	0	12	5	8	185	277	1029	0	0	0	0	0	0	0	0	94	1023	1	127	0	0	3	0	0	0	34	0	1	0	0	3	0	0	0	0	2	3	81	11	0	0	0	0	0	26	38	2	0	11	26	2	25	11	0	55	0	8	0	0	0	0	0	0	75	0	0	236	162	25	3	0	0	1	0	131	1	99	0	0	199	0	0	690	0	903	0	74	171	0	7	10	23	47	0	30	0	7	4	47	48	0	0	0	0	5	0	0
PT_18_0033D25	0	36	0	7	1630	405	1697	44	3	21	26	19	461	199	217	0	0	0	0	0	5	0	10	25	1080	17	227	4	0	45	0	4	0	47	0	12	0	0	6	0	0	1	0	13	0	36	1	0	0	0	0	0	45	99	18	0	41	46	23	26	324	0	27	0	32	0	2	1	1	0	0	133	0	0	379	718	14	18	0	0	4	2	34	53	84	1	1	177	0	0	363	0	175	0	4	238	3	0	0	0	107	5	140	0	9	90	159	97	0	5	4	0	0	0	0
PT_18_0033D68	0	1	20	0	1845	34	1237	23	0	6	10	0	100	418	1578	0	1	0	0	0	3	0	1	62	882	8	22	0	0	5	0	16	0	3	0	0	0	0	5	0	0	0	0	1	1	7	0	0	0	0	0	0	1	54	0	0	3	7	0	9	0	0	11	0	1	0	2	0	0	0	0	425	0	0	19	106	14	2	0	0	0	0	5	35	44	0	0	406	0	0	877	0	1015	0	129	249	2	12	107	89	0	7	11	0	0	45	7	4	0	0	0	0	9	0	0
PT_18_0033D77	0	0	4	2	976	21	1667	11	0	0	1	0	99	304	1569	0	1	0	0	0	5	0	3	262	1865	6	33	2	0	3	0	16	0	1	0	17	0	0	0	0	0	0	0	0	6	10	0	0	0	0	0	0	1	17	0	0	2	12	0	1	0	0	0	2	0	0	106	8	1	0	0	151	0	0	12	44	5	0	0	0	0	0	0	1	40	0	0	262	0	2	290	0	1271	0	321	354	7	37	66	28	1	12	3	0	0	33	0	5	0	0	0	0	21	0	0
PT_18_0034D125	120	0	4	4626	4	5	1561	74	0	11	0	0	460	367	34	0	0	132	0	0	200	0	1	170	931	178	0	0	0	0	0	21	0	0	13	0	0	0	6	1	4	0	0	9	0	3	1	2	0	0	0	0	0	0	0	0	0	15	1	1	0	1	128	0	0	3	23	0	0	0	0	40	0	0	9	2	0	1	0	0	0	0	0	0	3	0	1	189	27	0	425	0	57	0	48	0	0	5	0	10	0	0	0	0	4	0	43	24	0	0	0	0	2	0	0
PT_18_0034D146	3	0	0	7969	5	6	200	2	2	1	0	0	188	156	27	0	0	32	0	1	108	0	6	4	232	132	3	2	0	0	0	83	0	0	0	0	0	0	49	0	9	0	0	0	0	3	20	1	0	0	0	0	0	0	0	0	0	0	0	3	0	1	179	0	0	0	4	1	0	0	0	2	0	0	3	0	0	0	0	0	0	0	0	0	0	2	2	1	0	0	431	0	56	0	38	0	9	2	0	0	0	0	0	0	7	0	0	15	0	0	0	0	1	0	0
PT_18_0034D20	642	0	0	3100	1	18	6	200	0	3	1	0	311	304	211	0	0	128	0	0	148	0	2	227	1333	596	1	1	0	0	0	31	0	2	1	5	0	0	144	0	40	0	0	16	0	9	5	5	0	0	0	0	0	0	0	0	0	0	0	4	0	0	64	0	1	9	716	0	0	0	0	155	0	30	21	5	0	1	0	0	0	0	0	0	5	0	1	448	42	0	684	0	57	0	167	0	1	14	0	53	0	0	0	0	0	0	20	5	0	0	0	0	3	0	0
PT_18_0034D27	56	0	0	462	3	6	14	155	0	0	0	0	759	1713	532	0	0	528	0	0	363	0	3	443	688	1991	1	1	0	0	0	4	0	0	0	0	0	0	15	0	0	0	0	1	0	0	0	0	0	0	0	0	0	0	0	0	0	3	0	0	0	0	104	0	0	0	47	0	0	0	0	8	0	0	15	0	0	0	0	0	0	0	0	0	5	0	0	308	30	0	1568	0	40	0	71	0	3	7	0	47	0	0	0	0	0	0	0	2	0	0	0	0	2	0	0
PT_18_0034D33	189	0	0	769	0	16	19	137	2	0	1	0	485	494	734	0	0	158	0	0	14	0	7	471	1192	1243	1	2	0	0	0	20	0	0	28	1	0	0	42	0	9	0	0	8	0	4	1	4	0	0	0	0	0	0	0	0	0	0	0	1	0	0	126	0	0	2	211	0	0	0	0	15	0	1	7	0	0	0	0	0	0	0	0	0	5	0	0	340	76	0	2747	0	97	0	203	0	7	13	0	78	0	0	0	0	0	0	7	7	0	0	0	0	6	0	0
PT_18_0034D40	445	0	0	1478	8	21	10	140	0	3	0	0	585	192	476	0	0	10	0	1	36	0	2	402	968	1347	1	1	0	0	0	38	0	0	8	0	0	0	55	1	32	0	0	18	0	0	2	8	0	0	0	0	0	0	0	0	0	0	0	1	0	0	700	0	1	0	549	0	0	0	0	3	0	24	11	0	0	3	0	0	0	0	0	0	8	0	0	158	59	0	1888	0	104	0	168	0	1	12	0	15	0	0	0	0	0	0	0	4	0	0	0	0	4	0	0
PT_18_0034D48	238	0	2	2360	0	10	8	101	0	19	0	0	687	722	271	0	0	336	0	0	246	0	2	323	1890	1019	1	0	0	0	0	8	0	0	19	1	0	0	43	1	12	0	0	76	0	0	0	2	0	0	0	0	0	0	0	0	0	1	0	0	0	0	41	0	1	1	36	0	0	0	0	3	0	2	6	0	0	1	0	0	0	0	0	0	2	0	0	361	110	0	808	0	91	0	113	0	4	12	0	0	0	0	0	0	3	0	0	6	0	0	0	0	3	0	0
PT_19_0001D13	28	13	3	48	1108	0	891	210	0	1	10	15	556	51	61	0	0	0	193	0	383	0	4	1	811	384	13	418	4	22	0	8	6	109	194	168	0	0	1	0	5	1	6	7	0	3	5	424	3	10	0	12	70	0	0	150	131	22	62	5	82	0	83	3	13	4	9	0	0	0	0	161	0	13	0	46	0	15	0	0	0	2	0	0	0	53	24	150	14	179	641	247	457	0	20	397	74	4	21	6	4	21	0	0	413	0	0	173	14	22	5	0	0	0	1
PT_19_0001D21	211	11	0	42	223	0	300	101	0	20	1	14	333	25	7	0	0	0	1847	0	394	0	2	1	653	582	6	239	65	30	0	2	14	30	0	74	0	0	15	0	0	1	0	2	0	0	10	308	1	4	0	33	220	0	1	45	13	4	8	3	128	0	392	4	41	0	2	0	0	0	0	248	0	472	1	16	0	3	0	0	0	8	0	7	0	41	0	49	5	671	367	102	289	0	18	163	279	6	19	0	3	28	0	287	7	32	0	294	17	22	11	72	0	0	1
PT_19_0001D30	2	5	8	23	121	0	445	35	0	115	7	12	131	110	3	0	1	0	70	0	96	0	2	0	214	1838	9	111	0	5	0	3	24	182	0	386	0	0	0	0	0	2	1	6	0	1	0	227	1	2	0	36	52	0	0	15	21	10	0	0	2	0	11	999	29	1	2	11	0	0	2	1037	0	2	0	196	0	0	0	0	0	0	0	18	2	3	0	119	1	42	1240	121	222	0	28	46	733	9	107	11	0	49	0	382	1	85	0	118	10	7	11	6	1	0	1
PT_19_0001D56	16	4	0	41	74	0	629	151	1	0	16	7	70	51	1	0	0	0	1899	0	97	0	1	2	297	416	0	535	11	6	0	2	6	0	0	8	0	0	0	0	0	52	0	6	0	1	0	109	1	3	0	3	6	0	0	17	0	3	9	0	750	0	1404	27	58	0	2	7	1	0	0	62	0	53	1	6	0	1	0	0	0	0	2	9	1	18	6	237	31	1128	97	92	111	0	21	27	42	8	2	0	0	7	0	1179	0	4	0	36	16	2	2	0	2	0	0
PT_19_0001D65	52	0	0	448	236	0	890	93	3	45	7	1	217	73	15	0	0	0	44	0	86	0	12	0	508	305	3	379	0	10	0	8	72	12	0	128	0	0	1	0	0	0	0	1	0	28	1	99	4	1	0	0	47	0	0	66	34	2	2	0	0	0	1539	13	59	0	5	114	0	0	36	912	0	42	0	12	0	0	0	0	0	0	0	1	0	750	9	15	46	278	217	108	81	0	21	35	188	7	344	3	2	65	60	913	0	72	0	56	29	26	10	0	0	0	0
PT_19_0002D106	1	0	61	2	35	37	1624	31	2299	3	0	0	110	5	35	2	103	1	2	57	18	1	92	0	344	86	24	319	11	0	0	0	0	5	0	1	8	6	0	0	0	0	0	0	0	3	0	7	0	0	84	0	54	0	0	1	10	0	0	0	0	0	1	20	3	0	431	175	0	5	15	843	144	2	1	52	7	0	0	0	0	0	0	5	13	0	0	172	109	135	54	2	100	54	4	0	1708	0	163	46	26	55	172	0	0	0	3	1	0	0	0	0	0	0	0
PT_19_0002D114	7	1	67	93	71	248	2118	78	2106	1	0	1	154	2	28	27	81	1	4	70	50	0	117	0	631	171	28	470	28	0	0	0	0	7	0	4	6	7	0	0	0	0	0	0	0	0	0	15	0	0	36	0	70	0	0	2	13	0	0	0	0	0	2	32	4	6	218	255	0	0	13	496	192	3	2	41	5	0	0	0	0	0	0	2	10	12	0	141	128	426	126	3	163	124	5	1	410	0	98	47	8	10	194	0	0	0	7	2	0	0	0	0	0	0	0
PT_19_0002D120	1	0	2	13	22	25	1510	23	1681	0	0	0	103	0	73	10	71	1	3	124	20	0	115	0	293	117	19	206	0	0	0	0	0	5	0	1	5	3	0	0	0	0	0	0	0	0	0	3	0	0	36	0	17	0	0	0	18	0	0	0	0	0	0	28	0	4	222	52	0	4	21	333	37	4	0	5	1	0	2	0	0	0	0	5	3	1	0	90	101	68	48	2	106	53	0	0	4035	2	25	14	8	24	179	0	0	0	2	2	0	0	0	0	0	0	0
PT_19_0002D127	3	0	37	202	44	91	2150	65	1499	0	0	0	144	5	45	8	106	2	0	53	29	0	88	0	380	153	33	299	10	0	0	0	0	3	0	2	5	7	0	0	0	0	0	0	0	0	0	8	0	3	63	0	29	0	0	1	11	0	0	0	0	0	2	15	0	0	180	171	0	6	18	722	86	3	1	9	4	0	0	0	0	0	0	8	6	8	0	121	184	205	79	1	195	117	2	0	1770	0	33	40	12	30	389	0	0	0	0	2	0	0	0	0	0	0	0
PT_19_0002D134	2	0	4	10	17	11	1353	22	1739	2	0	0	59	1	47	17	53	2	0	117	10	0	147	2	135	183	23	211	6	0	0	0	0	11	0	0	5	5	0	0	0	0	0	0	0	2	0	4	0	0	22	0	30	0	0	2	24	0	0	0	0	0	0	30	0	2	417	8	0	19	2	342	22	3	0	15	2	0	0	0	0	0	0	17	4	0	0	140	145	82	49	2	111	50	3	0	4058	2	47	29	26	78	11	0	0	0	1	0	0	1	1	0	0	0	0
PT_19_0002D141	4	0	42	146	25	67	1789	62	1316	5	0	0	188	2	102	20	221	2	0	180	28	0	94	2	459	412	59	492	4	0	0	0	0	11	0	12	7	7	0	0	0	0	0	0	0	0	0	10	0	0	80	0	15	0	0	2	9	0	0	0	0	0	9	34	5	3	345	253	2	12	24	944	100	5	0	33	13	0	0	0	0	0	0	17	4	3	0	190	160	171	139	4	187	109	5	0	748	6	48	51	45	93	353	0	0	0	3	8	0	0	0	0	0	0	0
PT_19_0002D148	7	0	1	15	40	43	1303	34	1104	0	0	0	138	2	59	39	96	1	0	167	47	0	72	0	300	132	45	298	0	0	0	0	0	3	0	2	5	5	0	0	0	0	0	0	0	0	0	2	0	0	41	0	7	0	0	0	0	0	0	0	0	0	0	38	0	0	175	94	0	8	6	260	17	0	0	8	2	0	0	0	0	0	0	6	2	0	0	169	50	114	149	4	218	41	0	0	4211	0	18	25	41	93	236	0	0	0	3	0	0	0	0	2	0	0	0
PT_19_0002D156	79	0	13	403	47	440	1630	66	1493	0	0	0	63	1	79	10	42	1	0	28	31	0	78	0	632	94	19	453	44	0	0	0	0	3	0	5	1	1	0	0	0	0	0	0	0	1	0	66	0	1	35	0	59	0	0	0	5	0	0	0	0	0	6	3	1	2	169	109	0	0	21	716	87	5	1	37	3	0	0	0	0	0	0	1	13	454	0	51	218	133	140	1	234	36	0	0	1333	0	28	47	25	13	176	0	0	0	2	9	0	1	0	0	0	0	0
PT_19_0002D16	0	0	11	10	5	15	1219	45	26	0	0	0	193	2	45	4	142	1	0	304	36	0	116	0	115	127	10	416	0	0	0	0	0	52	0	1	3	2	0	0	0	0	0	0	0	0	0	3	0	0	51	0	22	0	0	12	12	0	0	0	0	0	18	87	0	0	1674	364	0	43	27	714	49	1	0	21	8	0	0	0	0	0	0	27	0	0	0	111	155	106	101	2	135	20	0	0	2537	2	214	2	0	540	35	0	0	0	5	0	0	0	0	0	0	1	0
PT_19_0002D162	77	0	19	112	12	187	1297	65	645	2	0	0	84	1	38	20	34	1	0	28	27	0	97	0	892	56	23	361	14	0	0	0	0	5	0	7	0	0	0	0	0	0	0	0	0	1	0	33	0	1	29	0	99	0	0	3	13	0	0	0	2	0	97	22	3	3	284	152	0	3	11	1131	47	7	0	19	6	0	2	0	0	0	0	2	8	605	0	21	140	125	66	3	266	94	0	0	1916	0	43	121	25	12	452	0	0	0	2	17	0	5	2	4	0	0	0
PT_19_0002D169	26	0	27	49	16	211	1312	78	1178	2	0	0	273	6	65	25	83	0	1	65	19	0	87	0	1055	174	28	504	43	0	0	0	0	1	0	7	0	1	0	0	0	0	0	0	0	0	0	9	0	0	20	0	19	0	0	0	5	0	0	0	0	0	336	13	3	0	157	96	0	0	3	285	15	2	1	11	0	0	0	0	0	0	0	0	8	246	0	38	109	71	101	3	202	117	0	0	1964	0	28	63	5	2	727	0	0	0	1	2	0	0	0	0	0	0	0
PT_19_0002D176	51	0	2	1739	13	105	819	20	413	0	0	0	8	5	16	21	19	2	0	2	8	0	90	0	601	69	15	290	35	0	0	0	0	0	0	19	0	1	0	0	0	0	0	0	0	2	0	40	0	3	47	0	133	0	0	2	12	0	0	0	0	0	3	23	0	6	314	116	0	0	42	869	45	1	0	19	5	0	0	0	0	0	0	1	13	856	0	43	105	68	83	1	174	65	0	0	1661	0	125	140	53	14	536	0	0	0	3	5	0	4	1	3	0	0	0
PT_19_0002D183	9	0	8	189	41	336	1298	42	1768	2	0	0	285	7	52	439	39	0	7	49	53	0	110	1	662	88	15	798	2	0	0	0	0	3	0	15	2	1	0	0	0	0	4	11	0	2	0	4	0	0	41	0	17	0	0	1	14	0	0	0	1	0	187	10	3	0	3	372	0	0	0	274	1	0	4	2	0	0	0	0	0	0	42	4	8	291	0	64	12	130	155	2	232	117	2	2	1562	3	1	27	35	2	0	0	0	0	0	26	0	0	5	4	0	0	0
PT_19_0002D190	55	0	2	3	32	92	1554	26	1226	0	0	0	83	3	96	13	43	3	0	55	8	0	80	0	627	102	27	287	1	0	0	0	0	0	0	2	0	0	0	0	0	0	0	2	0	2	0	60	2	8	14	0	51	0	0	0	5	0	0	0	0	0	6	13	0	3	27	24	1	0	4	298	20	3	1	2	0	0	5	0	0	0	0	1	4	89	0	22	37	32	129	1	133	176	2	0	4330	1	12	17	1	5	24	0	0	0	0	8	0	1	1	0	0	8	0
PT_19_0002D21	3	0	2	1	18	34	2795	55	634	2	0	0	189	1	32	8	170	6	0	117	41	0	103	1	351	53	19	974	0	0	0	0	0	13	0	0	4	5	0	0	0	0	0	0	0	0	0	7	0	0	144	0	51	0	0	4	7	0	0	0	0	0	0	36	1	2	244	30	0	5	10	295	19	3	0	15	3	0	0	0	0	0	0	10	1	0	0	165	90	109	118	3	202	71	1	0	2440	0	76	12	36	50	102	0	0	0	4	0	0	0	0	0	0	0	0
PT_19_0002D211	63	0	4	6	25	45	1633	12	984	0	0	0	90	2	33	9	25	1	5	57	11	0	130	0	700	99	19	292	4	0	0	0	0	0	0	6	0	0	0	0	0	0	0	0	0	1	0	55	1	2	14	0	102	0	0	0	41	0	0	0	0	0	6	13	0	1	102	8	0	3	1	522	47	2	0	6	3	0	7	0	0	0	0	1	7	375	0	21	78	53	50	5	150	114	2	1	3757	0	96	25	5	7	47	0	0	0	0	4	0	3	4	0	0	0	0
PT_19_0002D29	3	0	1	1	14	18	1761	45	161	4	0	0	476	1	62	2	233	7	0	326	68	0	252	1	615	146	30	635	0	0	0	0	0	4	0	2	3	2	0	0	0	0	0	0	0	0	0	5	1	7	209	0	10	0	0	5	9	0	0	0	0	0	0	22	0	2	463	324	0	3	5	492	30	4	0	14	0	0	0	0	0	0	0	10	0	0	0	74	114	76	150	1	165	59	0	0	2210	0	38	20	46	68	483	2	0	0	7	0	0	0	0	0	0	0	0
PT_19_0002D42	10	0	8	9	28	105	1847	67	513	3	1	0	136	2	57	8	161	7	0	76	81	0	100	1	693	358	33	643	0	0	0	0	0	10	0	0	9	13	0	0	0	0	0	0	0	3	0	18	0	0	188	0	5	0	0	3	7	0	0	0	4	1	0	35	5	0	197	850	0	5	7	610	65	1	1	15	4	0	0	0	0	0	0	35	8	12	0	238	115	126	146	2	207	66	3	0	1606	0	15	16	45	142	203	5	0	0	3	3	0	0	0	0	0	0	0
PT_19_0002D50	7	0	11	0	9	15	1180	18	389	2	0	0	195	3	68	5	170	4	1	176	20	0	156	0	283	167	28	543	0	0	0	0	0	11	0	1	5	3	0	0	0	0	0	0	0	0	0	9	0	1	36	0	33	0	0	3	11	0	0	0	0	0	0	36	3	0	341	244	0	13	13	523	59	2	1	13	3	0	0	0	0	0	0	18	8	0	0	122	175	112	84	3	197	33	1	0	4266	0	26	8	13	69	35	7	0	0	3	1	0	0	0	1	0	0	0
PT_19_0002D57	3	0	1	28	21	16	1115	26	394	11	0	0	123	3	27	4	44	12	0	105	33	0	89	0	160	95	42	559	0	0	0	0	0	7	0	4	2	3	0	0	0	0	0	0	0	0	0	5	0	0	45	0	28	0	0	0	6	0	0	0	0	0	8	36	8	0	364	358	1	10	21	586	81	0	1	15	6	0	0	0	0	0	0	12	5	3	0	99	61	47	32	2	82	22	1	0	4757	0	18	23	58	37	218	3	0	0	10	3	0	0	0	0	0	0	0
PT_19_0002D64	0	0	1	0	41	24	818	25	645	47	0	0	201	6	34	19	41	5	0	147	11	1	92	0	267	132	37	399	0	0	0	0	0	2	0	22	2	2	0	0	0	0	0	0	0	0	0	20	4	11	19	0	84	0	0	0	13	0	0	0	0	0	0	167	0	0	687	377	0	13	34	1091	56	0	0	40	1	0	0	0	0	0	0	12	18	0	0	81	123	78	124	8	279	44	0	0	2673	0	121	34	52	33	671	1	0	0	13	0	0	0	0	0	0	0	0
PT_19_0002D71	1	0	3	3	21	17	859	15	652	4	0	0	48	1	42	5	53	2	2	84	14	0	107	2	215	151	29	274	0	0	0	0	0	4	0	1	2	2	0	0	0	0	0	0	0	0	0	7	0	0	27	0	46	0	0	0	14	0	0	0	0	0	2	31	0	0	496	595	0	15	36	947	58	0	2	19	2	0	0	0	0	0	0	11	4	0	0	105	163	59	37	2	74	21	0	0	3976	0	85	28	226	82	214	0	0	0	3	0	0	0	0	0	0	0	0
PT_19_0002D78	11	0	6	14	39	251	831	39	810	2	0	0	200	1	114	30	120	1	0	65	49	0	92	0	1706	219	122	468	0	0	0	3	0	9	0	6	0	1	0	0	0	0	0	0	0	1	0	25	0	1	18	0	47	0	0	5	12	0	0	0	0	0	17	15	6	0	180	405	10	2	6	228	29	1	1	13	1	0	0	0	0	0	0	1	12	439	1	20	70	44	260	4	544	115	1	0	2018	0	28	39	15	14	102	0	0	0	4	31	0	2	2	0	0	1	0
PT_19_0002D8	1	0	2	4	3	82	2358	165	947	6	0	0	348	0	42	9	515	0	0	183	145	0	192	0	569	105	78	267	9	0	0	0	0	17	0	2	3	4	0	0	0	0	0	0	0	0	0	24	0	1	316	0	5	0	0	4	14	0	0	0	0	0	16	182	4	2	432	2	0	2	7	518	28	5	0	15	5	0	0	0	0	0	0	6	1	0	0	180	92	214	260	2	270	145	1	0	1134	1	9	1	0	35	0	0	0	0	6	2	0	0	0	0	0	1	0
PT_19_0002D85	20	0	1	6	28	66	966	17	435	0	0	0	88	7	41	13	153	0	1	6	54	0	23	3	1308	145	68	477	4	0	0	0	0	5	0	5	0	0	0	0	0	0	0	0	0	2	0	24	0	2	11	0	123	0	0	2	7	0	0	0	0	0	14	115	2	3	182	36	3	20	46	864	7	2	0	12	4	0	3	0	0	0	0	0	1	437	0	26	2	7	270	9	1067	196	2	1	2359	0	39	20	7	36	62	4	11	0	2	11	0	1	2	0	0	1	0
PT_19_0002D92	8	5	53	0	12	12	1109	15	798	4	0	4	77	1	18	2	65	0	0	123	6	0	110	0	130	154	15	295	0	0	0	0	0	35	0	8	3	2	0	0	0	0	0	0	0	1	0	5	1	3	33	0	115	0	0	6	34	0	0	0	0	0	0	6	3	3	511	6	0	11	120	521	38	3	2	12	1	0	1	0	0	0	0	12	20	0	0	100	144	54	30	1	124	19	3	0	4751	0	88	7	56	86	0	0	0	0	4	1	0	0	0	0	0	0	0
PT_19_0002D99	6	0	11	0	20	12	983	23	1090	22	0	0	44	2	26	0	35	0	0	62	9	0	127	0	164	125	14	155	3	0	0	0	0	8	0	0	3	2	0	0	0	0	0	0	0	1	0	9	0	0	40	0	29	0	0	2	25	0	0	0	0	0	0	11	0	0	518	195	0	21	39	484	28	3	0	18	1	0	0	0	0	0	0	30	6	0	0	71	224	67	30	0	45	26	0	0	4275	0	319	63	45	108	318	0	0	0	1	2	0	0	0	0	0	0	0
PT_19_0006D14	0	0	50	15	0	0	346	44	0	117	0	0	4	2	114	0	0	19	0	63	61	1	33	3	250	826	4	171	81	68	0	0	0	5	0	61	6	31	0	0	0	0	0	0	0	0	0	96	0	0	0	22	96	806	0	15	483	0	0	0	0	0	25	135	147	35	77	347	0	0	243	2078	0	87	2	803	11	0	0	128	0	0	0	30	35	0	0	26	3	1	121	0	241	37	0	0	325	6	26	106	0	13	70	442	0	36	431	0	38	0	0	1	0	1	0
PT_19_0006D19	0	0	30	7	2	1	187	16	0	321	0	0	8	13	129	0	0	8	0	14	130	5	35	12	107	219	6	176	11	7	0	0	0	32	0	8	0	11	0	0	0	0	0	0	0	0	0	23	0	0	0	29	32	826	0	11	302	0	0	0	0	0	0	260	73	39	106	107	0	0	437	1848	0	1	0	117	2	0	0	201	0	0	0	445	48	0	0	4	103	0	111	0	116	54	0	0	1299	0	443	230	239	224	6	314	0	91	310	0	14	0	39	0	0	0	0
PT_19_0006D32	0	0	98	8	16	9	332	117	0	284	0	0	8	16	166	1	0	1	0	54	88	8	42	3	276	819	0	168	92	111	0	0	0	3	0	63	19	48	0	0	0	0	0	0	0	0	0	126	0	1	0	43	35	180	0	5	555	0	0	0	0	0	11	35	51	14	29	3056	0	0	0	394	0	10	3	313	2	0	0	30	0	0	0	17	22	5	1	48	178	2	195	0	232	30	0	1	53	0	18	14	5	0	1	278	0	3	1103	9	35	0	0	9	0	0	0
PT_19_0006D47	0	0	15	0	15	28	363	86	0	354	0	0	7	23	177	0	0	107	0	51	168	15	129	33	268	679	9	390	6	26	0	0	0	0	0	40	3	25	0	0	0	0	0	4	0	0	0	81	0	1	0	22	48	0	0	0	136	0	0	0	0	0	0	169	24	23	476	2	0	0	549	884	0	21	30	551	7	0	0	106	0	0	0	167	118	0	0	82	71	0	494	0	309	102	0	0	1360	0	10	20	5	605	0	118	0	38	281	1	20	0	5	46	0	0	0
PT_19_0006D55	0	0	59	8	11	34	420	155	4	107	0	0	26	36	68	0	2	43	4	34	455	4	102	56	327	549	5	400	7	43	0	0	0	0	0	67	31	62	0	0	0	0	0	0	0	0	0	67	0	0	0	7	66	0	0	1	90	0	0	0	0	0	24	308	4	5	2036	76	0	0	98	630	0	15	8	273	4	0	0	113	0	0	0	657	26	6	0	111	30	0	125	0	298	211	0	0	333	0	14	26	75	123	2	69	0	144	752	17	35	0	0	0	0	0	0
PT_19_0006D63	0	0	1	3	13	0	203	40	0	104	0	0	7	6	53	0	0	48	1	14	105	3	72	16	135	197	6	197	0	9	0	0	0	0	0	1	5	7	0	0	0	0	0	0	0	0	0	13	0	0	0	13	11	0	0	0	12	0	0	0	0	0	0	6	3	72	2512	2	1	0	592	674	0	8	1	59	1	0	0	57	0	0	0	95	28	0	0	42	50	0	70	0	100	30	0	0	2608	0	13	18	562	1000	0	18	0	24	51	0	3	1	3	0	0	0	0
PT_19_0006D7	0	0	0	21	16	7	518	59	0	21	0	0	14	63	309	0	0	274	0	118	400	0	100	78	446	1008	45	817	0	0	0	0	0	0	0	81	0	27	0	0	0	0	0	0	0	0	0	64	0	0	0	0	30	103	0	0	51	0	0	0	0	0	0	78	17	11	591	0	215	0	91	1010	0	52	0	303	0	0	24	73	0	0	0	217	19	0	0	85	64	0	226	0	712	242	0	0	783	0	29	35	0	4	272	54	0	88	24	0	11	0	1	0	0	0	0
PT_19_0007D14	0	3	14	3	401	1	681	4	0	153	0	2	929	412	157	0	238	0	3	0	637	1229	265	1	1811	502	2	3	0	127	0	4	0	43	2	44	2	45	1	0	0	0	0	2	5	9	9	32	0	0	0	0	22	0	4	10	102	0	17	0	0	12	0	193	4	0	18	0	0	30	0	106	0	45	18	4	198	8	0	0	0	0	2	14	11	0	0	191	10	27	85	0	127	0	2	43	8	0	25	0	22	7	271	0	81	506	0	3	0	0	0	0	0	0	0
PT_19_0007D21	98	5	12	0	893	33	987	15	0	6	2	4	231	360	51	0	589	0	0	0	304	2109	148	0	1349	976	2	1	0	387	0	1	0	18	0	10	1	17	0	0	0	0	0	0	5	21	5	44	0	3	0	0	15	0	0	17	15	0	6	0	1	22	2	15	3	0	40	0	0	1	0	91	0	83	5	1	16	10	0	0	0	0	5	5	2	0	0	162	32	200	78	0	211	0	0	11	3	0	1	0	27	9	115	0	3	92	0	16	0	0	0	0	0	0	0
PT_19_0007D29	172	6	4	23	1422	50	1847	10	0	8	0	3	271	348	213	1	503	0	1	0	61	618	109	0	1603	215	0	0	1	293	0	1	0	44	2	62	0	2	0	0	4	0	0	10	20	8	2	60	1	14	0	0	15	0	0	23	165	0	6	1	2	41	8	32	18	0	148	0	0	0	0	140	0	36	8	12	52	3	0	0	1	0	3	8	1	3	0	98	48	96	158	0	77	0	0	5	13	0	21	0	82	85	331	0	132	40	0	28	0	2	0	0	0	44	0
PT_19_0007D35	86	0	2	1	252	1	190	4	0	85	0	0	211	1349	491	0	63	0	0	0	185	338	1100	0	383	236	1	1	2	4	0	1	0	8	2	1	0	34	0	0	0	0	0	2	10	12	0	1	0	0	0	0	184	0	0	12	152	5	0	0	0	10	30	0	0	0	3	0	0	234	0	2705	0	3	43	0	0	0	0	0	0	0	4	0	2	0	0	73	199	0	60	0	36	0	5	19	10	0	717	0	418	2	0	0	17	0	0	3	0	0	0	0	0	0	0
PT_19_0007D45	692	1	41	0	247	7	414	3	1	44	0	0	1021	237	114	0	501	0	0	0	665	844	1209	0	1071	178	2	1	3	32	0	0	0	35	0	6	0	25	3	0	0	0	3	5	1	1	0	238	1	12	0	0	11	0	0	24	79	7	18	0	0	39	1	3	0	0	8	0	0	0	0	125	0	11	18	0	3	2	0	0	0	0	6	0	0	0	0	96	19	9	302	0	1197	0	0	20	4	0	1	0	0	0	0	0	308	0	0	3	0	0	0	0	0	27	1
PT_19_0007D57	20	0	4	4	279	10	492	3	0	132	0	0	599	262	352	0	204	0	0	0	125	488	512	3	1869	952	3	2	1	4	0	0	0	8	0	2	0	56	0	0	0	0	0	2	0	2	0	10	0	0	0	0	49	0	0	18	91	0	4	0	0	0	12	216	3	0	1425	0	0	24	0	575	0	16	18	10	1	0	0	0	0	0	3	0	0	0	0	107	94	8	144	0	109	0	1	51	4	1	1	0	21	244	0	0	36	303	0	8	0	2	0	0	0	0	0
PT_19_0007D67	33	0	2	12	940	13	707	2	0	2	1	0	458	987	117	0	229	0	2	0	174	658	994	0	1682	284	1	2	0	5	0	4	0	7	0	16	4	96	0	0	0	0	0	1	1	29	3	9	0	0	0	0	28	0	0	7	15	2	5	1	0	0	0	47	0	0	3	0	0	14	0	613	0	12	5	10	11	0	0	0	0	0	38	0	2	0	0	265	629	157	241	0	196	0	9	31	2	0	0	0	29	2	0	0	17	130	0	7	0	0	0	0	0	0	0
PT_19_0009D11	0	0	20	31	4	0	12	0	3	44	0	0	3	10	4	0	0	1585	1	0	618	0	483	0	831	3760	1703	3	8	0	0	36	2	0	7	13	0	0	11	1	6	0	5	17	0	0	3	53	0	0	0	0	22	0	0	0	25	4	5	6	0	0	11	0	0	0	6	5	0	0	0	1	0	78	11	3	0	0	0	0	0	0	0	0	1	2	4	0	0	0	3	0	4	0	122	0	8	12	6	0	0	145	0	0	160	0	9	53	0	0	0	0	18	0	0
PT_19_0009D18	0	1	0	1855	2	0	38	0	0	139	5	0	7	13	0	12	0	226	0	0	680	0	197	2	602	564	2551	5	168	0	0	9	13	26	71	0	0	0	5	1	20	0	8	24	0	0	6	518	0	2	0	0	186	0	0	4	281	6	37	0	4	0	246	0	3	2	21	0	0	0	0	12	0	46	60	29	0	14	0	0	1	4	0	0	0	0	0	0	0	5	3	0	7	0	69	0	13	7	1	0	0	0	2	1	617	0	9	499	0	14	13	0	16	0	1
PT_19_0009D25	0	0	0	34	4	0	20	0	0	30	0	0	7	8	19	0	0	1238	0	1	754	0	1788	3	831	2653	398	0	28	0	0	38	0	0	5	14	0	0	0	0	0	0	1	107	0	0	0	40	0	0	0	0	24	0	0	0	9	0	0	0	0	0	180	0	0	0	735	0	0	0	0	3	0	48	13	0	0	0	0	0	0	0	0	0	0	0	0	0	0	0	14	0	7	0	324	0	20	39	0	0	0	0	0	0	463	0	1	34	0	0	0	0	66	0	0
PT_19_0009D32	0	0	5	1724	3	0	8	0	1	62	8	0	3	39	0	0	0	881	0	0	277	0	408	0	1547	2120	861	2	126	0	0	7	2	2	16	1	0	0	6	0	6	0	3	0	0	0	2	45	0	0	0	0	15	0	0	1	35	0	6	0	2	0	46	0	0	1	1282	0	0	0	0	3	0	174	14	9	0	1	0	0	1	3	0	0	0	0	0	0	0	0	1	0	3	0	109	0	5	10	0	0	0	1	0	0	26	0	1	74	0	0	0	0	13	0	0
PT_19_0009D39	0	0	0	24	4	0	21	0	2	132	0	0	6	106	13	0	3	543	6	0	822	0	185	2	985	454	2396	4	73	0	0	36	2	4	12	1	0	0	12	1	6	5	2	38	0	0	6	107	0	0	0	0	72	0	0	7	161	0	2	0	0	0	1408	0	1	12	1797	0	0	0	0	4	0	0	32	46	0	2	0	0	6	0	0	0	1	0	0	1	0	1	3	0	3	0	126	2	15	18	0	0	0	0	0	2	135	0	0	98	0	11	2	0	18	0	0
PT_19_0010D104	0	195	96	117	25	0	257	11	6	16	97	159	90	128	94	0	68	34	5	0	221	0	327	19	547	47	9	200	0	0	2	4	7	10	278	242	0	7	8	0	10	2	11	62	66	5	49	234	0	2	0	0	403	0	7	34	285	261	1	701	122	0	0	0	5	80	38	688	0	0	0	4	0	0	31	46	0	5	0	0	0	6	51	1	7	2368	0	15	0	2	50	0	28	2	9	0	19	0	0	1	107	0	0	0	182	0	0	615	7	42	8	0	0	0	0
PT_19_0010D111	0	201	15	1834	26	0	728	20	1	38	78	175	27	175	125	0	78	22	0	0	161	0	584	43	1482	40	11	404	0	0	0	10	7	10	120	95	0	4	8	0	12	0	12	23	108	103	62	151	0	1	0	0	296	0	5	33	291	258	0	238	53	0	0	0	6	138	130	78	2	0	0	4	0	0	54	117	0	1	0	0	8	12	14	3	10	290	0	14	0	1	103	0	33	87	15	0	42	0	0	3	48	0	1	0	102	0	0	475	9	19	11	0	0	0	0
PT_19_0010D12	0	1	15	364	5	0	715	33	0	80	3	0	1101	196	553	0	106	14	218	0	513	0	1054	49	773	1341	30	140	0	0	0	1	2	0	13	145	8	32	2	0	0	10	0	2	16	7	6	131	0	2	0	0	139	0	0	24	170	1	3	34	127	0	44	0	8	20	235	1	0	0	0	5	0	0	72	149	0	2	15	0	4	4	0	0	1	1	2	23	0	1	471	0	196	22	68	1	12	5	1	20	58	0	0	1	159	0	0	205	8	4	0	1	1	0	0
PT_19_0010D123	1	55	0	185	30	0	664	15	1	6	33	39	1114	598	330	0	295	36	14	0	222	0	1425	141	1275	129	78	332	0	0	0	25	2	1	137	123	1	11	2	0	0	0	13	31	3	35	37	112	0	0	0	0	71	0	0	14	156	53	0	110	34	0	12	0	5	5	28	197	0	0	0	9	0	0	48	18	0	2	0	0	0	124	6	0	9	308	0	16	0	1	383	0	294	322	9	2	8	0	1	2	23	0	1	1	33	0	0	128	3	12	2	0	1	0	0
PT_19_0010D124	0	5	0	325	17	0	959	22	3	5	17	5	766	291	443	0	256	77	29	1	118	0	910	59	1758	282	47	523	0	0	0	8	4	2	118	34	7	27	1	0	0	0	2	22	3	2	9	143	0	1	0	0	77	0	2	5	115	47	0	27	28	0	197	0	2	20	72	531	0	0	0	4	0	0	46	19	0	0	0	0	7	16	15	0	9	377	0	45	0	2	222	0	230	50	9	1	18	5	1	20	24	0	2	0	9	0	0	424	4	8	2	3	0	0	0
PT_19_0010D132	0	100	5	1895	21	0	631	21	4	18	49	83	58	373	166	0	121	15	8	0	91	0	654	43	934	46	38	320	0	0	23	17	8	6	348	88	2	10	4	0	1	0	5	105	1	37	18	113	0	2	0	0	178	0	4	38	312	262	0	102	74	0	3	0	12	19	180	686	0	0	0	6	0	0	36	41	0	2	0	0	0	5	18	0	8	440	0	27	0	4	86	0	68	70	12	0	22	1	0	5	336	0	0	0	19	0	0	402	5	24	11	0	0	0	0
PT_19_0010D139	0	25	12	1345	29	0	569	13	0	34	2	22	1073	82	145	0	53	28	10	0	52	0	1003	21	902	163	50	405	0	0	0	2	27	4	139	368	0	0	12	0	1	0	0	17	132	0	9	559	0	8	0	0	90	0	0	34	439	84	1	78	15	0	39	0	8	19	91	0	4	0	0	9	0	0	54	53	0	8	0	0	3	11	0	0	0	727	0	7	0	8	212	0	104	75	35	3	25	22	0	5	70	0	0	0	44	0	0	199	25	42	31	0	3	0	4
PT_19_0010D14	0	2	6	2617	14	0	586	19	0	0	3	2	1266	90	147	0	93	19	18	0	234	0	1296	74	976	651	31	370	0	0	0	10	8	0	16	83	4	17	4	0	13	0	0	0	12	0	23	137	0	1	0	0	14	0	19	0	55	10	1	4	1	0	193	0	0	0	5	0	0	0	0	1	0	0	33	1	0	4	0	0	0	3	0	0	0	0	0	26	0	0	256	0	305	8	144	0	5	16	0	0	2	0	0	0	2	0	0	23	23	3	0	0	3	0	0
PT_19_0010D146	0	2	18	2952	11	0	627	23	4	5	13	2	251	85	352	0	215	22	29	0	83	0	399	123	3125	40	68	155	0	0	0	10	0	0	17	34	0	4	3	0	3	0	1	19	23	30	8	9	0	0	0	0	53	0	0	21	74	7	0	17	1	0	30	0	0	170	113	7	0	0	0	3	0	0	33	16	0	0	0	0	0	2	3	0	2	68	1	3	0	0	217	0	119	14	30	0	12	3	0	20	130	0	0	0	9	0	0	55	0	2	0	0	0	0	0
PT_19_0010D172	0	19	8	2894	13	0	330	40	1	22	26	15	329	81	202	3	236	16	55	1	55	0	591	63	2785	132	39	253	0	0	2	19	1	0	25	20	1	11	0	0	2	1	5	6	2	46	17	60	0	0	0	0	69	0	4	7	47	98	1	185	49	0	23	0	2	38	83	21	0	0	0	6	0	0	102	6	0	1	0	0	1	16	29	0	22	41	0	6	0	1	214	0	78	5	25	0	6	2	1	24	24	0	1	0	3	0	0	323	3	4	0	0	0	0	0
PT_19_0010D187	0	85	7	2487	11	0	298	11	0	22	74	74	116	86	67	2	54	13	2	0	190	0	147	10	777	29	119	154	0	1	0	5	3	1	371	183	0	7	6	0	2	2	9	138	147	14	27	81	0	1	0	0	176	0	2	103	450	168	4	574	81	0	91	0	7	119	7	31	1	0	0	5	0	0	37	25	0	4	0	0	5	24	8	0	5	983	0	9	0	0	56	0	10	25	9	0	22	0	0	4	73	0	2	0	235	0	0	739	3	40	30	0	0	0	0
PT_19_0010D19	0	5	3	692	34	0	1287	51	0	1	0	3	353	673	534	0	269	103	66	0	191	0	1481	36	1648	133	134	732	0	0	0	2	0	0	10	11	1	3	4	0	0	0	0	1	12	4	0	19	0	0	0	0	19	0	0	0	28	1	0	2	4	0	12	0	0	6	10	0	3	0	0	4	0	0	9	9	0	0	0	0	0	0	0	0	0	56	0	25	0	2	649	0	301	68	191	1	9	28	0	0	13	0	0	0	9	0	0	30	0	1	0	0	14	0	0
PT_19_0010D41	0	2	2	303	20	0	1309	50	1	62	0	3	342	300	629	0	122	261	44	0	85	0	2411	43	1721	330	164	534	0	0	0	1	0	0	13	15	33	177	1	0	0	0	0	3	6	4	0	12	0	0	0	0	15	0	0	19	25	0	0	1	0	0	0	0	1	9	57	1	0	0	0	3	0	0	14	25	0	0	0	0	1	0	0	6	4	0	0	110	0	0	340	0	120	43	59	0	8	8	0	3	83	0	0	0	24	0	0	14	0	0	0	0	2	0	0
PT_19_0010D47	0	5	0	141	28	0	1011	99	0	1	12	4	500	563	444	4	206	61	22	0	74	0	2871	90	1165	279	60	911	0	0	0	3	0	0	24	17	10	98	0	0	0	0	0	0	0	9	3	21	0	0	0	0	26	0	0	1	16	1	0	6	5	0	70	0	0	0	36	70	0	0	0	8	0	0	42	4	0	0	0	0	0	27	5	0	5	9	0	78	0	2	501	0	193	18	60	0	4	8	0	0	3	0	1	0	10	0	0	54	1	0	0	0	1	0	0
PT_19_0010D55	0	9	2	1019	33	0	1368	133	0	36	2	8	125	201	750	0	64	96	14	0	75	0	2594	28	1113	432	92	352	0	0	0	1	0	0	14	13	22	96	0	0	0	0	0	4	11	19	0	12	0	0	0	0	30	0	0	5	36	0	0	0	0	0	6	0	0	4	31	1	0	0	0	1	0	0	42	10	0	0	0	0	0	2	1	2	11	0	0	62	0	0	502	0	253	21	82	0	2	12	0	0	20	0	0	0	88	0	0	27	3	0	0	0	6	0	0
PT_19_0010D62	0	14	1	1413	20	0	798	48	0	5	1	11	527	242	254	0	69	163	36	0	139	0	3048	29	837	284	134	720	0	0	0	3	0	0	53	20	24	87	0	0	0	0	0	42	4	10	0	22	0	0	0	0	34	0	0	4	45	0	0	0	0	0	0	0	0	0	9	0	0	0	0	0	0	0	48	6	0	0	0	0	0	7	0	0	8	0	0	39	0	0	425	0	139	17	92	0	4	8	0	0	1	0	0	0	27	0	0	32	0	0	0	0	0	0	0
PT_19_0010D68	0	1	1	181	23	0	1055	54	2	0	0	1	508	177	745	0	90	78	35	0	147	1	3355	29	1221	493	105	614	0	0	0	0	0	0	14	3	15	74	1	0	0	0	1	2	2	1	0	9	0	0	0	0	16	0	0	0	13	0	0	0	0	0	11	0	0	0	3	7	0	0	0	1	0	0	30	1	0	0	0	0	0	16	1	0	6	1	0	48	0	0	483	0	146	34	75	0	3	8	0	0	29	0	0	0	21	0	0	11	0	0	0	0	1	0	0
PT_19_0010D7	0	9	2	293	35	0	1977	53	0	39	0	7	160	191	235	0	75	60	18	0	81	0	2585	11	1442	234	223	570	0	0	0	2	1	1	106	66	38	118	0	0	0	0	0	1	16	11	0	11	0	0	0	0	37	0	0	7	132	0	0	1	0	0	0	0	0	8	2	0	0	0	0	0	0	0	27	43	0	0	0	0	0	0	0	0	7	0	0	77	0	0	577	0	173	11	89	0	5	8	0	0	19	0	0	0	86	0	0	17	0	0	0	0	3	0	0
PT_19_0010D78	0	5	0	335	24	0	792	61	0	6	2	4	109	260	596	0	80	50	9	0	56	0	4195	40	1701	261	98	379	0	0	0	2	2	0	23	15	11	59	3	0	0	0	0	4	15	3	5	12	0	0	0	0	7	0	0	0	22	1	1	1	7	0	0	0	0	1	1	0	0	0	0	1	0	0	25	1	0	1	0	0	0	0	0	0	2	47	0	21	0	0	405	0	92	49	58	0	6	5	0	2	3	0	0	0	9	0	0	14	1	0	0	0	4	0	0
PT_19_0010D89	0	8	2	719	19	0	1397	49	0	21	1	6	238	419	455	0	121	114	14	1	147	1	2529	32	1239	162	215	671	0	0	0	0	0	0	91	34	47	148	0	0	0	0	0	5	12	13	1	8	0	0	0	0	50	0	0	18	135	0	0	1	0	0	2	0	0	0	3	1	0	0	0	4	0	0	45	16	0	0	0	0	0	7	0	3	4	0	0	111	0	0	273	0	112	24	85	0	3	8	0	5	29	0	0	0	83	0	0	34	0	0	0	0	4	0	0
PT_19_0010D97	0	3	9	5452	10	0	345	11	0	26	18	1	57	132	233	1	54	34	29	0	67	0	298	4	1102	64	108	104	0	0	0	9	0	0	74	68	0	3	10	0	2	0	0	5	21	21	54	26	0	0	0	0	107	0	2	15	84	4	0	21	28	0	21	0	0	20	6	21	0	0	0	0	0	0	42	5	0	0	0	0	5	0	3	0	3	342	0	3	0	0	76	0	57	52	10	0	11	2	0	38	15	0	0	0	76	0	0	465	1	4	3	0	0	0	0
PT_19_0013D103	238	0	0	172	312	0	1001	32	1	2	1	0	5	388	0	0	0	0	1040	196	608	0	5	236	1498	2502	27	602	0	1	0	14	0	0	0	9	0	0	0	0	0	0	0	9	0	11	3	0	0	0	0	0	7	0	0	3	28	0	0	1	0	1	43	0	0	1	16	0	0	0	0	74	0	0	0	2	0	0	0	12	0	31	0	4	0	92	0	122	0	2	1	0	353	0	50	35	6	4	12	2	13	93	20	0	13	0	0	36	0	4	0	0	1	0	0
PT_19_0013D12	3	0	41	112	335	0	814	68	0	0	0	0	9	368	11	0	0	0	0	262	627	1	6	16	1186	1252	175	1097	0	0	0	1	0	0	0	0	0	0	0	0	0	0	0	0	0	23	0	0	0	0	0	0	19	0	0	1	7	0	0	40	0	0	1	0	0	2	187	29	0	0	0	1779	0	2	0	55	4	0	44	271	0	0	0	45	1	0	21	292	0	14	11	0	230	0	67	9	15	7	0	48	159	31	75	0	0	0	0	11	0	97	11	0	3	5	0
PT_19_0013D19	32	2	0	3047	196	0	361	42	1	15	0	2	6	376	9	1	2	1	1566	17	150	0	2	30	346	378	11	156	0	6	4	4	0	0	0	87	0	0	1	0	2	3	0	1	0	17	13	0	0	0	0	0	16	0	3	9	14	0	2	8	1	13	283	0	40	13	56	67	0	0	0	161	0	16	0	29	1	5	3	36	0	520	0	14	2	71	184	39	0	39	1	0	355	0	41	156	7	9	0	48	141	0	558	1	2	0	0	16	0	71	58	0	0	0	0
PT_19_0013D27	567	0	2	45	595	0	752	21	0	0	5	0	3	441	0	0	0	0	42	198	461	0	2	194	1545	2007	9	100	0	0	12	16	0	0	0	12	0	0	3	0	0	0	0	5	0	2	0	0	0	0	0	0	18	0	0	0	36	0	2	1	0	0	0	0	0	4	117	135	0	0	0	324	0	0	1	5	2	0	24	92	0	1	0	92	4	32	5	177	0	6	2	0	653	0	343	59	0	40	0	33	151	67	395	0	0	0	0	42	0	20	5	39	14	19	0
PT_19_0013D33	10	0	0	385	334	0	1125	86	0	2	0	0	4	817	2	0	0	0	82	54	588	0	8	336	1596	1801	14	607	0	0	2	21	0	0	0	5	0	0	3	0	0	0	0	4	0	3	13	1	0	0	0	0	8	0	2	1	5	0	3	18	0	0	59	0	0	0	54	0	2	0	0	336	0	0	4	4	2	0	79	8	0	13	5	9	3	46	15	54	0	3	1	0	445	0	128	77	25	18	1	80	15	12	429	1	3	0	0	91	0	19	9	0	8	1	0
PT_19_0013D40	63	0	0	1750	506	0	913	50	2	0	1	0	2	160	2	0	0	0	2387	63	91	0	5	35	369	1055	9	376	0	2	0	8	0	0	0	26	0	0	1	0	8	0	0	0	0	12	15	0	0	0	0	0	24	0	18	2	13	0	7	31	0	0	425	0	0	5	15	2	0	0	0	219	0	2	7	8	1	2	0	3	0	135	21	1	1	109	116	71	0	28	2	0	439	0	16	187	6	1	0	1	11	9	58	0	2	0	0	71	0	8	14	0	0	0	0
PT_19_0013D47	70	1	0	579	1588	0	1017	224	0	5	3	1	2	394	0	0	0	0	1229	60	152	0	2	45	486	281	20	706	0	5	17	18	0	0	0	177	0	0	0	0	0	0	0	4	0	38	8	1	0	0	0	0	5	0	3	0	24	0	9	11	0	0	41	0	4	10	51	13	0	0	0	145	0	0	1	43	1	3	0	1	0	374	10	7	1	141	50	163	0	56	0	0	1148	0	14	137	4	1	0	13	105	1	195	0	1	0	0	67	0	3	12	0	0	0	0
PT_19_0013D55	112	0	5	599	1221	1	1590	140	3	18	23	1	3	1537	2	0	0	0	3	23	381	0	6	189	1006	523	73	564	0	5	12	19	0	0	0	37	0	0	0	0	1	0	0	6	0	46	8	0	0	0	0	0	23	0	0	7	10	0	3	21	0	0	1	0	17	3	36	24	0	2	0	207	0	1	6	38	3	6	1	11	0	5	32	6	16	44	465	80	0	16	2	0	311	0	17	98	12	1	7	9	5	1	147	1	0	0	0	82	0	25	39	1	0	1	0
PT_19_0013D61	108	0	2	642	1683	0	1183	116	0	3	7	0	2	365	0	0	0	0	270	36	149	0	3	108	922	649	5	541	0	2	6	32	0	0	0	43	0	0	1	0	2	0	0	3	0	30	9	0	0	0	0	0	5	0	0	2	10	0	0	27	2	0	1	0	1	2	18	28	0	1	0	112	0	0	1	37	0	2	1	22	0	86	4	5	4	994	270	223	0	70	1	0	725	0	41	154	1	6	9	2	11	0	56	0	0	0	0	33	0	27	84	0	1	0	0
PT_19_0013D68	351	0	0	541	2522	0	889	176	0	1	16	0	3	335	10	0	0	0	309	31	130	0	5	7	917	358	2	383	0	21	10	17	0	0	0	35	0	0	0	0	1	0	0	0	0	17	4	1	1	1	0	0	4	0	0	1	35	0	2	38	0	0	5	0	3	4	69	38	2	0	0	129	0	0	0	55	2	16	0	7	0	99	8	10	2	276	212	190	0	50	1	0	1204	0	10	51	7	7	24	6	90	2	47	0	0	0	0	77	0	22	100	0	2	0	0
PT_19_0013D75	38	3	1	857	1641	0	976	100	1	13	31	3	1	215	0	2	0	0	372	51	100	0	0	24	780	332	6	356	0	60	8	26	0	0	0	81	0	0	2	0	0	2	0	16	0	7	6	0	0	0	0	0	14	0	48	4	31	0	3	13	4	0	33	0	16	14	63	16	1	1	0	326	0	0	3	44	1	4	0	62	0	48	48	11	16	953	804	94	0	29	3	0	431	0	3	35	12	0	7	43	76	12	270	0	4	0	0	142	0	63	79	8	0	0	0
PT_19_0013D83	715	1	0	686	2109	0	918	113	5	2	7	2	3	233	4	0	0	1	213	23	59	0	6	23	771	276	2	299	0	30	2	40	0	0	0	14	0	0	0	0	1	0	0	18	0	14	10	0	0	0	0	0	37	0	4	7	36	0	1	20	0	0	6	0	3	22	96	243	0	3	0	151	0	0	0	45	5	4	1	235	0	6	2	25	1	210	915	69	0	36	3	0	390	0	34	148	15	3	2	7	3	9	389	0	0	0	0	72	0	90	55	0	0	0	0
PT_19_0013D90	260	1	12	661	56	0	321	16	0	11	0	2	2	342	1	7	1	0	16	211	126	0	10	182	425	1433	18	207	0	1	21	80	0	0	0	16	0	0	0	0	0	0	0	1	0	6	2	1	0	0	0	0	40	0	4	12	24	0	2	11	2	0	26	0	6	4	187	0	0	6	0	1578	0	4	0	19	2	3	213	228	0	2	0	26	2	119	199	16	0	15	1	0	300	0	413	169	7	48	692	45	19	39	407	0	2	0	0	20	0	460	128	0	15	38	0
PT_19_0023D13	30	0	8	9	36	720	2529	157	0	12	1	0	3	46	2	0	0	170	0	50	356	8	13	157	373	478	7	563	1	2	7	11	0	25	0	0	0	0	0	0	0	0	0	0	0	0	0	21	0	0	0	0	13	0	0	2	15	0	1	0	0	0	1	31	11	2	87	4	0	0	3	284	11	23	2	12	6	1	8	0	1	0	2	13	1	0	1	69	529	1102	99	0	271	44	98	66	976	45	31	51	0	23	1	247	0	0	0	8	0	0	1	1	9	0	0
PT_19_0023D29	0	0	3	3	35	158	1039	52	0	3	0	0	4	7	7	0	0	157	0	77	31	4	63	60	154	547	27	138	0	0	0	1	0	10	0	0	0	0	0	0	0	0	0	0	0	0	0	16	0	0	0	0	16	0	0	3	17	0	0	0	0	0	0	43	0	5	51	19	1	0	5	183	55	4	0	36	4	0	1	0	0	0	0	43	0	0	0	227	370	1840	73	0	121	16	78	195	3596	37	50	14	6	50	49	170	8	0	0	3	0	0	2	6	6	0	0
PT_19_0023D35	0	0	20	107	31	415	762	34	0	11	1	0	1	5	0	5	0	47	0	53	72	4	44	51	211	661	29	51	14	4	0	30	0	12	0	3	0	0	0	1	0	0	0	1	0	0	0	26	0	0	0	0	12	0	0	2	19	0	0	0	5	0	4	61	4	14	259	17	0	0	27	1497	42	50	5	37	7	0	3	0	4	1	1	71	6	58	0	12	106	996	76	0	533	30	38	149	1508	14	35	38	20	16	850	416	9	0	0	56	0	4	7	172	3	0	0
PT_19_0023D7	4	0	8	272	346	56	1219	53	0	7	0	0	1	51	2	0	0	434	1	13	183	3	8	76	2373	596	3	181	0	54	221	2	0	2	0	3	0	0	3	2	0	3	0	0	3	7	4	6	0	0	0	0	9	0	0	0	1	0	1	0	1	8	4	46	0	0	234	33	1	0	0	74	0	116	17	3	0	0	1	0	0	4	0	47	1	0	0	161	88	200	6	0	154	2	90	77	752	20	27	42	0	16	766	689	17	0	0	65	0	2	1	0	7	15	0
PT_19_0024D113	6	2	8	23	6	16	1647	70	3	16	4	3	99	331	63	0	2	17	24	0	72	0	42	37	3922	261	14	5	7	11	9	17	0	9	0	64	0	0	1	0	0	0	0	5	0	33	0	132	2	29	0	6	56	59	0	12	37	0	14	11	1	0	182	51	16	0	85	3	310	0	4	276	0	0	11	218	11	53	0	0	2	5	7	47	19	5	5	0	87	1	130	84	74	0	15	106	13	11	150	3	272	2	199	59	94	6	19	146	0	0	2	5	1	0	1
PT_19_0024D118	8	2	3	5	7	36	1374	58	2	31	15	2	1994	220	28	0	0	21	430	1	41	0	37	52	1344	466	16	4	9	6	3	27	0	16	0	65	0	0	0	0	0	6	0	21	4	18	11	68	2	20	0	17	29	28	8	11	49	0	3	25	13	0	102	50	8	0	36	0	495	0	1	363	0	0	20	324	5	15	0	0	0	40	18	80	35	0	0	0	36	2	202	80	124	0	13	152	5	7	206	0	232	4	220	54	51	0	14	343	0	0	0	7	0	0	0
PT_19_0024D13	8	0	6	0	3	5	1928	134	0	24	0	0	205	352	2	0	0	133	32	1	224	0	67	200	1131	2535	90	1	0	9	6	3	0	1	0	8	0	0	0	0	0	0	0	0	0	1	0	27	0	3	0	0	3	1	0	2	23	0	0	0	0	0	121	60	3	0	571	0	293	0	6	440	0	0	10	34	1	0	0	0	0	0	0	13	20	0	1	1	20	0	131	89	67	0	131	100	4	36	79	4	10	3	377	50	145	4	0	4	0	0	0	0	3	0	0
PT_19_0024D20	11	0	10	1	5	28	2309	129	0	17	0	0	188	221	4	0	0	129	20	2	40	0	87	70	1643	1920	9	2	0	17	3	9	0	3	0	86	0	0	0	0	0	0	0	0	1	7	0	18	0	10	0	0	0	15	0	6	18	0	0	0	0	0	268	29	2	0	162	0	704	2	4	197	0	0	7	83	3	0	0	0	0	0	0	5	16	0	7	0	37	0	97	95	67	0	103	207	2	93	138	14	14	0	314	238	27	0	0	22	0	0	0	0	3	0	0
PT_19_0024D28	9	0	73	19	3	8	528	12	0	0	14	0	135	817	12	0	0	33	16	0	244	0	25	158	2808	598	41	1	0	0	0	7	0	9	14	111	0	0	0	2	0	0	0	9	4	26	0	67	2	31	0	0	21	153	0	50	37	0	0	15	0	0	38	19	3	0	380	0	1090	0	7	558	0	0	139	100	15	0	0	0	0	0	18	2	63	0	24	0	76	0	84	31	62	0	14	269	17	39	120	0	265	3	153	86	45	0	106	65	0	0	0	0	0	0	0
PT_19_0024D34	6	0	23	5	0	5	1181	60	0	53	2	0	569	554	67	0	0	31	78	0	75	0	77	46	2390	822	36	2	8	2	13	32	0	27	0	187	0	0	0	0	0	0	0	0	0	38	0	82	2	19	0	0	45	90	0	4	53	0	0	10	0	0	411	35	19	0	101	0	400	0	17	420	0	0	66	208	1	0	0	0	0	0	16	16	36	0	18	0	73	0	67	133	162	0	35	244	3	64	203	7	61	3	176	107	48	6	46	97	0	0	0	7	1	0	0
PT_19_0024D41	6	0	4	4	0	2	764	7	0	0	0	0	265	693	120	0	1	145	47	0	229	0	300	292	2810	1752	597	1	0	0	0	24	0	0	0	2	0	0	0	6	0	0	0	1	2	10	0	180	1	5	0	0	4	5	0	3	37	0	0	1	0	0	155	15	0	0	35	0	56	0	3	37	0	0	32	1	0	0	0	0	0	1	1	7	26	0	1	0	16	0	28	675	13	0	23	257	4	45	4	14	13	1	2	0	147	0	0	45	0	0	0	19	1	1	1
PT_19_0024D48	8	0	112	0	6	1	273	3	0	4	5	0	122	371	40	0	0	71	71	0	4	0	24	15	2020	258	34	0	0	2	0	43	0	3	3	10	0	0	0	0	0	0	0	2	8	77	0	102	3	22	0	0	65	14	0	11	45	0	0	5	0	0	466	7	0	0	442	0	1208	0	115	1515	0	0	94	46	2	2	0	0	0	1	5	12	37	0	25	0	9	0	194	666	45	0	15	101	5	63	421	6	273	19	16	103	13	10	106	98	0	0	2	0	2	0	1
PT_19_0024D56	12	0	6	3	2	19	1699	70	2	21	2	0	150	248	38	0	0	17	33	0	16	0	53	12	4494	523	10	2	1	19	12	15	0	4	0	20	0	0	0	0	0	0	0	1	0	31	0	23	1	6	0	1	13	36	0	10	11	0	1	4	0	0	454	17	16	0	66	0	219	0	2	182	0	0	45	75	6	1	0	0	0	2	5	12	86	1	8	0	47	0	79	123	99	0	17	124	5	31	203	8	11	3	104	116	41	7	10	124	0	0	0	4	0	0	0
PT_19_0024D62	6	1	3	1	0	29	1689	83	1	36	3	0	2445	416	37	0	0	6	658	1	26	0	28	17	1768	583	37	1	3	3	3	16	0	3	0	15	0	0	1	0	0	1	0	1	0	30	0	27	0	7	0	1	23	32	0	12	13	0	3	2	0	0	29	17	21	0	38	0	88	2	1	243	0	0	24	70	4	1	0	0	0	44	13	24	45	0	6	0	42	0	81	66	113	0	18	144	7	9	105	36	84	1	288	100	38	7	2	120	0	0	0	0	0	0	0
PT_19_0024D69	2	2	12	7	5	3	930	31	1	35	30	2	64	299	57	0	0	10	20	0	51	0	99	24	2333	210	11	4	43	22	18	5	1	92	3	361	0	0	1	0	0	0	0	2	2	46	0	118	7	79	0	11	97	112	0	56	106	0	0	56	4	0	0	35	60	0	238	0	868	8	15	435	0	0	54	574	12	1	0	0	4	0	12	94	30	0	26	0	57	3	69	28	23	0	7	185	21	7	373	3	108	2	386	308	234	4	61	163	0	0	0	10	0	0	1
PT_19_0024D7	3	0	8	11	3	22	1276	105	4	11	0	0	161	295	5	0	0	25	27	0	137	0	58	88	4238	1186	185	2	0	11	3	7	0	24	0	24	0	0	0	0	0	0	0	1	0	7	0	6	0	4	0	0	5	12	0	7	46	0	0	0	0	0	88	49	2	0	90	36	136	0	2	748	0	0	3	92	0	0	0	0	0	0	0	8	20	2	8	0	50	0	70	42	123	0	94	122	6	35	41	1	6	4	10	41	31	10	15	6	0	0	0	0	2	0	0
PT_19_0024D77	5	3	9	5	6	11	1025	66	1	36	16	3	37	108	58	0	0	6	18	0	33	0	68	16	2314	319	2	3	115	24	8	10	0	7	0	58	0	0	3	0	0	0	0	40	2	67	0	76	3	35	0	4	74	298	0	38	32	0	4	14	3	0	23	53	38	0	134	1	876	7	7	676	0	0	15	206	19	1	0	0	1	1	4	140	21	0	5	0	41	2	52	64	63	0	16	92	5	21	575	13	542	5	422	361	206	40	20	149	0	0	0	0	0	0	0
PT_19_0024D83	14	3	6	2	9	10	747	44	0	25	4	3	261	175	68	0	0	9	103	0	31	0	56	28	1386	384	9	1	24	15	5	5	0	15	0	178	0	0	0	0	0	0	0	0	1	24	0	47	2	15	0	19	49	101	1	63	93	0	0	26	0	0	50	78	44	0	123	0	1748	0	3	427	0	0	32	810	6	1	0	0	0	44	3	72	26	0	17	0	41	4	138	75	73	0	24	100	14	17	342	4	893	9	139	204	181	27	54	112	0	0	0	4	1	0	0
PT_19_0024D92	2	7	5	5	2	33	661	51	0	54	5	9	290	108	39	6	0	9	82	1	34	0	54	32	1544	350	7	4	131	36	15	7	0	28	0	175	0	0	0	0	0	0	0	2	0	48	0	138	1	16	0	6	43	88	2	29	63	0	33	8	7	0	272	107	98	0	276	0	601	0	0	406	0	0	17	376	11	16	0	0	0	33	3	218	20	1	14	0	11	2	110	58	72	0	12	95	13	5	977	14	505	9	475	272	272	6	47	279	0	0	1	23	0	0	1
PT_19_0026D7	0	1	0	8	11	0	279	46	5	3	0	1	68	4	3	35	0	3	0	5	84	0	36	17	111	100	1	29	0	4	0	30	0	8	0	9	0	0	0	1	0	0	0	4	0	37	0	240	0	2	0	0	145	0	0	20	76	9	0	0	1	0	1	17	6	0	177	66	2641	0	753	1975	23	6	4	39	2	0	66	6	1	0	0	7	6	661	0	4	25	4	119	1	454	60	0	0	661	0	38	70	47	63	1	5	11	19	36	93	18	110	175	13	0	85	0
