sample_id,species,growth_rate
FRICKE_16B,Anaerostipes_hadrus,0.314038
FRICKE_16B,Bacteroides_stercoris,0.021486
FRICKE_16B,Bacteroides_uniformis,0.018917
FRICKE_16B,Bacteroides_vulgatus,0.03722
FRICKE_16B,Blautia_sp_CAG_257,0.039653
FRICKE_16B,Blautia_wexlerae,0.071162
FRICKE_16B,Collinsella_aerofaciens,0.108943
FRICKE_16B,Collinsella_intestinalis,0.028769
FRICKE_16B,Dorea_longicatena,0.111703
FRICKE_16B,Eubacterium_hallii,0.165967
FRICKE_16B,Roseburia_faecis,0.055323
FRICKE_16B,Ruminococcus_bromii,0.101724
FRICKE_16B,Ruminococcus_torques,0.148826
FRICKE_16B,Streptococcus_salivarius,0.022951
female_2,Bacteroides_dorei,0.236334
female_2,Bacteroides_eggerthii,0.096523
female_2,Bacteroides_stercoris,0.04047
female_2,Bacteroides_thetaiotaomicron,0.105688
female_2,Bacteroides_uniformis,0.094302
female_2,Bacteroides_vulgatus,0.046296
female_2,Dorea_longicatena,0.025637
female_2,Eubacterium_eligens,0.079229
female_2,Eubacterium_rectale,0.262665
female_2,Eubacterium_sp_CAG_38,0.023235
female_2,Faecalibacterium_prausnitzii,0.248915
female_2,Parabacteroides_distasonis,0.021594
female_2,Prevotella_copri,0.049554
female_2,Roseburia_faecis,0.127432
female_2,Roseburia_hominis,0.022963
female_3,Bacteroides_dorei,0.30567
female_3,Bacteroides_eggerthii,0.048239
female_3,Bacteroides_stercoris,0.029349
female_3,Bacteroides_thetaiotaomicron,0.148767
female_3,Bacteroides_uniformis,0.088862
female_3,Bacteroides_vulgatus,0.026397
female_3,Dorea_longicatena,0.026682
female_3,Eubacterium_eligens,0.076967
female_3,Eubacterium_rectale,0.073969
female_3,Eubacterium_sp_CAG_38,0.034935
female_3,Faecalibacterium_prausnitzii,0.200096
female_3,Prevotella_copri,0.041515
female_3,Roseburia_faecis,0.214639
female_4,Bacteroides_dorei,0.273419
female_4,Bacteroides_eggerthii,0.096587
female_4,Bacteroides_stercoris,0.057131
female_4,Bacteroides_thetaiotaomicron,0.175888
female_4,Bacteroides_uniformis,0.10815
female_4,Bacteroides_vulgatus,0.034142
female_4,Dorea_longicatena,0.022944
female_4,Eubacterium_eligens,0.040472
female_4,Eubacterium_rectale,0.035848
female_4,Eubacterium_sp_CAG_38,0.04804
female_4,Faecalibacterium_prausnitzii,0.306418
female_4,Lachnospira_pectinoschiza,0.023663
female_4,Megamonas_funiformis_CAG_377,0.063798
female_4,Parabacteroides_distasonis,0.026845
female_4,Prevotella_copri,0.050487
female_4,Roseburia_faecis,0.11771
female_4,Roseburia_intestinalis,0.024131
female_5,Bacteroides_caccae,0.023351
female_5,Bacteroides_dorei,0.460054
female_5,Bacteroides_eggerthii,0.065648
female_5,Bacteroides_stercoris,0.021561
female_5,Bacteroides_thetaiotaomicron,0.100016
female_5,Bacteroides_uniformis,0.099582
female_5,Dorea_longicatena,0.033747
female_5,Eubacterium_eligens,0.035093
female_5,Eubacterium_rectale,0.075059
female_5,Eubacterium_siraeum,0.015372
female_5,Eubacterium_sp_CAG_38,0.033905
female_5,Faecalibacterium_prausnitzii,0.247212
female_5,Lachnospira_pectinoschiza,0.039656
female_5,Roseburia_faecis,0.142086
female_5,Roseburia_intestinalis,0.082151
female_6,Akkermansia_muciniphila,0.038364
female_6,Anaerostipes_hadrus,0.030627
female_6,Bacteroides_caccae,0.079157
female_6,Bacteroides_dorei,0.653094
female_6,Bacteroides_eggerthii,0.118989
female_6,Bacteroides_stercoris,0.031091
female_6,Bacteroides_thetaiotaomicron,0.076311
female_6,Bacteroides_uniformis,0.120639
female_6,Bacteroides_vulgatus,0.038622
female_6,Bifidobacterium_adolescentis,0.131097
female_6,Bifidobacterium_animalis,0.023842
female_6,Collinsella_aerofaciens,0.028251
female_6,Coprococcus_comes,0.025137
female_6,Dorea_longicatena,0.062775
female_6,Eubacterium_eligens,0.050397
female_6,Eubacterium_rectale,0.083003
female_6,Faecalibacterium_prausnitzii,0.316629
female_6,Lachnospira_pectinoschiza,0.044749
female_6,Megamonas_funiformis_CAG_377,0.03353
female_6,Parabacteroides_distasonis,0.029502
female_6,Prevotella_copri,0.051688
female_6,Roseburia_faecis,0.057034
female_6,Ruminococcus_bicirculans,0.060344
female_6,Ruminococcus_lactaris,0.045161
female_7,Akkermansia_muciniphila,0.037665
female_7,Bacteroides_cellulosilyticus,0.026031
female_7,Bacteroides_dorei,0.155477
female_7,Bacteroides_eggerthii,0.061693
female_7,Bacteroides_stercoris,0.027335
female_7,Bacteroides_thetaiotaomicron,0.227246
female_7,Bacteroides_uniformis,0.104976
female_7,Bifidobacterium_adolescentis,0.03792
female_7,Dorea_longicatena,0.065568
female_7,Eubacterium_eligens,0.032549
female_7,Eubacterium_rectale,0.042202
female_7,Eubacterium_sp_CAG_38,0.039271
female_7,Faecalibacterium_prausnitzii,0.276242
female_7,Lachnospira_pectinoschiza,0.023187
female_7,Prevotella_copri,0.086833
female_7,Roseburia_faecis,0.236756
female_8,Anaerostipes_hadrus,0.022717
female_8,Bacteroides_cellulosilyticus,0.028243
female_8,Bacteroides_dorei,0.238373
female_8,Bacteroides_eggerthii,0.098637
female_8,Bacteroides_stercoris,0.02978
female_8,Bacteroides_thetaiotaomicron,0.169085
female_8,Bacteroides_uniformis,0.116562
female_8,Bifidobacterium_adolescentis,0.101524
female_8,Collinsella_aerofaciens,0.048266
female_8,Dorea_longicatena,0.064184
female_8,Eubacterium_eligens,0.044156
female_8,Eubacterium_rectale,0.070395
female_8,Eubacterium_sp_CAG_38,0.035504
female_8,Faecalibacterium_prausnitzii,0.318043
female_8,Lachnospira_pectinoschiza,0.030968
female_8,Roseburia_faecis,0.142136
female_8,Ruminococcus_bicirculans,0.025638
female_9,Bacteroides_dorei,0.216778
female_9,Bacteroides_eggerthii,0.072076
female_9,Bacteroides_stercoris,0.033072
female_9,Bacteroides_thetaiotaomicron,0.196937
female_9,Bacteroides_uniformis,0.065789
female_9,Bacteroides_vulgatus,0.051994
female_9,Coprococcus_eutactus,0.041829
female_9,Dorea_longicatena,0.054101
female_9,Eubacterium_eligens,0.081404
female_9,Eubacterium_rectale,0.073939
female_9,Eubacterium_sp_CAG_38,0.089201
female_9,Faecalibacterium_prausnitzii,0.345285
female_9,Megamonas_funiformis_CAG_377,0.090021
female_9,Parabacteroides_distasonis,0.028287
female_9,Prevotella_copri,0.138958
female_9,Roseburia_faecis,0.391098
male_1,Alistipes_finegoldii,0.113057
male_1,Alistipes_putredinis,0.038727
male_1,Bacteroides_ovatus,0.047426
male_1,Bacteroides_uniformis,0.107024
male_1,Bacteroides_vulgatus,0.401342
male_1,Bifidobacterium_adolescentis,0.042951
male_1,Dorea_longicatena,0.049573
male_1,Eubacterium_eligens,0.119827
male_1,Eubacterium_rectale,0.208573
male_1,Faecalibacterium_prausnitzii,0.269961
male_1,Lachnospira_pectinoschiza,0.048351
male_1,Odoribacter_splanchnicus,0.032036
male_1,Parabacteroides_distasonis,0.041215
male_1,Phascolarctobacterium_faecium,0.041201
male_1,Roseburia_faecis,0.200843
male_1,Roseburia_hominis,0.025821
male_2,Akkermansia_muciniphila,0.044615
male_2,Alistipes_putredinis,0.090699
male_2,Bacteroides_stercoris,0.109683
male_2,Bacteroides_uniformis,0.083844
male_2,Bacteroides_vulgatus,0.395819
male_2,Dorea_longicatena,0.099687
male_2,Eubacterium_eligens,0.099218
male_2,Eubacterium_rectale,0.260401
male_2,Eubacterium_sp_CAG_38,0.050175
male_2,Faecalibacterium_prausnitzii,0.133949
male_2,Lachnospira_pectinoschiza,0.047766
male_2,Phascolarctobacterium_faecium,0.032699
male_2,Roseburia_faecis,0.21378
male_2,Roseburia_intestinalis,0.0243
male_5,Alistipes_putredinis,0.049576
male_5,Bacteroides_dorei,0.013858
male_5,Bacteroides_stercoris,0.021325
male_5,Bacteroides_uniformis,0.016221
male_5,Bacteroides_vulgatus,0.202745
male_5,Dorea_longicatena,0.036503
male_5,Eubacterium_eligens,0.024257
male_5,Eubacterium_rectale,0.25709
male_5,Eubacterium_sp_CAG_38,0.024853
male_5,Faecalibacterium_prausnitzii,0.108143
male_5,Roseburia_hominis,0.011337
male_5,Roseburia_inulinivorans,0.03594
male_6,Alistipes_putredinis,0.088857
male_6,Bacteroides_stercoris,0.027593
male_6,Bacteroides_uniformis,0.057272
male_6,Bacteroides_vulgatus,0.026476
male_6,Bifidobacterium_adolescentis,0.019887
male_6,Bifidobacterium_longum,0.013961
male_6,Coprococcus_comes,0.013572
male_6,Dialister_sp_CAG_357,0.020418
male_6,Dorea_longicatena,0.044919
male_6,Eubacterium_hallii,0.013648
male_6,Eubacterium_rectale,0.366692
male_6,Faecalibacterium_prausnitzii,0.089419
male_6,Lactobacillus_ruminis,0.012942
male_6,Roseburia_faecis,0.02875
male_6,Ruminococcus_bicirculans,0.027796
male_6,Ruminococcus_bromii,0.020507
P12_P2_P34.CDonor,Alistipes_putredinis,0.162411
P12_P2_P34.CDonor,Bacteroides_caccae,0.056351
P12_P2_P34.CDonor,Bacteroides_clarus,0.022791
P12_P2_P34.CDonor,Bacteroides_dorei,0.284042
P12_P2_P34.CDonor,Bacteroides_eggerthii,0.1484
P12_P2_P34.CDonor,Bacteroides_finegoldii,0.103942
P12_P2_P34.CDonor,Bacteroides_stercoris,0.09396
P12_P2_P34.CDonor,Bacteroides_thetaiotaomicron,0.039682
P12_P2_P34.CDonor,Bacteroides_uniformis,0.270386
P12_P2_P34.CDonor,Bacteroides_vulgatus,0.309742
P12_P2_P34.CDonor,Barnesiella_intestinihominis,0.045674
P12_P2_P34.CDonor,Eubacterium_rectale,0.113703
P12_P2_P34.CDonor,Faecalibacterium_prausnitzii,0.053674
P12_P2_P34.CDonor,Lachnospira_pectinoschiza,0.052956
P12_P2_P34.CDonor,Odoribacter_splanchnicus,0.046644
P12_P2_P34.CDonor,Parabacteroides_distasonis,0.037819
P12_P2_P34.CDonor,Parabacteroides_merdae,0.032251
P16_P22_P26.CDonor,Bacteroides_cellulosilyticus,0.189359
P16_P22_P26.CDonor,Bacteroides_dorei,0.166432
P16_P22_P26.CDonor,Bacteroides_pectinophilus,0.102537
P16_P22_P26.CDonor,Bacteroides_uniformis,0.119119
P16_P22_P26.CDonor,Bacteroides_xylanisolvens,0.064104
P16_P22_P26.CDonor,Butyrivibrio_crossotus,0.323489
P16_P22_P26.CDonor,Eubacterium_eligens,0.034515
P16_P22_P26.CDonor,Eubacterium_rectale,0.143171
P16_P22_P26.CDonor,Eubacterium_sp_CAG_274,0.034729
P16_P22_P26.CDonor,Faecalibacterium_prausnitzii,0.253257
P16_P22_P26.CDonor,Lachnospira_pectinoschiza,0.087457
P16_P22_P26.CDonor,Odoribacter_splanchnicus,0.042843
P16_P22_P26.CDonor,Parabacteroides_merdae,0.036856
P16_P22_P26.CDonor,Phascolarctobacterium_succinatutens,0.155502
P16_P22_P26.CDonor,Prevotella_copri,0.202185
P16_P22_P26.CDonor,Prevotella_sp_CAG_520,0.481403
P16_P22_P26.CDonor,Roseburia_faecis,0.084707
P16_P22_P26.CDonor,Roseburia_hominis,0.064306
P16_P22_P26.CDonor,Ruminococcus_bicirculans,0.089672
P19_P13_P11.CDonor,Alistipes_finegoldii,0.082735
P19_P13_P11.CDonor,Alistipes_putredinis,0.120175
P19_P13_P11.CDonor,Bacteroides_dorei,0.052038
P19_P13_P11.CDonor,Bacteroides_finegoldii,0.041199
P19_P13_P11.CDonor,Bacteroides_ovatus,0.035094
P19_P13_P11.CDonor,Bacteroides_salyersiae,0.0339
P19_P13_P11.CDonor,Bacteroides_uniformis,0.242963
P19_P13_P11.CDonor,Bacteroides_vulgatus,0.480411
P19_P13_P11.CDonor,Barnesiella_intestinihominis,0.069592
P19_P13_P11.CDonor,Bifidobacterium_adolescentis,0.061784
P19_P13_P11.CDonor,Coprococcus_eutactus,0.15495
P19_P13_P11.CDonor,Eubacterium_eligens,0.040935
P19_P13_P11.CDonor,Eubacterium_rectale,0.082774
P19_P13_P11.CDonor,Eubacterium_siraeum,0.123994
P19_P13_P11.CDonor,Faecalibacterium_prausnitzii,0.243989
P19_P13_P11.CDonor,Methanobrevibacter_smithii,0.050981
P19_P13_P11.CDonor,Odoribacter_splanchnicus,0.034623
P19_P13_P11.CDonor,Parabacteroides_distasonis,0.040587
P19_P13_P11.CDonor,Parabacteroides_merdae,0.045079
P19_P13_P11.CDonor,Phascolarctobacterium_sp_CAG_266,0.07521
P19_P13_P11.CDonor,Roseburia_faecis,0.192215
P19_P13_P11.CDonor,Ruminococcus_bromii,0.156501
P20_P28_P25.CDonor,Alistipes_finegoldii,0.038283
P20_P28_P25.CDonor,Alistipes_putredinis,0.222085
P20_P28_P25.CDonor,Anaerostipes_hadrus,0.046905
P20_P28_P25.CDonor,Bacteroides_finegoldii,0.02065
P20_P28_P25.CDonor,Bacteroides_uniformis,0.174344
P20_P28_P25.CDonor,Bacteroides_vulgatus,0.482572
P20_P28_P25.CDonor,Bacteroides_xylanisolvens,0.090029
P20_P28_P25.CDonor,Barnesiella_intestinihominis,0.035819
P20_P28_P25.CDonor,Bifidobacterium_adolescentis,0.040164
P20_P28_P25.CDonor,Blautia_obeum,0.07447
P20_P28_P25.CDonor,Collinsella_aerofaciens,0.026842
P20_P28_P25.CDonor,Eubacterium_hallii,0.032347
P20_P28_P25.CDonor,Eubacterium_rectale,0.022094
P20_P28_P25.CDonor,Faecalibacterium_prausnitzii,0.103467
P20_P28_P25.CDonor,Lachnospira_pectinoschiza,0.032354
P20_P28_P25.CDonor,Odoribacter_splanchnicus,0.020767
P20_P28_P25.CDonor,Parabacteroides_distasonis,0.053488
P20_P28_P25.CDonor,Roseburia_faecis,0.10538
P20_P28_P25.CDonor,Ruminococcus_bicirculans,0.054114
P20_P28_P25.CDonor,Ruminococcus_bromii,0.20523
P24_P9_P3.CDonor,Alistipes_putredinis,0.096664
P24_P9_P3.CDonor,Bacteroides_eggerthii,0.082864
P24_P9_P3.CDonor,Bacteroides_faecis,0.062597
P24_P9_P3.CDonor,Bacteroides_massiliensis,0.080216
P24_P9_P3.CDonor,Bacteroides_stercoris,0.097744
P24_P9_P3.CDonor,Bacteroides_uniformis,0.148277
P24_P9_P3.CDonor,Bacteroides_vulgatus,0.343581
P24_P9_P3.CDonor,Bifidobacterium_longum,0.033779
P24_P9_P3.CDonor,Eubacterium_rectale,0.183681
P24_P9_P3.CDonor,Eubacterium_sp_CAG_180,0.137188
P24_P9_P3.CDonor,Faecalibacterium_prausnitzii,0.310812
P24_P9_P3.CDonor,Lachnospira_pectinoschiza,0.045365
P24_P9_P3.CDonor,Parabacteroides_distasonis,0.041396
P24_P9_P3.CDonor,Parabacteroides_merdae,0.039638
P24_P9_P3.CDonor,Paraprevotella_xylaniphila,0.059648
P24_P9_P3.CDonor,Roseburia_inulinivorans,0.044064
P24_P9_P3.CDonor,Ruminococcus_bicirculans,0.033903
P30_P31_P17.CDonor,Alistipes_putredinis,0.348318
P30_P31_P17.CDonor,Alistipes_shahii,0.038243
P30_P31_P17.CDonor,Bacteroides_caccae,0.028349
P30_P31_P17.CDonor,Bacteroides_dorei,0.024084
P30_P31_P17.CDonor,Bacteroides_faecis,0.041298
P30_P31_P17.CDonor,Bacteroides_faecis_CAG_32,0.027047
P30_P31_P17.CDonor,Bacteroides_finegoldii,0.055987
P30_P31_P17.CDonor,Bacteroides_massiliensis,0.113187
P30_P31_P17.CDonor,Bacteroides_ovatus,0.086837
P30_P31_P17.CDonor,Bacteroides_uniformis,0.129711
P30_P31_P17.CDonor,Bacteroides_vulgatus,0.322638
P30_P31_P17.CDonor,Bacteroides_xylanisolvens,0.044161
P30_P31_P17.CDonor,Bifidobacterium_adolescentis,0.037603
P30_P31_P17.CDonor,Faecalibacterium_prausnitzii,0.045586
P30_P31_P17.CDonor,Lachnospira_pectinoschiza,0.049152
P30_P31_P17.CDonor,Odoribacter_splanchnicus,0.031948
P30_P31_P17.CDonor,Parabacteroides_distasonis,0.024583
P30_P31_P17.CDonor,Roseburia_intestinalis,0.041569
P33_P1_P29.CDonor,Alistipes_putredinis,0.109593
P33_P1_P29.CDonor,Bacteroides_dorei,0.033031
P33_P1_P29.CDonor,Bacteroides_eggerthii,0.079565
P33_P1_P29.CDonor,Bacteroides_finegoldii,0.049343
P33_P1_P29.CDonor,Bacteroides_massiliensis,0.056616
P33_P1_P29.CDonor,Bacteroides_stercoris,0.188577
P33_P1_P29.CDonor,Bacteroides_uniformis,0.21019
P33_P1_P29.CDonor,Bacteroides_vulgatus,0.476846
P33_P1_P29.CDonor,Bifidobacterium_adolescentis,0.063206
P33_P1_P29.CDonor,Coprococcus_eutactus,0.129746
P33_P1_P29.CDonor,Dialister_sp_CAG_357,0.037652
P33_P1_P29.CDonor,Faecalibacterium_prausnitzii,0.106926
P33_P1_P29.CDonor,Lachnospira_pectinoschiza,0.05484
P33_P1_P29.CDonor,Odoribacter_splanchnicus,0.025277
P33_P1_P29.CDonor,Roseburia_faecis,0.268365
P33_P1_P29.CDonor,Ruminococcus_bicirculans,0.037879
P33_P1_P29.CDonor,Streptococcus_thermophilus,0.034661
P4_P35_P18.CDonor,Alistipes_onderdonkii,0.394718
P4_P35_P18.CDonor,Bacteroides_caccae,0.022262
P4_P35_P18.CDonor,Bacteroides_cellulosilyticus,0.020103
P4_P35_P18.CDonor,Bacteroides_dorei,0.359917
P4_P35_P18.CDonor,Bacteroides_fragilis,0.015416
P4_P35_P18.CDonor,Bacteroides_ovatus,0.080362
P4_P35_P18.CDonor,Bacteroides_uniformis,0.134024
P4_P35_P18.CDonor,Barnesiella_intestinihominis,0.02212
P4_P35_P18.CDonor,Dialister_invisus,0.012616
P4_P35_P18.CDonor,Eubacterium_eligens,0.021842
P4_P35_P18.CDonor,Eubacterium_rectale,0.013863
P4_P35_P18.CDonor,Eubacterium_sp_CAG_38,0.010081
P4_P35_P18.CDonor,Faecalibacterium_prausnitzii,0.090728
P4_P35_P18.CDonor,Odoribacter_splanchnicus,0.013617
P4_P35_P18.CDonor,Parabacteroides_merdae,0.054275
P4_P35_P18.CDonor,Roseburia_inulinivorans,0.016043
PE.CDonor,Akkermansia_muciniphila,0.0511
PE.CDonor,Anaerostipes_hadrus,0.127535
PE.CDonor,Bacteroides_uniformis,0.011736
PE.CDonor,Bifidobacterium_longum,0.037972
PE.CDonor,Blautia_obeum,0.018704
PE.CDonor,Blautia_wexlerae,0.029389
PE.CDonor,Collinsella_aerofaciens,0.050914
PE.CDonor,Coprococcus_comes,0.03928
PE.CDonor,Dorea_longicatena,0.048223
PE.CDonor,Eubacterium_hallii,0.055782
PE.CDonor,Eubacterium_rectale,0.242045
PE.CDonor,Eubacterium_siraeum,0.02733
PE.CDonor,Faecalibacterium_prausnitzii,0.053738
PE.CDonor,Ruminococcus_bromii,0.206642
PE.CDonor,Ruminococcus_torques,0.020844
PH.CDonor,Alistipes_putredinis,0.15234
PH.CDonor,Anaerostipes_hadrus,0.091251
PH.CDonor,Bacteroides_coprocola,0.026274
PH.CDonor,Bacteroides_plebeius,0.058137
PH.CDonor,Bacteroides_stercoris,0.163084
PH.CDonor,Bacteroides_vulgatus,0.036797
PH.CDonor,Bifidobacterium_longum,0.033658
PH.CDonor,Blautia_obeum,0.145771
PH.CDonor,Blautia_wexlerae,0.073223
PH.CDonor,Catenibacterium_mitsuokai,0.054411
PH.CDonor,Collinsella_aerofaciens,0.02703
PH.CDonor,Coprococcus_comes,0.04473
PH.CDonor,Dorea_longicatena,0.054267
PH.CDonor,Eubacterium_ramulus,0.030344
PH.CDonor,Faecalibacterium_prausnitzii,0.46115
PH.CDonor,Parabacteroides_distasonis,0.039213
PH.CDonor,Roseburia_faecis,0.023566
PH.CDonor,Roseburia_intestinalis,0.057073
PH.CDonor,Ruminococcus_bromii,0.257856
PH.CDonor,Ruminococcus_gnavus,0.157148
PH.CDonor,Ruminococcus_torques,0.07823
7_2_D1,Alistipes_putredinis,0.093495
7_2_D1,Bacteroides_coprocola,0.082816
7_2_D1,Bacteroides_dorei,0.053071
7_2_D1,Bacteroides_stercoris,0.055944
7_2_D1,Bacteroides_vulgatus,0.169777
7_2_D1,Bifidobacterium_adolescentis,0.099079
7_2_D1,Blautia_obeum,0.043427
7_2_D1,Blautia_wexlerae,0.071801
7_2_D1,Collinsella_aerofaciens,0.201102
7_2_D1,Coprococcus_comes,0.084011
7_2_D1,Dorea_formicigenerans,0.062303
7_2_D1,Dorea_longicatena,0.050529
7_2_D1,Eubacterium_hallii,0.067325
7_2_D1,Eubacterium_rectale,0.147584
7_2_D1,Eubacterium_sp_CAG_274,0.041898
7_2_D1,Faecalibacterium_prausnitzii,0.421505
7_2_D1,Lachnospira_pectinoschiza,0.322059
7_2_D1,Roseburia_faecis,0.253416
7_2_D1,Roseburia_intestinalis,0.099949
7_2_D1,Roseburia_inulinivorans,0.194022
7_2_D1,Ruminococcus_torques,0.067834
7_2_D2,Alistipes_putredinis,0.066986
7_2_D2,Bacteroides_coprocola,0.023004
7_2_D2,Bacteroides_dorei,0.043135
7_2_D2,Bacteroides_vulgatus,0.061898
7_2_D2,Bifidobacterium_adolescentis,0.322885
7_2_D2,Bifidobacterium_longum,0.05259
7_2_D2,Blautia_wexlerae,0.031268
7_2_D2,Collinsella_aerofaciens,0.155024
7_2_D2,Coprococcus_comes,0.039378
7_2_D2,Dorea_longicatena,0.06684
7_2_D2,Eubacterium_hallii,0.025717
7_2_D2,Eubacterium_rectale,0.089175
7_2_D2,Eubacterium_sp_CAG_274,0.020275
7_2_D2,Faecalibacterium_prausnitzii,0.187407
7_2_D2,Lachnospira_pectinoschiza,0.149411
7_2_D2,Roseburia_faecis,0.19997
7_2_D2,Roseburia_intestinalis,0.041395
7_2_D2,Roseburia_inulinivorans,0.068043
7_2_D2,Ruminococcus_torques,0.061755
7_59,Akkermansia_muciniphila,0.063867
7_59,Anaerostipes_hadrus,0.164908
7_59,Bifidobacterium_adolescentis,0.022672
7_59,Bifidobacterium_bifidum,0.124696
7_59,Bifidobacterium_longum,0.098075
7_59,Bifidobacterium_pseudocatenulatum,0.067723
7_59,Blautia_obeum,0.028449
7_59,Collinsella_aerofaciens,0.140447
7_59,Coprococcus_comes,0.028698
7_59,Coprococcus_eutactus,0.119321
7_59,Dorea_longicatena,0.104884
7_59,Eubacterium_hallii,0.057248
7_59,Eubacterium_rectale,0.408977
7_59,Eubacterium_sp_CAG_251,0.042421
7_59,Faecalibacterium_prausnitzii,0.263847
7_59,Prevotella_copri,0.069106
7_59,Ruminococcus_bicirculans,0.024458
7_59,Ruminococcus_bromii,0.084352
7_59,Ruminococcus_torques,0.049312
BOURSI_Donor1.D0,Anaerostipes_hadrus,0.040362
BOURSI_Donor1.D0,Bifidobacterium_adolescentis,0.048132
BOURSI_Donor1.D0,Bifidobacterium_longum,0.079279
BOURSI_Donor1.D0,Blautia_wexlerae,0.058556
BOURSI_Donor1.D0,Collinsella_aerofaciens,0.228209
BOURSI_Donor1.D0,Dialister_sp_CAG_357,0.078418
BOURSI_Donor1.D0,Dorea_formicigenerans,0.051192
BOURSI_Donor1.D0,Dorea_longicatena,0.186216
BOURSI_Donor1.D0,Eggerthella_lenta,0.093756
BOURSI_Donor1.D0,Eubacterium_rectale,0.466513
BOURSI_Donor1.D0,Faecalibacterium_prausnitzii,0.042129
BOURSI_Donor1.D0,Lactococcus_lactis,0.031545
BOURSI_Donor1.D0,Roseburia_faecis,0.113493
BOURSI_Donor1.D0,Roseburia_intestinalis,0.03167
BOURSI_Donor1.D0,Roseburia_inulinivorans,0.039426
BOURSI_Donor1.D0,Ruminococcus_gnavus,0.062599
BOURSI_Donor2.D0,Alistipes_putredinis,0.13647
BOURSI_Donor2.D0,Anaerostipes_hadrus,0.110484
BOURSI_Donor2.D0,Anaerotruncus_sp_CAG_528,0.058229
BOURSI_Donor2.D0,Bacteroides_dorei,0.109491
BOURSI_Donor2.D0,Bacteroides_uniformis,0.149607
BOURSI_Donor2.D0,Bifidobacterium_longum,0.104373
BOURSI_Donor2.D0,Bifidobacterium_pseudocatenulatum,0.05838
BOURSI_Donor2.D0,Clostridium_sp_CAG_253,0.037613
BOURSI_Donor2.D0,Collinsella_aerofaciens,0.047811
BOURSI_Donor2.D0,Coprococcus_eutactus,0.456823
BOURSI_Donor2.D0,Dialister_succinatiphilus,0.040774
BOURSI_Donor2.D0,Dorea_formicigenerans,0.035952
BOURSI_Donor2.D0,Dorea_longicatena,0.206437
BOURSI_Donor2.D0,Eubacterium_hallii,0.06943
BOURSI_Donor2.D0,Eubacterium_sp_CAG_180,0.059642
BOURSI_Donor2.D0,Faecalibacterium_prausnitzii,0.362387
BOURSI_Donor2.D0,Parabacteroides_distasonis,0.054476
BOURSI_Donor2.D0,Prevotella_copri,0.125952
BOURSI_Donor2.D0,Roseburia_faecis,0.076106
BOURSI_Donor2.D0,Roseburia_intestinalis,0.157977
BOURSI_Donor2.D0,Ruminococcus_bicirculans,0.043864
BOURSI_Donor2.D0,Ruminococcus_bromii,0.112435
FMT_18_0007,Alistipes_finegoldii,0.351461
FMT_18_0007,Bacteroides_caccae,1.278462
FMT_18_0007,Bacteroides_dorei,2.706464
FMT_18_0007,Bacteroides_fragilis,0.991938
FMT_18_0007,Bacteroides_ovatus,1.353516
FMT_18_0007,Bacteroides_uniformis,0.911696
FMT_18_0007,Blautia_sp_CAG_257,0.221168
FMT_18_0007,Clostridium_saccharolyticum,0.308542
FMT_18_0007,Collinsella_aerofaciens,0.249929
FMT_18_0007,Klebsiella_pneumoniae,0.359982
FMT_18_0007,Parabacteroides_distasonis,0.683899
FMT_18_0007,Phascolarctobacterium_faecium,1.26835
FMT_18_0017,Alistipes_indistinctus,0.563356
FMT_18_0017,Alistipes_putredinis,0.913193
FMT_18_0017,Bacteroides_massiliensis,0.398894
FMT_18_0017,Bacteroides_stercoris,0.235117
FMT_18_0017,Bacteroides_thetaiotaomicron,0.247055
FMT_18_0017,Bacteroides_uniformis,1.362301
FMT_18_0017,Bacteroides_vulgatus,3.349631
FMT_18_0017,Barnesiella_intestinihominis,0.83219
FMT_18_0017,Butyrivibrio_crossotus,0.863066
FMT_18_0017,Escherichia_coli,0.876685
FMT_18_0017,Eubacterium_eligens,0.215391
FMT_18_0017,Faecalibacterium_prausnitzii,0.178633
FMT_18_0017,Klebsiella_aerogenes,0.236574
FMT_18_0017,Parabacteroides_distasonis,0.413104
FMT_18_0017,Parabacteroides_merdae,0.262387
FMT_18_0017,Prevotella_copri,1.358295
FMT_18_0017,Roseburia_faecis,0.26992
FMT_18_0017,Ruminococcus_bromii,0.396375
FMT_18_0024,Bacteroides_ovatus,0.322265
FMT_18_0024,Bacteroides_xylanisolvens,0.062683
FMT_18_0024,Clostridium_clostridioforme,0.082445
FMT_18_0024,Eggerthella_lenta,0.130083
FMT_18_0024,Parasutterella_excrementihominis,0.022385
FMT_18_0024,Ruminococcus_torques,0.005709
FMT_18_0030,Alistipes_shahii,0.0218
FMT_18_0030,Bacteroides_caccae,0.057776
FMT_18_0030,Bacteroides_stercoris,0.059294
FMT_18_0030,Bacteroides_uniformis,0.338507
FMT_18_0030,Bacteroides_vulgatus,0.093504
FMT_18_0030,Barnesiella_intestinihominis,0.094571
FMT_18_0030,Eubacterium_eligens,0.019105
FMT_18_0030,Eubacterium_rectale,0.158873
FMT_18_0030,Eubacterium_sp_CAG_251,0.013977
FMT_18_0030,Faecalibacterium_prausnitzii,0.078614
FMT_18_0030,Odoribacter_splanchnicus,0.02217
FMT_18_0030,Parabacteroides_merdae,0.123066
FMT_18_0030,Roseburia_faecis,0.012976
FMT_18_0030,Roseburia_intestinalis,0.023226
FMT_18_0030,Ruminococcus_bromii,0.021088
FMT_19_0002,Alistipes_finegoldii,0.030955
FMT_19_0002,Bacteroides_caccae,0.032241
FMT_19_0002,Bacteroides_dorei,0.39724
FMT_19_0002,Bacteroides_ovatus,0.123757
FMT_19_0002,Bacteroides_uniformis,0.195247
FMT_19_0002,Clostridium_clostridioforme,0.049627
FMT_19_0002,Clostridium_saccharolyticum,0.019336
FMT_19_0002,Eubacterium_rectale,0.016767
FMT_19_0002,Parabacteroides_distasonis,0.016527
FMT_19_0002,Roseburia_hominis,0.008719
FMT_19_0006,Alistipes_putredinis,0.165479
FMT_19_0006,Bacteroides_cellulosilyticus,0.103892
FMT_19_0006,Bacteroides_fragilis,0.016782
FMT_19_0006,Bacteroides_ovatus,0.021068
FMT_19_0006,Bacteroides_thetaiotaomicron,0.055304
FMT_19_0006,Bacteroides_uniformis,0.315336
FMT_19_0006,Bacteroides_vulgatus,0.227359
FMT_19_0006,Bacteroides_xylanisolvens,0.051099
FMT_19_0006,Barnesiella_intestinihominis,0.095148
FMT_19_0006,Coprococcus_comes,0.051743
FMT_19_0006,Eubacterium_rectale,0.093947
FMT_19_0006,Faecalibacterium_prausnitzii,0.087672
FMT_19_0006,Lachnospira_pectinoschiza,0.04606
FMT_19_0006,Roseburia_hominis,0.031657
FMT_19_0006,Roseburia_intestinalis,0.014135
FMT_19_0008,Bacteroides_ovatus,0.28688
FMT_19_0008,Bacteroides_xylanisolvens,0.112574
FMT_19_0008,Clostridium_clostridioforme,0.02994
FMT_19_0008,Parasutterella_excrementihominis,0.039751
FMT_19_0009,Akkermansia_muciniphila,0.01757
FMT_19_0009,Alistipes_finegoldii,0.074787
FMT_19_0009,Alistipes_putredinis,0.195016
FMT_19_0009,Alistipes_sp_An31A,0.106713
FMT_19_0009,Bacteroides_caccae,0.056388
FMT_19_0009,Bacteroides_dorei,0.114857
FMT_19_0009,Bacteroides_fragilis,0.037272
FMT_19_0009,Bacteroides_ovatus,0.059033
FMT_19_0009,Bacteroides_stercoris,0.172597
FMT_19_0009,Bacteroides_thetaiotaomicron,0.023242
FMT_19_0009,Bacteroides_uniformis,0.392591
FMT_19_0009,Eubacterium_rectale,0.077589
FMT_19_0009,Faecalibacterium_prausnitzii,0.03768
FMT_19_0009,Odoribacter_splanchnicus,0.044013
FMT_19_0009,Parabacteroides_distasonis,0.017066
FMT_19_0009,Parabacteroides_merdae,0.020515
FMT_19_0009,Parasutterella_excrementihominis,0.01752
FMT_19_0009,Ruminococcus_bromii,0.019691
FMT_19_0009,Ruminococcus_gnavus,0.043254
PAUL.donor_2,Akkermansia_muciniphila,0.316059
PAUL.donor_2,Alistipes_putredinis,0.154679
PAUL.donor_2,Bifidobacterium_longum,0.309236
PAUL.donor_2,Blautia_obeum,0.061433
PAUL.donor_2,Dialister_sp_CAG_357,0.05278
PAUL.donor_2,Dorea_longicatena,0.390535
PAUL.donor_2,Faecalibacterium_prausnitzii,0.215397
PAUL.donor_2,Ruminococcus_bromii,0.060535
PAUL.donor_2,Ruminococcus_torques,0.162474
PAUL.donor_2,Sphingomonas_melonis,0.086201
PAUL.donor_2,Staphylococcus_epidermidis,0.101095
PAUL.donor_3,Akkermansia_muciniphila,0.075603
PAUL.donor_3,Alistipes_finegoldii,0.067334
PAUL.donor_3,Alistipes_putredinis,0.155736
PAUL.donor_3,Bacteroides_caccae,0.148354
PAUL.donor_3,Bacteroides_uniformis,0.564367
PAUL.donor_3,Bacteroides_vulgatus,0.234011
PAUL.donor_3,Barnesiella_intestinihominis,0.123069
PAUL.donor_3,Bifidobacterium_adolescentis,0.308114
PAUL.donor_3,Bifidobacterium_bifidum,0.073285
PAUL.donor_3,Bifidobacterium_longum,0.220865
PAUL.donor_3,Dialister_invisus,0.094212
PAUL.donor_3,Dorea_longicatena,0.093181
PAUL.donor_3,Eubacterium_hallii,0.130756
PAUL.donor_3,Faecalibacterium_prausnitzii,0.067284
PAUL.donor_3,Lactobacillus_ruminis,0.245711
PAUL.donor_3,Sphingomonas_melonis,0.091292
PAUL.donor_3,Staphylococcus_epidermidis,0.146702
PAUL.donor_3,Staphylococcus_warneri,0.09648
PAUL.donor_4,Anaerostipes_hadrus,0.024778
PAUL.donor_4,Bifidobacterium_adolescentis,0.031687
PAUL.donor_4,Collinsella_aerofaciens,0.027165
PAUL.donor_4,Coprococcus_comes,0.02302
PAUL.donor_4,Dialister_sp_CAG_357,0.028845
PAUL.donor_4,Dorea_longicatena,0.067013
PAUL.donor_4,Eubacterium_hallii,0.019774
PAUL.donor_4,Eubacterium_rectale,0.035562
PAUL.donor_4,Eubacterium_siraeum,0.162332
PAUL.donor_4,Eubacterium_sp_CAG_180,0.15164
PAUL.donor_4,Faecalibacterium_prausnitzii,0.146998
PAUL.donor_4,Phascolarctobacterium_sp_CAG_266,0.028803
PAUL.donor_4,Prevotella_copri,0.350222
PAUL.donor_4,Roseburia_faecis,0.339495
PAUL.donor_4,Roseburia_inulinivorans,0.085112
PAUL.donor_5,Anaerostipes_hadrus,0.052556
PAUL.donor_5,Bifidobacterium_adolescentis,0.099325
PAUL.donor_5,Bifidobacterium_longum,0.032211
PAUL.donor_5,Collinsella_aerofaciens,0.026688
PAUL.donor_5,Coprococcus_eutactus,0.024506
PAUL.donor_5,Dialister_sp_CAG_357,0.065669
PAUL.donor_5,Dorea_longicatena,0.069516
PAUL.donor_5,Eubacterium_hallii,0.024559
PAUL.donor_5,Eubacterium_rectale,0.085917
PAUL.donor_5,Eubacterium_siraeum,0.031869
PAUL.donor_5,Eubacterium_sp_CAG_180,0.161536
PAUL.donor_5,Faecalibacterium_prausnitzii,0.138423
PAUL.donor_5,Prevotella_copri,0.377745
PAUL.donor_5,Roseburia_faecis,0.322113
PAUL.donor_5,Roseburia_inulinivorans,0.072635
PAUL.donor_6,Anaerostipes_hadrus,0.038538
PAUL.donor_6,Anaerotruncus_sp_CAG_528,0.093614
PAUL.donor_6,Bacteroides_dorei,0.037829
PAUL.donor_6,Bacteroides_massiliensis,0.04184
PAUL.donor_6,Bacteroides_uniformis,0.034451
PAUL.donor_6,Bacteroides_vulgatus,0.087242
PAUL.donor_6,Blautia_obeum,0.06708
PAUL.donor_6,Collinsella_aerofaciens,0.055188
PAUL.donor_6,Coprococcus_comes,0.024923
PAUL.donor_6,Dorea_longicatena,0.064739
PAUL.donor_6,Eubacterium_eligens,0.025181
PAUL.donor_6,Eubacterium_hallii,0.059143
PAUL.donor_6,Eubacterium_rectale,0.438716
PAUL.donor_6,Faecalibacterium_prausnitzii,0.32833
PAUL.donor_6,Lachnospira_pectinoschiza,0.097592
PAUL.donor_6,Roseburia_faecis,0.132563
PAUL.donor_6,Roseburia_inulinivorans,0.115849
PAUL.donor_6,Ruminococcus_bicirculans,0.069766
PAUL.donor_6,Ruminococcus_lactaris,0.050109
PAUL.donor_6,Ruminococcus_torques,0.027677
Ge_D1,Bacteroides_plebeius,0.023133
Ge_D1,Bacteroides_uniformis,0.045495
Ge_D1,Bifidobacterium_adolescentis,0.193008
Ge_D1,Bifidobacterium_longum,0.098599
Ge_D1,Collinsella_aerofaciens,0.072757
Ge_D1,Coprococcus_comes,0.020312
Ge_D1,Dorea_longicatena,0.031878
Ge_D1,Eubacterium_hallii,0.032836
Ge_D1,Eubacterium_rectale,0.314313
Ge_D1,Faecalibacterium_prausnitzii,0.254945
Ge_D1,Methanobrevibacter_smithii,0.022232
Ge_D1,Roseburia_faecis,0.183287
Ge_D1,Ruminococcus_bicirculans,0.135476
Ge_D1,Ruminococcus_bromii,0.176166
Ge_D1,Ruminococcus_sp_CAG_330,0.039162
Ge_D1,Ruminococcus_torques,0.028041
Ge_D3,Alistipes_putredinis,0.12368
Ge_D3,Anaerostipes_hadrus,0.064889
Ge_D3,Bacteroides_dorei,0.074508
Ge_D3,Bacteroides_stercoris,0.138303
Ge_D3,Bacteroides_uniformis,0.210908
Ge_D3,Bacteroides_vulgatus,0.145205
Ge_D3,Bifidobacterium_adolescentis,0.354942
Ge_D3,Bifidobacterium_catenulatum,0.04695
Ge_D3,Bifidobacterium_longum,0.145972
Ge_D3,Bifidobacterium_pseudocatenulatum,0.078447
Ge_D3,Blautia_wexlerae,0.040435
Ge_D3,Collinsella_aerofaciens,0.234322
Ge_D3,Coprococcus_comes,0.04874
Ge_D3,Dorea_longicatena,0.052062
Ge_D3,Eubacterium_hallii,0.055932
Ge_D3,Eubacterium_rectale,0.157116
Ge_D3,Faecalibacterium_prausnitzii,0.112926
Ge_D3,Parabacteroides_distasonis,0.048169
Ge_D3,Roseburia_faecis,0.049204
Ge_D3,Roseburia_inulinivorans,0.027573
Ge_D3,Ruminococcus_gnavus,0.058266
Ge_D4,Anaerostipes_hadrus,0.061506
Ge_D4,Bacteroides_stercoris,0.087326
Ge_D4,Bacteroides_uniformis,0.059744
Ge_D4,Bifidobacterium_adolescentis,0.167137
Ge_D4,Bifidobacterium_bifidum,0.039006
Ge_D4,Bifidobacterium_catenulatum,0.034712
Ge_D4,Bifidobacterium_longum,0.093234
Ge_D4,Blautia_obeum,0.077623
Ge_D4,Collinsella_aerofaciens,0.075025
Ge_D4,Coprococcus_comes,0.046689
Ge_D4,Dorea_longicatena,0.031763
Ge_D4,Eubacterium_hallii,0.059001
Ge_D4,Eubacterium_rectale,0.135983
Ge_D4,Eubacterium_sp_CAG_180,0.227663
Ge_D4,Faecalibacterium_prausnitzii,0.285937
Ge_D4,Roseburia_faecis,0.05834
Ge_D4,Ruminococcus_bicirculans,0.4471
Ge_D4,Ruminococcus_bromii,0.193285
Ge_D4,Ruminococcus_sp_CAG_330,0.096276
Ge_D4,Streptococcus_salivarius,0.033443
Ge_D6,Alistipes_finegoldii,0.058321
Ge_D6,Alistipes_putredinis,0.161351
Ge_D6,Anaerostipes_hadrus,0.152094
Ge_D6,Bacteroides_dorei,0.230543
Ge_D6,Bacteroides_ovatus,0.067061
Ge_D6,Bacteroides_stercoris,0.20207
Ge_D6,Bacteroides_uniformis,0.119151
Ge_D6,Bacteroides_vulgatus,0.383855
Ge_D6,Bifidobacterium_adolescentis,0.226786
Ge_D6,Bifidobacterium_longum,0.137322
Ge_D6,Blautia_obeum,0.053629
Ge_D6,Blautia_wexlerae,0.051986
Ge_D6,Collinsella_aerofaciens,0.21525
Ge_D6,Coprococcus_comes,0.073565
Ge_D6,Dorea_longicatena,0.066542
Ge_D6,Eubacterium_eligens,0.075977
Ge_D6,Eubacterium_rectale,0.397603
Ge_D6,Faecalibacterium_prausnitzii,0.508684
Ge_D6,Lachnospira_pectinoschiza,0.1802
Ge_D6,Mitsuokella_jalaludinii,0.06363
Ge_D6,Parabacteroides_distasonis,0.057016
Ge_D6,Parabacteroides_merdae,0.065133
Ge_D6,Roseburia_faecis,0.088258
Ge_D6,Roseburia_inulinivorans,0.11126
Ge_D7_1,Anaerostipes_hadrus,0.058807
Ge_D7_1,Bacteroides_stercoris,0.024738
Ge_D7_1,Bacteroides_uniformis,0.03343
Ge_D7_1,Bifidobacterium_adolescentis,0.436355
Ge_D7_1,Bifidobacterium_bifidum,0.105361
Ge_D7_1,Bifidobacterium_catenulatum,0.026797
Ge_D7_1,Bifidobacterium_longum,0.196397
Ge_D7_1,Blautia_obeum,0.114836
Ge_D7_1,Collinsella_aerofaciens,0.13285
Ge_D7_1,Eubacterium_hallii,0.053743
Ge_D7_1,Eubacterium_sp_CAG_180,0.055893
Ge_D7_1,Faecalibacterium_prausnitzii,0.068361
Ge_D7_1,Phascolarctobacterium_faecium,0.022401
Ge_D7_1,Ruminococcus_bicirculans,0.024957
Ge_D7_1,Ruminococcus_bromii,0.068037
Ge_D7_1,Slackia_isoflavoniconvertens,0.167842
Ge_D7_2,Alistipes_putredinis,0.093972
Ge_D7_2,Anaerostipes_hadrus,0.071005
Ge_D7_2,Anaerotruncus_sp_CAG_528,0.083758
Ge_D7_2,Bacteroides_stercoris,0.273165
Ge_D7_2,Bacteroides_uniformis,0.25064
Ge_D7_2,Bifidobacterium_adolescentis,0.199874
Ge_D7_2,Bifidobacterium_bifidum,0.067691
Ge_D7_2,Bifidobacterium_longum,0.132095
Ge_D7_2,Blautia_obeum,0.12785
Ge_D7_2,Collinsella_aerofaciens,0.09954
Ge_D7_2,Coprococcus_comes,0.061025
Ge_D7_2,Dorea_longicatena,0.050054
Ge_D7_2,Eubacterium_hallii,0.049979
Ge_D7_2,Eubacterium_rectale,0.037658
Ge_D7_2,Eubacterium_siraeum,0.069022
Ge_D7_2,Eubacterium_sp_CAG_180,0.0636
Ge_D7_2,Faecalibacterium_prausnitzii,0.397504
Ge_D7_2,Lachnospira_pectinoschiza,0.073736
Ge_D7_2,Lactococcus_lactis,0.088202
Ge_D7_2,Phascolarctobacterium_faecium,0.079693
Ge_D7_2,Ruminococcus_bicirculans,0.35909
Ge_D7_2,Ruminococcus_bromii,0.170219
Pa_D14,Anaerostipes_hadrus,0.027173
Pa_D14,Bacteroides_coprocola,0.040856
Pa_D14,Bacteroides_plebeius,0.214964
Pa_D14,Bacteroides_uniformis,0.045202
Pa_D14,Bacteroides_vulgatus,0.036998
Pa_D14,Collinsella_aerofaciens,0.048002
Pa_D14,Coprococcus_eutactus,0.355352
Pa_D14,Dorea_longicatena,0.035621
Pa_D14,Eubacterium_eligens,0.052066
Pa_D14,Eubacterium_hallii,0.028271
Pa_D14,Eubacterium_rectale,0.03132
Pa_D14,Faecalibacterium_prausnitzii,0.269471
Pa_D14,Prevotella_sp_CAG_1124,0.129675
Pa_D14,Roseburia_faecis,0.253419
Pa_D14,Roseburia_inulinivorans,0.060471
Pa_D14,Ruminococcus_bromii,0.225707
Pa_D14,Ruminococcus_sp_CAG_403,0.214272
Pa_D14,Ruminococcus_torques,0.040666
Pa_D6,Anaerotruncus_sp_CAG_528,0.235141
Pa_D6,Bifidobacterium_adolescentis,1.832129
Pa_D6,Bifidobacterium_bifidum,0.282088
Pa_D6,Bifidobacterium_catenulatum,0.47177
Pa_D6,Bifidobacterium_longum,0.696743
Pa_D6,Butyrivibrio_crossotus,0.416579
Pa_D6,Catenibacterium_mitsuokai,0.490934
Pa_D6,Clostridium_sp_CAG_413,0.346853
Pa_D6,Collinsella_aerofaciens,0.428778
Pa_D6,Dorea_longicatena,0.295963
Pa_D6,Eubacterium_rectale,1.076876
Pa_D6,Eubacterium_sp_CAG_251,0.201368
Pa_D6,Faecalibacterium_prausnitzii,1.948624
Pa_D6,Hafnia_alvei,0.31821
Pa_D6,Prevotella_copri,3.117424
Pa_D6,Prevotella_sp_CAG_279,0.2288
Pa_D6,Prevotella_stercorea,0.770597
Pa_D6,Roseburia_faecis,0.792959
Pa_D6,Roseburia_inulinivorans,0.285292
Pa_D6,Ruminococcus_torques,0.201059
Pa_D7,Alistipes_putredinis,0.075235
Pa_D7,Bacteroides_coprocola,0.023586
Pa_D7,Bacteroides_plebeius,0.090537
Pa_D7,Bacteroides_uniformis,0.042731
Pa_D7,Bifidobacterium_longum,0.077146
Pa_D7,Collinsella_aerofaciens,0.058422
Pa_D7,Coprococcus_eutactus,0.212364
Pa_D7,Eubacterium_rectale,0.195867
Pa_D7,Faecalibacterium_prausnitzii,0.195347
Pa_D7,Prevotella_sp_CAG_1124,0.34779
Pa_D7,Roseburia_intestinalis,0.065296
Pa_D7,Ruminococcus_bromii,0.258323
FAT_DON_11_22_0_6,Alistipes_putredinis,0.111227
FAT_DON_11_22_0_6,Anaerostipes_hadrus,0.106943
FAT_DON_11_22_0_6,Bacteroides_massiliensis,0.027582
FAT_DON_11_22_0_6,Bacteroides_salyersiae,0.025412
FAT_DON_11_22_0_6,Bacteroides_uniformis,0.081646
FAT_DON_11_22_0_6,Bacteroides_vulgatus,0.181525
FAT_DON_11_22_0_6,Butyrivibrio_crossotus,0.356201
FAT_DON_11_22_0_6,Dorea_longicatena,0.035318
FAT_DON_11_22_0_6,Eubacterium_hallii,0.029917
FAT_DON_11_22_0_6,Eubacterium_rectale,0.070515
FAT_DON_11_22_0_6,Faecalibacterium_prausnitzii,0.376375
FAT_DON_11_22_0_6,Lachnospira_pectinoschiza,0.057822
FAT_DON_11_22_0_6,Paraprevotella_xylaniphila,0.039022
FAT_DON_11_22_0_6,Roseburia_faecis,0.073079
FAT_DON_11_22_0_6,Roseburia_intestinalis,0.056233
FAT_DON_11_22_0_6,Roseburia_inulinivorans,0.083583
FAT_DON_11_22_0_6,Ruminococcus_bicirculans,0.217747
FAT_DON_11_22_0_6,Ruminococcus_sp_CAG_330,0.039478
FAT_DON_19_22_0_0,Alistipes_putredinis,0.05787
FAT_DON_19_22_0_0,Bacteroides_dorei,0.05763
FAT_DON_19_22_0_0,Bacteroides_intestinalis,0.037745
FAT_DON_19_22_0_0,Bacteroides_ovatus,0.014646
FAT_DON_19_22_0_0,Bacteroides_uniformis,0.067011
FAT_DON_19_22_0_0,Bacteroides_vulgatus,0.044714
FAT_DON_19_22_0_0,Bifidobacterium_adolescentis,0.02405
FAT_DON_19_22_0_0,Bifidobacterium_pseudocatenulatum,0.032688
FAT_DON_19_22_0_0,Blautia_obeum,0.022278
FAT_DON_19_22_0_0,Collinsella_aerofaciens,0.026865
FAT_DON_19_22_0_0,Coprococcus_comes,0.021986
FAT_DON_19_22_0_0,Dorea_longicatena,0.059108
FAT_DON_19_22_0_0,Eubacterium_eligens,0.020825
FAT_DON_19_22_0_0,Eubacterium_hallii,0.017822
FAT_DON_19_22_0_0,Eubacterium_rectale,0.34497
FAT_DON_19_22_0_0,Faecalibacterium_prausnitzii,0.169136
FAT_DON_19_22_0_0,Parabacteroides_distasonis,0.0199
FAT_DON_19_22_0_0,Roseburia_intestinalis,0.087341
FAT_DON_19_22_0_0,Roseburia_inulinivorans,0.019907
FAT_DON_19_22_0_0,Ruminococcus_bicirculans,0.016807
FAT_DON_19_22_0_0,Ruminococcus_bromii,0.08819
FAT_DON_8_22_0_0,Alistipes_finegoldii,0.120549
FAT_DON_8_22_0_0,Alistipes_putredinis,0.081539
FAT_DON_8_22_0_0,Bacteroides_dorei,0.062764
FAT_DON_8_22_0_0,Bacteroides_eggerthii,0.094573
FAT_DON_8_22_0_0,Bacteroides_ovatus,0.037148
FAT_DON_8_22_0_0,Bacteroides_vulgatus,0.077939
FAT_DON_8_22_0_0,Barnesiella_intestinihominis,0.039384
FAT_DON_8_22_0_0,Bifidobacterium_adolescentis,0.104585
FAT_DON_8_22_0_0,Bifidobacterium_bifidum,0.033703
FAT_DON_8_22_0_0,Bifidobacterium_longum,0.128155
FAT_DON_8_22_0_0,Coprococcus_comes,0.041738
FAT_DON_8_22_0_0,Dialister_succinatiphilus,0.053448
FAT_DON_8_22_0_0,Dorea_longicatena,0.053728
FAT_DON_8_22_0_0,Eubacterium_eligens,0.03308
FAT_DON_8_22_0_0,Eubacterium_hallii,0.053543
FAT_DON_8_22_0_0,Eubacterium_rectale,0.580594
FAT_DON_8_22_0_0,Eubacterium_siraeum,0.107823
FAT_DON_8_22_0_0,Eubacterium_sp_CAG_251,0.075347
FAT_DON_8_22_0_0,Faecalibacterium_prausnitzii,0.249823
FAT_DON_8_22_0_0,Lachnospira_pectinoschiza,0.038482
FAT_DON_8_22_0_0,Methanobrevibacter_smithii,0.042977
FAT_DON_8_22_0_0,Parabacteroides_distasonis,0.042546
FAT_DON_8_22_0_0,Ruminococcus_bromii,0.151912
FAT_DON_8_22_0_0,Ruminococcus_sp_CAG_403,0.050176
D9_BhdST013,Akkermansia_muciniphila,0.068635
D9_BhdST013,Alistipes_putredinis,0.08584
D9_BhdST013,Bifidobacterium_adolescentis,0.075089
D9_BhdST013,Bifidobacterium_longum,0.075424
D9_BhdST013,Blautia_obeum,0.167021
D9_BhdST013,Blautia_wexlerae,0.072559
D9_BhdST013,Collinsella_aerofaciens,0.281468
D9_BhdST013,Coprococcus_catus,0.033733
D9_BhdST013,Coprococcus_eutactus,0.08689
D9_BhdST013,Dialister_sp_CAG_357,0.161616
D9_BhdST013,Dorea_formicigenerans,0.066941
D9_BhdST013,Dorea_longicatena,0.178522
D9_BhdST013,Eubacterium_hallii,0.065114
D9_BhdST013,Eubacterium_rectale,0.15294
D9_BhdST013,Faecalibacterium_prausnitzii,0.066983
D9_BhdST013,Roseburia_faecis,0.148038
D9_BhdST013,Ruminococcus_bromii,0.444247
D9_BhdST013,Streptococcus_salivarius,0.032682
D8_S528,Anaerostipes_hadrus,0.129927
D8_S528,Blautia_wexlerae,0.265265
D8_S528,Collinsella_intestinalis,0.024559
D8_S528,Dorea_formicigenerans,0.033231
D8_S528,Dorea_longicatena,0.035986
D8_S528,Eubacterium_ramulus,0.034083
D8_S528,Eubacterium_rectale,0.320976
D8_S528,Faecalibacterium_prausnitzii,0.123532
D8_S528,Roseburia_faecis,0.020874
D8_S528,Roseburia_inulinivorans,0.062478
D8_S528,Ruminococcus_torques,0.144303
D8_S528,Streptococcus_salivarius,0.024083
D8_S528,Streptococcus_thermophilus,0.061195
D8_S528,Veillonella_atypica,0.020074
D16_BhdST0634,Acidaminococcus_intestini,0.205663
D16_BhdST0634,Alistipes_finegoldii,0.090685
D16_BhdST0634,Alistipes_putredinis,0.255348
D16_BhdST0634,Anaerostipes_hadrus,0.192813
D16_BhdST0634,Bacteroides_caccae,0.042204
D16_BhdST0634,Bacteroides_fragilis,0.091032
D16_BhdST0634,Bacteroides_ovatus,0.268639
D16_BhdST0634,Bacteroides_vulgatus,0.482427
D16_BhdST0634,Barnesiella_intestinihominis,0.062441
D16_BhdST0634,Bifidobacterium_adolescentis,0.196804
D16_BhdST0634,Collinsella_aerofaciens,0.093374
D16_BhdST0634,Dialister_sp_CAG_357,0.176113
D16_BhdST0634,Eubacterium_rectale,0.36703
D16_BhdST0634,Faecalibacterium_prausnitzii,0.181094
D16_BhdST0634,Parabacteroides_distasonis,0.096426
D16_BhdST0634,Roseburia_intestinalis,0.150803
D16_BhdST0634,Roseburia_inulinivorans,0.084649
D16_BhdST0634,Ruminococcus_bicirculans,0.040073
D15_BhdST464,Alistipes_putredinis,0.279454
D15_BhdST464,Anaerostipes_hadrus,1.988644
D15_BhdST464,Bacteroides_cellulosilyticus,0.374268
D15_BhdST464,Bacteroides_plebeius,0.686117
D15_BhdST464,Bacteroides_thetaiotaomicron,0.798673
D15_BhdST464,Bacteroides_uniformis,1.364046
D15_BhdST464,Bacteroides_vulgatus,1.986727
D15_BhdST464,Bacteroides_xylanisolvens,0.376177
D15_BhdST464,Bifidobacterium_bifidum,0.883625
D15_BhdST464,Bifidobacterium_pseudocatenulatum,0.317538
D15_BhdST464,Blautia_wexlerae,0.292595
D15_BhdST464,Dorea_longicatena,0.452183
D15_BhdST464,Eggerthella_lenta,0.378313
D15_BhdST464,Escherichia_coli,0.732063
D15_BhdST464,Eubacterium_hallii,0.865976
D15_BhdST464,Eubacterium_siraeum,1.104154
D15_BhdST464,Faecalibacterium_prausnitzii,0.809735
D15_BhdST464,Parabacteroides_distasonis,1.485612
D15_BhdST464,Phascolarctobacterium_faecium,0.312022
D15_BhdST464,Roseburia_faecis,1.365219
D15_BhdST464,Roseburia_inulinivorans,1.713536
D15_BhdST464,Ruminococcus_bromii,3.066618
D15_BhdST464,Ruminococcus_gnavus,0.262197
D15_BhdST464,Streptococcus_salivarius,0.446829
DF12_D4,Bacteroides_nordii,0.025234
DF12_D4,Bacteroides_stercoris,0.051853
DF12_D4,Bacteroides_thetaiotaomicron,0.436683
DF12_D4,Bacteroides_uniformis,0.021765
DF12_D4,Eubacterium_eligens,0.014268
DF12_D4,Eubacterium_sp_CAG_38,0.02019
DF12_D4,Faecalibacterium_prausnitzii,0.175754
DF12_D4,Flavonifractor_plautii,0.021321
DF12_D4,Lachnospira_pectinoschiza,0.048061
DF12_D4,Phascolarctobacterium_faecium,0.0205
DF12_D4,Roseburia_faecis,0.089646
DF12_D4,Roseburia_intestinalis,0.055208
DF12_D4,Roseburia_inulinivorans,0.064423
FRICKE_18B,Akkermansia_muciniphila,0.905133
FRICKE_18B,Anaerostipes_hadrus,2.102009
FRICKE_18B,Bifidobacterium_adolescentis,0.360113
FRICKE_18B,Bifidobacterium_longum,0.538721
FRICKE_18B,Blautia_obeum,0.150409
FRICKE_18B,Blautia_wexlerae,0.187536
FRICKE_18B,Clostridium_saccharolyticum,0.166511
FRICKE_18B,Collinsella_aerofaciens,1.213493
FRICKE_18B,Escherichia_coli,0.82424
FRICKE_18B,Eubacterium_rectale,2.489646
FRICKE_18B,Faecalibacterium_prausnitzii,0.283625
FRICKE_18B,Ruminococcus_bromii,1.69829
FRICKE_18B,Ruminococcus_gnavus,0.656301
FRICKE_18B,Ruminococcus_lactaris,0.229944
FRICKE_18B,Ruminococcus_torques,0.692203
FRICKE_29B,Anaerostipes_hadrus,0.181264
FRICKE_29B,Bifidobacterium_adolescentis,0.140621
FRICKE_29B,Bifidobacterium_longum,0.380506
FRICKE_29B,Blautia_sp_CAG_257,0.146635
FRICKE_29B,Blautia_wexlerae,0.171548
FRICKE_29B,Dorea_longicatena,0.082788
FRICKE_29B,Eggerthella_lenta,0.063755
FRICKE_29B,Eubacterium_rectale,0.021985
FRICKE_29B,Ruminococcus_gnavus,0.019139
FRICKE_29B,Streptococcus_thermophilus,0.158825
FRICKE_54B,Anaerostipes_hadrus,0.03858
FRICKE_54B,Bacteroides_vulgatus,0.068927
FRICKE_54B,Bifidobacterium_adolescentis,0.15515
FRICKE_54B,Bifidobacterium_longum,0.124234
FRICKE_54B,Blautia_wexlerae,0.029259
FRICKE_54B,Collinsella_aerofaciens,0.062663
FRICKE_54B,Eubacterium_eligens,0.215365
FRICKE_54B,Eubacterium_rectale,0.180701
FRICKE_54B,Faecalibacterium_prausnitzii,0.300689
FRICKE_54B,Roseburia_faecis,0.25767
FRICKE_54B,Roseburia_intestinalis,0.08071
FRICKE_54B,Roseburia_inulinivorans,0.054381
FRICKE_54B,Streptococcus_thermophilus,0.020064
FRICKE_9B,Blautia_sp_CAG_257,0.136198
FRICKE_9B,Clostridium_spiroforme,0.005485
FRICKE_9B,Collinsella_stercoris,0.004717
FRICKE_9B,Eggerthella_lenta,0.013121
FRICKE_9B,Ruminococcus_gnavus,0.014536
FMT1,Anaerostipes_hadrus,0.023346
FMT1,Bacteroides_dorei,0.140888
FMT1,Bacteroides_massiliensis,0.04604
FMT1,Bacteroides_ovatus,0.027418
FMT1,Bacteroides_stercoris,0.47692
FMT1,Bacteroides_uniformis,0.164557
FMT1,Bifidobacterium_pseudocatenulatum,0.13343
FMT1,Coprococcus_comes,0.029577
FMT1,Dorea_sp_CAG_317,0.024068
FMT1,Eubacterium_rectale,0.064731
FMT1,Faecalibacterium_prausnitzii,0.065459
FMT1,Flavonifractor_plautii,0.021585
FMT1,Parabacteroides_merdae,0.021491
FMT1,Ruminococcus_bicirculans,0.032788
FMT1,Ruminococcus_lactaris,0.017194
FMT1,Streptococcus_thermophilus,0.051968
FMT27,Bacteroides_vulgatus,0.051231
FMT27,Bifidobacterium_adolescentis,0.214406
FMT27,Bifidobacterium_angulatum,0.061454
FMT27,Collinsella_aerofaciens,0.033213
FMT27,Coprococcus_eutactus,0.179635
FMT27,Dialister_succinatiphilus,0.087255
FMT27,Dorea_longicatena,0.064957
FMT27,Eubacterium_eligens,0.036064
FMT27,Eubacterium_rectale,0.38975
FMT27,Eubacterium_sp_CAG_180,0.073249
FMT27,Faecalibacterium_prausnitzii,0.235966
FMT27,Lactobacillus_ruminis,0.299097
FMT27,Prevotella_copri,0.154527
FMT27,Prevotella_sp_CAG_279,0.054622
FMT27,Roseburia_faecis,0.101744
FMT27,Ruminococcus_sp_CAG_330,0.047041
FMT30,Alistipes_putredinis,0.116785
FMT30,Anaerostipes_hadrus,0.047085
FMT30,Bacteroides_caccae,0.075314
FMT30,Bacteroides_massiliensis,0.028755
FMT30,Bacteroides_thetaiotaomicron,0.034432
FMT30,Bacteroides_uniformis,0.072706
FMT30,Bacteroides_vulgatus,0.376384
FMT30,Bacteroides_xylanisolvens,0.095421
FMT30,Bifidobacterium_bifidum,0.081757
FMT30,Bifidobacterium_pseudocatenulatum,0.123319
FMT30,Blautia_wexlerae,0.157245
FMT30,Collinsella_aerofaciens,0.044635
FMT30,Coprococcus_comes,0.03763
FMT30,Eubacterium_hallii,0.035758
FMT30,Eubacterium_rectale,0.317846
FMT30,Faecalibacterium_prausnitzii,0.15537
FMT30,Parabacteroides_distasonis,0.044292
FMT30,Roseburia_faecis,0.085734
FMT30,Ruminococcus_torques,0.036563
FMT33,Anaerostipes_hadrus,0.410702
FMT33,Bacteroides_xylanisolvens,2.468763
FMT33,Blautia_wexlerae,1.327187
FMT33,Candidatus_Stoquefichus_sp_KLE1796,0.077982
FMT33,Clostridium_sp_CAG_299,0.078042
FMT33,Dialister_invisus,0.107715
FMT33,Dorea_longicatena,0.112348
FMT33,Eubacterium_eligens,0.266513
FMT33,Faecalibacterium_prausnitzii,0.895721
FMT33,Flavonifractor_plautii,0.072582
FMT33,Parasutterella_excrementihominis,0.117415
FMT33,Ruminococcus_gnavus,0.403184
FMT34,Anaerostipes_hadrus,0.264394
FMT34,Bacteroides_xylanisolvens,2.203928
FMT34,Blautia_hansenii,0.068692
FMT34,Blautia_wexlerae,1.845195
FMT34,Candidatus_Stoquefichus_sp_KLE1796,0.089972
FMT34,Clostridium_sp_CAG_299,0.158922
FMT34,Dialister_invisus,0.083152
FMT34,Dorea_longicatena,0.175124
FMT34,Eubacterium_eligens,0.249425
FMT34,Faecalibacterium_prausnitzii,0.488817
FMT34,Flavonifractor_plautii,0.122281
FMT34,Parasutterella_excrementihominis,0.149127
FMT34,Ruminococcus_gnavus,0.215111
