species,smillie_auc,genome_name,smillie_engraftment_prob
Roseburia_intestinalis,0.53125,Roseburia_intestinalis_L1-82,0.0625
Roseburia_inulinivorans,0.53125,Roseburia_inulinivorans_DSM_16841,0.0625
Rothia_mucilaginosa,0.5,Rothia_mucilaginosa_ATCC_25296,0.0
Ruminococcus_flavefaciens,0.5,Ruminococcus_flavefaciens_FD-1,0.0
Ruminococcus_gnavus,0.510416666666667,Ruminococcus_gnavus_ATCC_29149,0.020833333333333925
Ruminococcus_lactaris,0.5,Ruminococcus_lactaris_ATCC_29176,0.0
Ruminococcus_obeum,0.53125,Ruminococcus_obeum_ATCC_29174,0.0625
Ruminococcus_sp.,0.5625,Ruminococcus_sp._5_1_39BFAA,0.125
Ruminococcus_torques,0.5,Ruminococcus_torques_ATCC_27756,0.0
Salmonella_enterica,0.5,"Salmonella_enterica_subsp._arizonae_serovar_62:z4,z23:--",0.0
Selenomonas_flueggei,0.5,Selenomonas_flueggei_ATCC_43531,0.0
Selenomonas_noxia,0.53125,Selenomonas_noxia_ATCC_43541,0.0625
Selenomonas_sputigena,0.53125,Selenomonas_sputigena_ATCC_35185,0.0625
Serratia_proteamaculans,0.583333333333333,Serratia_proteamaculans_568,0.16666666666666607
Slackia_exigua,0.5,Slackia_exigua_ATCC_700122,0.0
Slackia_heliotrinireducens,0.5,Slackia_heliotrinireducens_DSM_20476,0.0
Stackebrandtia_nassauensis,0.5,Stackebrandtia_nassauensis_DSM_44728,0.0
Streptococcus_dysgalactiae,0.635416666666667,Streptococcus_dysgalactiae_subsp._equisimilis_GGS_124,0.2708333333333339
Streptococcus_equi,0.557291666666667,Streptococcus_equi_subsp._equi_4047,0.11458333333333393
Streptococcus_gordonii,0.53125,Streptococcus_gordonii_str._Challis_substr._CH1,0.0625
Streptococcus_infantarius,0.557291666666667,Streptococcus_infantarius_subsp._infantarius_ATCC_BAA-102,0.11458333333333393
Streptococcus_mutans,0.53125,Streptococcus_mutans_UA159,0.0625
Streptococcus_pyogenes,0.557291666666667,Streptococcus_pyogenes_MGAS10750,0.11458333333333393
Streptococcus_salivarius,0.583333333333333,Streptococcus_salivarius_SK126,0.16666666666666607
Streptococcus_sanguinis,0.53125,Streptococcus_sanguinis_SK36,0.0625
Streptococcus_sp.,0.53125,Streptococcus_sp._2_1_36FAA,0.0625
Streptococcus_suis,0.53125,Streptococcus_suis_BM407,0.0625
Streptococcus_thermophilus,0.598958333333333,Streptococcus_thermophilus_LMD-9,0.19791666666666607
Streptomyces_albus,0.5,Streptomyces_albus_J1074,0.0
Streptomyces_griseoflavus,0.5,Streptomyces_griseoflavus_Tu4000,0.0
Streptomyces_hygroscopicus,0.520833333333333,Streptomyces_hygroscopicus_ATCC_53653,0.041666666666666075
Streptomyces_sp.,0.53125,Streptomyces_sp._SPB78,0.0625
Streptomyces_viridochromogenes,0.5,Streptomyces_viridochromogenes_DSM_40736,0.0
Subdoligranulum_variabile,0.5625,Subdoligranulum_variabile_DSM_15176,0.125
Symbiobacterium_thermophilum,0.53125,Symbiobacterium_thermophilum_IAM_14863,0.0625
Veillonella_dispar,0.552083333333333,Veillonella_dispar_ATCC_17748,0.10416666666666607
Veillonella_parvula,0.520833333333333,Veillonella_parvula_DSM_2008,0.041666666666666075
Weissella_paramesenteroides,0.53125,Weissella_paramesenteroides_ATCC_33313,0.0625
Aerococcus_viridans,0.614583333333333,Aerococcus_viridans_ATCC_11563,0.22916666666666607
Afipia_sp.,0.53125,Afipia_sp._1NLS2,0.0625
Alicycliphilus_denitrificans,0.59375,Alicycliphilus_denitrificans_BC,0.1875
Bacteroides_sp.,0.557291666666667,Bacteroides_sp._3_1_23,0.11458333333333393
Desulfovibrio_aespoeensis,0.5625,Desulfovibrio_aespoeensis_Aspo-2,0.125
Desulfovibrio_sp.,0.541666666666667,Desulfovibrio_sp._FW1012B,0.08333333333333393
Enterococcus_faecium,0.5,Enterococcus_faecium_E1071,0.0
Ethanoligenens_harbinense,0.53125,Ethanoligenens_harbinense_YUAN-3,0.0625
Fusobacterium_sp.,0.583333333333333,Fusobacterium_sp._1_1_41FAA,0.16666666666666607
Lactobacillus_amylolyticus,0.515625,Lactobacillus_amylolyticus_DSM_11664,0.03125
Lactobacillus_gasseri,0.5,Lactobacillus_gasseri_224-1,0.0
Lactobacillus_iners,0.572916666666667,Lactobacillus_iners_AB-1,0.14583333333333393
Megasphaera_genomosp.,0.5625,Megasphaera_genomosp._type_1_str._28L,0.125
Micromonospora_sp.,0.5,Micromonospora_sp._L5,0.0
Peptostreptococcus_anaerobius,0.5,Peptostreptococcus_anaerobius_653-L,0.0
Prevotella_bivia,0.59375,Prevotella_bivia_JCVIHMP010,0.1875
Prevotella_buccae,0.59375,Prevotella_buccae_D17,0.1875
Prevotella_buccalis,0.59375,Prevotella_buccalis_ATCC_35310,0.1875
Prevotella_melaninogenica,0.59375,Prevotella_melaninogenica_D18,0.1875
Prevotella_oris,0.59375,Prevotella_oris_C735,0.1875
Prevotella_sp.,0.59375,Prevotella_sp._oral_taxon_299_str._F0039,0.1875
Prevotella_timonensis,0.59375,Prevotella_timonensis_CRIS_5C-B1,0.1875
Rhodopseudomonas_palustris,0.53125,Rhodopseudomonas_palustris_DX-1,0.0625
Ruminococcus_albus,0.5625,Ruminococcus_albus_8,0.125
Serratia_odorifera,0.557291666666667,Serratia_odorifera_4Rx13,0.11458333333333393
Streptococcus_oralis,0.5625,Streptococcus_oralis_ATCC_35037,0.125
Streptococcus_parasanguinis,0.541666666666667,Streptococcus_parasanguinis_ATCC_15912,0.08333333333333393
Turicibacter_sp.,0.5,Turicibacter_sp._PC909,0.0
Veillonella_sp.,0.520833333333333,Veillonella_sp._6_1_27,0.041666666666666075
Acidaminococcus_fermentans,0.53125,Acidaminococcus_fermentans_DSM_20731,0.0625
Bifidobacterium_dentium,0.557291666666667,Bifidobacterium_dentium_Bd1,0.11458333333333393
Bifidobacterium_longum,0.520833333333333,Bifidobacterium_longum_subsp._longum_JDM301,0.041666666666666075
Clostridium_saccharolyticum,0.5625,Clostridium_saccharolyticum_WM1,0.125
Enterobacter_cloacae,0.520833333333333,Enterobacter_cloacae_subsp._cloacae_ATCC_13047,0.041666666666666075
Klebsiella_variicola,0.604166666666667,Klebsiella_variicola_At-22,0.20833333333333393
Olsenella_uli,0.5,Olsenella_uli_DSM_7084,0.0
Pantoea_ananatis,0.520833333333333,Pantoea_ananatis_LMG_20103,0.041666666666666075
Prevotella_ruminicola,0.59375,Prevotella_ruminicola_23,0.1875
Ralstonia_solanacearum,0.5,Ralstonia_solanacearum_PSI07,0.0
Streptococcus_gallolyticus,0.557291666666667,Streptococcus_gallolyticus_UCN34,0.11458333333333393
Streptococcus_mitis,0.572916666666667,Streptococcus_mitis_B6,0.14583333333333393
Erysipelotrichaceae_bacterium,0.53125,Erysipelotrichaceae_bacterium_5_2_54FAA,0.0625
Bacteroides_caccae,0.53125,Bacteroides_caccae_ATCC_43185,0.0625
Bacteroides_capillosus,0.5625,Bacteroides_capillosus_ATCC_29799,0.125
Bacteroides_cellulosilyticus,0.5,Bacteroides_cellulosilyticus_DSM_14838,0.0
Bacteroides_coprocola,0.5,Bacteroides_coprocola_DSM_17136,0.0
Bacteroides_coprophilus,0.5,Bacteroides_coprophilus_DSM_18228,0.0
Bacteroides_eggerthii,0.583333333333333,Bacteroides_eggerthii_DSM_20697,0.16666666666666607
Bacteroides_finegoldii,0.557291666666667,Bacteroides_finegoldii_DSM_17565,0.11458333333333393
Bacteroides_intestinalis,0.5,Bacteroides_intestinalis_DSM_17393,0.0
Bacteroides_pectinophilus,0.53125,Bacteroides_pectinophilus_ATCC_43243,0.0625
Bacteroides_plebeius,0.5,Bacteroides_plebeius_DSM_17135,0.0
Bacteroides_stercoris,0.583333333333333,Bacteroides_stercoris_ATCC_43183,0.16666666666666607
Bacteroides_thetaiotaomicron,0.557291666666667,Bacteroides_thetaiotaomicron_VPI-5482,0.11458333333333393
Bacteroides_vulgatus,0.625,Bacteroides_vulgatus_ATCC_8482,0.25
Bifidobacterium_angulatum,0.53125,Bifidobacterium_angulatum_DSM_20098,0.0625
Bifidobacterium_animalis,0.59375,Bifidobacterium_animalis_subsp._lactis_Bl-04,0.1875
Bifidobacterium_bifidum,0.53125,Bifidobacterium_bifidum_NCIMB_41171,0.0625
Bifidobacterium_breve,0.510416666666667,Bifidobacterium_breve_DSM_20213,0.020833333333333925
Bifidobacterium_catenulatum,0.53125,Bifidobacterium_catenulatum_DSM_16992,0.0625
Bifidobacterium_gallicum,0.5625,Bifidobacterium_gallicum_DSM_20093,0.125
Bifidobacterium_pseudocatenulatum,0.53125,Bifidobacterium_pseudocatenulatum_DSM_20438,0.0625
Blautia_hansenii,0.5625,Blautia_hansenii_DSM_20583,0.125
Blautia_hydrogenotrophica,0.53125,Blautia_hydrogenotrophica_DSM_10507,0.0625
Bradyrhizobium_sp.,0.5,Bradyrhizobium_sp._ORS278,0.0
Bryantella_formatexigens,0.53125,Bryantella_formatexigens_DSM_14469,0.0625
Burkholderia_ubonensis,0.5625,Burkholderia_ubonensis_Bu,0.125
Butyrivibrio_crossotus,0.53125,Butyrivibrio_crossotus_DSM_2876,0.0625
Bacteroides_fragilis,0.5,Bacteroides_fragilis_3_1_12,0.0
Bacteroides_uniformis,0.5,Bacteroides_uniformis_ATCC_8492,0.0
Bifidobacterium_adolescentis,0.5625,Bifidobacterium_adolescentis_L2-32,0.125
Burkholderiales_bacterium,0.5625,Burkholderiales_bacterium_1_1_47,0.125
Corynebacterium_accolens,0.53125,Corynebacterium_accolens_ATCC_49726,0.0625
Candidate_division,0.59375,Candidate_division_TM7_single-cell_isolate_TM7b,0.1875
Corynebacterium_efficiens,0.625,Corynebacterium_efficiens,0.25
Corynebacterium_glucuronalyticum,0.53125,Corynebacterium_glucuronalyticum_ATCC_51867,0.0625
Lactobacillus_helveticus,0.583333333333333,Lactobacillus_helveticus_DSM_20075,0.16666666666666607
Lactobacillus_jensenii,0.5625,Lactobacillus_jensenii_JV-V16,0.125
Lactobacillus_reuteri,0.5,Lactobacillus_reuteri_CF48-3A,0.0
Lactobacillus_rhamnosus,0.567708333333333,"Lactobacillus_rhamnosus_GG,_ATCC_53103",0.13541666666666607
Leuconostoc_mesenteroides,0.541666666666667,Leuconostoc_mesenteroides_cremoris_ATCC_19254,0.08333333333333393
Prevotella_marshii,0.5625,Prevotella_marshii_DSM_16973,0.125
Proteus_mirabilis,0.625,Proteus_mirabilis_ATCC_29906,0.25
Selenomonas_sp.,0.53125,Selenomonas_sp._67H29BP_F0410,0.0625
Carnobacterium_sp.,0.557291666666667,Carnobacterium_sp._AT7,0.11458333333333393
Catenibacterium_mitsuokai,0.625,Catenibacterium_mitsuokai_DSM_15897,0.25
Catenulispora_acidiphila,0.5,Catenulispora_acidiphila_DSM_44928,0.0
Catonella_morbi,0.515625,Catonella_morbi_ATCC_51271,0.03125
Cellulomonas_flavigena,0.5,Cellulomonas_flavigena_DSM_20109,0.0
Chromobacterium_violaceum,0.5,Chromobacterium_violaceum_ATCC_12472,0.0
Chromohalobacter_salexigens,0.53125,Chromohalobacter_salexigens_DSM_3043,0.0625
Citrobacter_koseri,0.5625,Citrobacter_koseri_ATCC_BAA-895,0.125
Citrobacter_sp.,0.520833333333333,Citrobacter_sp.,0.041666666666666075
Clostridiales_bacterium,0.59375,Clostridiales_bacterium_1_7_47FAA_strain,0.1875
Clostridium_asparagiforme,0.53125,Clostridium_asparagiforme_DSM_15981,0.0625
Clostridium_bartlettii,0.557291666666667,Clostridium_bartlettii_DSM_16795,0.11458333333333393
Clostridium_beijerinckii,0.557291666666667,Clostridium_beijerinckii_NCIMB_8052,0.11458333333333393
Clostridium_bolteae,0.5625,Clostridium_bolteae_ATCC_BAA-613,0.125
Clostridium_botulinum,0.557291666666667,Clostridium_botulinum_B_str._Eklund_17B,0.11458333333333393
Actinomyces_odontolyticus,0.5625,Actinomyces_odontolyticus_ATCC_17982,0.125
Clostridium_butyricum,0.557291666666667,Clostridium_butyricum_E4_str._BoNT_E_BL5262,0.11458333333333393
Clostridium_carboxidivorans,0.583333333333333,Clostridium_carboxidivorans_P7,0.16666666666666607
Clostridium_cellulovorans,0.5,Clostridium_cellulovorans_743B,0.0
Clostridium_hathewayi,0.59375,Clostridium_hathewayi_DSM_13479,0.1875
Clostridium_hiranonis,0.583333333333333,Clostridium_hiranonis_DSM_13275,0.16666666666666607
Clostridium_hylemonae,0.53125,Clostridium_hylemonae_DSM_15053,0.0625
Clostridium_leptum,0.5625,Clostridium_leptum_DSM_753,0.125
Clostridium_methylpentosum,0.5,Clostridium_methylpentosum_DSM_5476,0.0
Clostridium_nexile,0.510416666666667,Clostridium_nexile_DSM_1787,0.020833333333333925
Clostridium_novyi,0.583333333333333,Clostridium_novyi_NT,0.16666666666666607
Clostridium_papyrosolvens,0.5,Clostridium_papyrosolvens_DSM_2782,0.0
Actinomyces_urogenitalis,0.5,Actinomyces_urogenitalis_DSM_15434,0.0
Clostridium_perfringens,0.53125,Clostridium_perfringens_ATCC_13124,0.0625
Streptococcus_pneumoniae,0.526041666666667,Streptococcus_pneumoniae_AP200,0.052083333333333925
Gordonia_bronchialis,0.5625,Gordonia_bronchialis_DSM_43247,0.125
Clostridium_phytofermentans,0.53125,Clostridium_phytofermentans_ISDg,0.0625
Clostridium_ramosum,0.5625,Clostridium_ramosum_DSM_1402,0.125
Clostridium_scindens,0.53125,Clostridium_scindens_ATCC_35704,0.0625
Actinosynnema_mirum,0.5,Actinosynnema_mirum_DSM_43827,0.0
Clostridium_sp.,0.557291666666667,Clostridium_sp._7_2_43FAA,0.11458333333333393
Clostridium_spiroforme,0.5625,Clostridium_spiroforme_DSM_1552,0.125
Clostridium_sporogenes,0.5,Clostridium_sporogenes_ATCC_15579,0.0
Collinsella_aerofaciens,0.625,Collinsella_aerofaciens_ATCC_25986,0.25
Collinsella_intestinalis,0.53125,Collinsella_intestinalis_DSM_13280,0.0625
Collinsella_stercoris,0.53125,Collinsella_stercoris_DSM_13279,0.0625
Coprococcus_comes,0.53125,Coprococcus_comes_ATCC_27758,0.0625
Coprococcus_eutactus,0.53125,Coprococcus_eutactus_ATCC_27759,0.0625
Aeromonas_hydrophila,0.505208333333333,Aeromonas_hydrophila_subsp._hydrophila_ATCC_7966,0.010416666666666075
Corynebacterium_tuberculostearicum,0.625,Corynebacterium_tuberculostearicum_SK141,0.25
Cronobacter_turicensis,0.510416666666667,Cronobacter_turicensis,0.020833333333333925
Desulfovibrio_desulfuricans,0.505208333333333,Desulfovibrio_desulfuricans_G20,0.010416666666666075
Desulfovibrio_magneticus,0.505208333333333,Desulfovibrio_magneticus_RS-1,0.010416666666666075
Desulfovibrio_piger,0.541666666666667,Desulfovibrio_piger_ATCC_29098,0.08333333333333393
Desulfovibrio_vulgaris,0.53125,Desulfovibrio_vulgaris_str._Miyazaki_F,0.0625
Dialister_invisus,0.53125,Dialister_invisus_DSM_15470,0.0625
Akkermansia_muciniphila,0.5625,Akkermansia_muciniphila_ATCC_BAA-835,0.125
Dorea_formicigenerans,0.59375,Dorea_formicigenerans_ATCC_27755,0.1875
Dorea_longicatena,0.65625,Dorea_longicatena_DSM_13814,0.3125
Eggerthella_lenta,0.583333333333333,Eggerthella_lenta_DSM_2243,0.16666666666666607
Abiotrophia_defectiva,0.53125,Abiotrophia_defectiva_ATCC_49176,0.0625
Megasphaera_micronuciformis,0.541666666666667,Megasphaera_micronuciformis,0.08333333333333393
Solobacterium_moorei,0.53125,Solobacterium_moorei,0.0625
Actinomyces_sp.,0.5,Actinomyces_sp._oral_taxon_171,0.0
Eikenella_corrodens,0.5,Eikenella_corrodens_ATCC_23834,0.0
Enterobacter_cancero,0.5,Enterobacter_cancero_ATCC_35316,0.0
Cronobacter_sakazakii,0.520833333333333,Cronobacter_sakazakii_ATCC_BAA-894,0.041666666666666075
Enterobacter_sp.,0.5,Enterobacter_sp._638,0.0
Enterococcus_faecalis,0.552083333333333,Enterococcus_faecalis_V583,0.10416666666666607
Escherichia_albertii,0.723958333333333,Escherichia_albertii_TW07627,0.4479166666666661
Alistipes_putredinis,0.5,Alistipes_putredinis_DSM_17216,0.0
Escherichia_coli,0.625,Escherichia_coli_str._K-12_substr._MG1655,0.25
Escherichia_fergusonii,0.635416666666667,Escherichia_fergusonii_ATCC_35469,0.2708333333333339
Eubacterium_biforme,0.59375,Eubacterium_biforme_DSM_3989,0.1875
Eubacterium_dolichum,0.5625,Eubacterium_dolichum_DSM_3991,0.125
Eubacterium_eligens,0.5,Eubacterium_eligens_ATCC_27750,0.0
Eubacterium_hallii,0.5,Eubacterium_hallii_DSM_3353,0.0
Eubacterium_rectale,0.59375,Eubacterium_rectale_ATCC_33656,0.1875
Alkalilimnicola_ehrlichii,0.5625,Alkalilimnicola_ehrlichii_MLHE-1,0.125
Eubacterium_siraeum,0.53125,Eubacterium_siraeum_DSM_15702,0.0625
Eubacterium_ventriosum,0.53125,Eubacterium_ventriosum_ATCC_27560,0.0625
Faecalibacterium_prausnitzii,0.625,Faecalibacterium_prausnitzii_A2-165,0.25
Fusobacterium_mortiferum,0.5625,Fusobacterium_mortiferum_ATCC_9817,0.125
Fusobacterium_nucleatum,0.5,Fusobacterium_nucleatum_subsp._polymorphum_ATCC_10953,0.0
Fusobacterium_periodonticum,0.583333333333333,Fusobacterium_periodonticum_ATCC_33693,0.16666666666666607
Allochromatium_vinosum,0.53125,Allochromatium_vinosum_DSM_180,0.0625
Fusobacterium_ulcerans,0.53125,Fusobacterium_ulcerans_ATCC_49185,0.0625
Gemella_haemolysans,0.53125,Gemella_haemolysans_ATCC_10379,0.0625
Geodermatophilus_obscurus,0.5,Geodermatophilus_obscurus_DSM_43160,0.0
Granulicatella_adiacens,0.5,Granulicatella_adiacens_ATCC_49175,0.0
Granulicatella_elegans,0.5,Granulicatella_elegans_ATCC_700633,0.0
Haemophilus_ducreyi,0.583333333333333,Haemophilus_ducreyi_35000HP,0.16666666666666607
Haemophilus_influenzae,0.583333333333333,Haemophilus_influenzae_R2866,0.16666666666666607
Heliobacterium_modesticaldum,0.53125,Heliobacterium_modesticaldum_Ice1,0.0625
Holdemania_filiformis,0.53125,Holdemania_filiformis_DSM_12042,0.0625
Anaerococcus_hydrogenalis,0.5,Anaerococcus_hydrogenalis_DSM_7454,0.0
Klebsiella_pneumoniae,0.645833333333333,Klebsiella_pneumoniae_subsp._rhinoscleromatis_ATCC_13884,0.2916666666666661
Kocuria_rhizophila,0.5625,Kocuria_rhizophila_DC2201,0.125
Kribbella_flavida,0.53125,Kribbella_flavida_DSM_17836,0.0625
Kytococcus_sedentarius,0.53125,Kytococcus_sedentarius_DSM_20547,0.0625
Lactobacillus_antri,0.53125,Lactobacillus_antri_DSM_16041,0.0625
Lactobacillus_coleohominis,0.5625,Lactobacillus_coleohominis_101-4-CHN,0.125
Lactobacillus_fermentum,0.526041666666667,Lactobacillus_fermentum_IFO_3956,0.052083333333333925
Lactobacillus_plantarum,0.520833333333333,Lactobacillus_plantarum_WCFS1,0.041666666666666075
Lactobacillus_ruminis,0.520833333333333,Lactobacillus_ruminis_ATCC_25644,0.041666666666666075
Lactobacillus_sakei,0.53125,Lactobacillus_sakei_subsp._sakei_23K,0.0625
Lactobacillus_ultunensis,0.515625,Lactobacillus_ultunensis_DSM_16047,0.03125
Lactobacillus_vaginalis,0.5,Lactobacillus_vaginalis_ATCC_49540,0.0
Lactococcus_lactis,0.5,Lactococcus_lactis_subsp._cremoris_MG1363,0.0
Laribacter_hongkongensis,0.5625,Laribacter_hongkongensis_HLHK9,0.125
Anaerococcus_vaginalis,0.5,Anaerococcus_vaginalis_ATCC_51170,0.0
Leuconostoc_citreum,0.510416666666667,Leuconostoc_citreum_KM20,0.020833333333333925
Listeria_grayi,0.515625,Listeria_grayi_DSM_20601,0.03125
Lutiella_nitroferrum,0.5,Lutiella_nitroferrum_2002,0.0
Anaerostipes_caccae,0.5625,Anaerostipes_caccae_DSM_14662,0.125
Methylibium_petroleiphilum,0.505208333333333,Methylibium_petroleiphilum_PM1,0.010416666666666075
Anaerotruncus_colihominis,0.5,Anaerotruncus_colihominis_DSM_17241,0.0
Methylobacterium_radiotolerans,0.59375,Methylobacterium_radiotolerans_JCM_2831,0.1875
Micrococcus_luteus,0.5,Micrococcus_luteus_NCTC_2665,0.0
Mitsuokella_multacida,0.53125,Mitsuokella_multacida_DSM_20544,0.0625
Moorella_thermoacetica,0.5625,Moorella_thermoacetica_ATCC,0.125
Mycobacterium_avium,0.5,Mycobacterium_avium,0.0
Aromatoleum_aromaticum,0.53125,Aromatoleum_aromaticum_EbN1,0.0625
Nocardiopsis_dassonvillei,0.53125,Nocardiopsis_dassonvillei_subsp._dassonvillei_DSM_43111,0.0625
Novosphingobium_aromaticivorans,0.5625,Novosphingobium_aromaticivorans_DSM_12444,0.125
Arthrobacter_chlorophenolicus,0.59375,Arthrobacter_chlorophenolicus_A6,0.1875
Oligotropha_carboxidovorans,0.53125,Oligotropha_carboxidovorans_OM5,0.0625
Arthrobacter_sp.,0.5,Arthrobacter_sp._FB24,0.0
Oribacterium_sinus,0.53125,Oribacterium_sinus_F0268,0.0625
Parabacteroides_distasonis,0.5625,Parabacteroides_distasonis_ATCC_8503,0.125
Parabacteroides_johnsonii,0.5625,Parabacteroides_johnsonii_DSM_18315,0.125
Parabacteroides_merdae,0.53125,Parabacteroides_merdae_ATCC_43184,0.0625
Parvimonas_micra,0.5,Parvimonas_micra_ATCC_33270,0.0
Pasteurella_multocida,0.583333333333333,Pasteurella_multocida_subsp._multocida_str._Pm70,0.16666666666666607
Pediococcus_pentosaceus,0.510416666666667,Pediococcus_pentosaceus_ATCC_25745,0.020833333333333925
Pelotomaculum_thermopropionicum,0.53125,Pelotomaculum_thermopropionicum_SI,0.0625
Phenylobacterium_zucineum,0.59375,Phenylobacterium_zucineum_HLK1,0.1875
Polaromonas_naphthalenivorans,0.53125,Polaromonas_naphthalenivorans_CJ2,0.0625
Atopobium_parvulum,0.583333333333333,Atopobium_parvulum_DSM_20469,0.16666666666666607
Prevotella_bergensis,0.59375,Prevotella_bergensis_DSM_17361,0.1875
Prevotella_copri,0.625,Prevotella_copri_DSM_18205,0.25
Prevotella_tannerae,0.53125,Prevotella_tannerae_ATCC_51259,0.0625
Prevotella_veroralis,0.59375,Prevotella_veroralis_F0319,0.1875
Acidaminococcus_sp.,0.5625,Acidaminococcus_sp._D21,0.125
Atopobium_rimae,0.5,Atopobium_rimae_ATCC_49626,0.0
Atopobium_vaginae,0.5,Atopobium_vaginae_DSM_15829,0.0
Proteus_penneri,0.625,Proteus_penneri_ATCC_35198,0.25
Providencia_alcalifaciens,0.505208333333333,Providencia_alcalifaciens_DSM_30120,0.010416666666666075
Providencia_rustigianii,0.520833333333333,Providencia_rustigianii_DSM_4541,0.041666666666666075
Providencia_stuartii,0.53125,Providencia_stuartii_ATCC_25827,0.0625
Pseudomonas_entomophila,0.71875,Pseudomonas_entomophila_L48,0.4375
Pseudomonas_putida,0.71875,Pseudomonas_putida_F1,0.4375
Azoarcus_sp.,0.5625,Azoarcus_sp._BH72,0.125
