#OTU ID	Acidaminococcus_intestini	Adlercreutzia_equolifaciens	Agathobaculum_butyriciproducens	Alistipes_finegoldii	Alistipes_indistinctus	Alistipes_putredinis	Alistipes_shahii	Anaerostipes_hadrus	Asaccharobacter_celatus	Bacteroides_caccae	Bacteroides_cellulosilyticus	Bacteroides_coprocola	Bacteroides_dorei	Bacteroides_eggerthii	Bacteroides_faecis	Bacteroides_finegoldii	Bacteroides_fragilis	Bacteroides_massiliensis	Bacteroides_ovatus	Bacteroides_plebeius	Bacteroides_salyersiae	Bacteroides_sp_CAG_144	Bacteroides_stercoris	Bacteroides_thetaiotaomicron	Bacteroides_uniformis	Bacteroides_vulgatus	Bacteroides_xylanisolvens	Barnesiella_intestinihominis	Bifidobacterium_adolescentis	Bifidobacterium_bifidum	Bifidobacterium_longum	Bifidobacterium_pseudocatenulatum	Bilophila_wadsworthia	Blautia_hydrogenotrophica	Blautia_obeum	Blautia_wexlerae	Butyricimonas_synergistica	Butyricimonas_virosa	Catenibacterium_mitsuokai	Clostridium_sp_CAG_58	Collinsella_aerofaciens	Collinsella_stercoris	Coprobacter_fastidiosus	Coprococcus_catus	Coprococcus_comes	Dialister_invisus	Dorea_formicigenerans	Dorea_longicatena	Eggerthella_lenta	Escherichia_coli	Eubacterium_eligens	Eubacterium_hallii	Eubacterium_ramulus	Eubacterium_rectale	Eubacterium_siraeum	Eubacterium_sp_CAG_38	Eubacterium_ventriosum	Faecalibacterium_prausnitzii	Firmicutes_bacterium_CAG_110	Firmicutes_bacterium_CAG_83	Flavonifractor_plautii	Fusicatenibacter_saccharivorans	Gemmiger_formicilis	Gordonibacter_pamelaeae	Haemophilus_parainfluenzae	Holdemanella_biformis	Intestinibacter_bartlettii	Lachnospira_pectinoschiza	Lawsonibacter_asaccharolyticus	Methanobrevibacter_smithii	Odoribacter_splanchnicus	Oscillibacter_sp_57_20	Oscillibacter_sp_CAG_241	Parabacteroides_distasonis	Parabacteroides_merdae	Parabacteroides_sp_CAG_409	Paraprevotella_xylaniphila	Parasutterella_excrementihominis	Prevotella_copri	Proteobacteria_bacterium_CAG_139	Roseburia_faecis	Roseburia_hominis	Roseburia_intestinalis	Roseburia_inulinivorans	Ruminococcus_bicirculans	Ruminococcus_bromii	Ruminococcus_gnavus	Ruminococcus_lactaris	Ruminococcus_torques	Ruthenibacterium_lactatiformans	Slackia_isoflavoniconvertens	Streptococcus_parasanguinis	Streptococcus_salivarius	Streptococcus_thermophilus	Veillonella_parvula
Acidaminococcus_intestini	1.0000	0.0594	0.0099	0.5149	0.2277	0.2574	0.8515	0.0099	0.0198	0.1188	0.9109	0.0594	0.6634	0.1980	0.2475	0.0495	0.8119	0.1485	0.3960	0.0099	0.1881	0.0891	0.0099	0.0099	0.2178	0.1188	0.0099	0.0099	0.0198	0.0099	0.7426	0.1089	0.5842	0.0594	0.0099	0.0099	0.0396	0.5050	0.1683	0.2079	0.0297	0.0792	0.8614	0.0099	0.0297	0.7525	0.0198	0.3663	0.0792	0.8614	0.4356	0.0099	0.0099	0.0495	0.2970	0.4950	0.9802	0.0297	0.0693	0.1386	0.8911	0.0099	0.9406	0.0198	0.1287	0.2079	0.0693	0.3168	0.1683	0.6337	0.0990	0.0099	0.9604	0.2970	0.0099	0.0099	0.2673	0.7426	0.0099	0.8614	0.1089	0.0693	0.7030	0.2277	0.1881	0.6634	0.9505	0.0099	0.0099	0.8119	0.6733	0.3267	0.3960	0.0990	0.6139
Adlercreutzia_equolifaciens	0.0594	1.0000	0.0396	0.1683	0.9802	0.0099	0.0099	0.0099	0.0099	0.0099	0.8911	0.0693	0.0099	0.0099	0.0297	0.0099	0.9208	0.0099	0.0099	0.0693	0.0099	0.1188	0.0099	0.0891	0.0099	0.0198	0.0099	0.0099	0.0594	0.8812	0.0099	0.0099	0.2673	0.0099	0.0099	0.0099	0.0099	0.0495	0.5743	0.2673	0.0396	0.0099	0.5248	0.0099	0.0990	0.4158	0.0099	0.4752	0.0099	0.0297	0.0099	0.0099	0.0099	0.4257	0.0297	0.5446	0.0297	0.2079	0.1188	0.4356	0.0099	0.4257	0.1881	0.0099	0.0594	0.5347	0.0099	0.1089	0.0099	0.5050	0.0099	0.0099	0.5842	0.0099	0.0099	0.3861	0.0495	0.0099	0.0396	0.0099	0.0198	0.0099	0.0099	0.4356	0.7228	0.0891	0.0099	0.1584	0.4257	0.0099	0.7624	0.0099	0.0099	0.0099	0.0099
Agathobaculum_butyriciproducens	0.0099	0.0396	1.0000	0.0099	0.0495	0.0099	0.0099	0.0099	0.0099	0.0099	0.0099	0.5446	0.0198	0.0099	0.0099	0.0099	0.0198	0.0594	0.0297	0.0693	0.0297	0.0099	0.0099	0.0891	0.0099	0.0099	0.0198	0.0099	0.0297	0.0792	0.0099	0.0099	0.0198	0.2079	0.0099	0.0099	0.0099	0.0099	1.0000	0.8218	0.0099	0.9703	0.0099	0.0099	0.0099	0.8812	0.0099	0.0099	0.0099	0.1881	0.2772	0.0099	0.0099	0.0198	0.0099	0.3762	0.0594	0.0099	0.0099	0.9604	0.6832	0.0099	0.0198	0.0297	0.9307	0.1386	0.0495	0.0198	0.1089	0.0594	0.0099	0.0990	0.0198	0.0198	0.0099	0.0099	0.0198	0.0297	0.9703	0.0198	0.7921	0.8020	0.2079	0.0495	0.4356	0.0495	0.0891	0.2574	0.0099	0.0198	0.6535	0.5347	0.4851	0.1980	0.1881
Alistipes_finegoldii	0.5149	0.1683	0.0099	1.0000	0.0099	0.0099	0.0099	0.0099	0.0693	0.0099	0.0099	0.0396	0.1584	0.0495	0.1485	0.3366	0.0099	0.9802	0.3960	0.5446	0.2475	0.0198	0.2772	0.0495	0.0099	0.0297	0.0099	0.0099	0.1485	0.6931	0.0099	0.0594	0.0396	0.0297	0.0198	0.0099	0.0099	0.0099	0.0099	0.5941	0.3762	0.0099	0.3861	0.0495	0.2673	0.0198	0.0099	0.0198	0.0099	0.2079	0.8515	0.0099	0.0099	0.1584	0.0099	0.2574	0.8416	0.9802	0.0099	0.3465	0.2970	0.0990	0.1782	0.0099	0.0099	0.5941	0.0099	0.7723	0.0792	0.0198	0.0099	0.0099	0.0099	0.0099	0.0099	0.6733	0.4059	0.2277	0.1188	0.1188	0.8218	0.0099	0.4851	0.3861	0.0099	0.2178	0.0198	0.3663	0.0297	0.0198	0.9703	0.0099	0.0099	0.0099	0.0099
Alistipes_indistinctus	0.2277	0.9802	0.0495	0.0099	1.0000	0.2178	0.0099	0.0099	0.2475	0.0693	0.0099	0.0099	0.0099	0.6337	0.1584	0.8515	0.6139	0.3564	0.0693	0.0099	0.5545	0.3762	0.0099	0.0297	0.5941	0.9802	0.0396	0.5149	0.2079	0.3465	0.0099	0.1089	0.0099	0.5347	0.0396	0.4257	0.0099	0.0099	0.0099	0.0099	0.0297	0.5149	0.1287	0.8317	0.0792	0.4059	0.0198	0.0099	0.9208	0.4059	0.1881	0.0099	0.6535	0.1188	0.0198	0.3564	0.0099	0.0297	0.1881	0.3465	0.5941	0.0792	0.9109	0.6733	0.6436	0.8218	0.5941	0.6931	0.3564	0.7030	0.4257	0.0495	0.0990	0.0495	0.4059	0.0099	0.0099	0.0198	0.6634	0.0099	0.7921	0.3465	0.5842	0.6238	0.5743	0.3168	0.2970	0.0297	0.7624	0.1980	0.0792	0.8911	0.6634	0.0693	0.4059
Alistipes_putredinis	0.2574	0.0099	0.0099	0.0099	0.2178	1.0000	0.0099	0.0099	0.2178	0.0099	0.0099	0.1584	0.0396	0.0099	0.0099	0.0099	0.4356	0.0099	0.0099	0.0099	0.0297	0.0099	0.0099	0.1881	0.0099	0.0099	0.0198	0.0099	0.8119	0.1980	0.0099	0.0099	0.2178	0.0099	0.0594	0.0099	0.0099	0.0990	0.0099	0.1782	0.0198	0.0099	0.0891	0.8614	0.4752	0.0099	0.0099	0.2376	0.0099	0.0099	0.0495	0.0396	0.0099	0.2970	0.0099	0.0099	0.0594	0.0099	0.0099	0.0099	0.0099	0.0198	0.0198	0.0099	0.0099	0.5248	0.0099	0.8416	0.0099	0.3762	0.0099	0.0099	0.2475	0.0099	0.0099	0.0099	0.3465	0.0396	0.0297	0.0099	0.9703	0.0297	0.0099	0.2574	0.0198	0.2475	0.0099	0.3663	0.0297	0.0792	0.2970	0.0099	0.0099	0.0099	0.0099
Alistipes_shahii	0.8515	0.0099	0.0099	0.0099	0.0099	0.0099	1.0000	0.0099	0.0099	0.0099	0.0099	0.0297	0.1683	0.0198	0.0099	0.0099	0.4257	0.0099	0.0099	0.0099	0.0099	0.0099	0.0099	0.0297	0.0099	0.0099	0.0099	0.0099	0.0099	0.3861	0.0099	0.0099	0.2475	0.0099	0.0099	0.0099	0.0099	0.0099	0.0099	0.6535	0.1089	0.0099	0.0099	0.0693	0.0099	0.0099	0.0099	0.0099	0.0099	0.0099	0.0297	0.0099	0.0099	0.1386	0.0099	0.1980	0.8020	0.5149	0.0099	0.0297	0.0099	0.0099	0.1782	0.0099	0.0099	0.3267	0.0099	0.5644	0.1683	0.9208	0.0099	0.0099	0.1782	0.0099	0.0099	0.0099	0.0198	0.5842	0.0495	0.2079	0.4653	0.0099	0.0198	0.2673	0.0198	0.0099	0.0099	0.1980	0.0099	0.0099	0.6535	0.0099	0.0099	0.0099	0.0099
Anaerostipes_hadrus	0.0099	0.0099	0.0099	0.0099	0.0099	0.0099	0.0099	1.0000	0.0099	0.0297	0.0198	0.7327	0.0297	0.0198	0.0099	0.0099	0.4950	0.0099	0.0198	0.0099	0.0099	0.0099	0.0099	0.4059	0.0099	0.0099	0.0594	0.0099	0.0198	0.7525	0.0099	0.0198	0.0198	0.0891	0.0099	0.0099	0.0099	0.0099	0.5842	0.6436	0.0990	0.8317	0.0198	0.0099	0.0099	0.0990	0.0099	0.0099	0.0099	0.1386	0.6436	0.0099	0.0099	0.4653	0.0099	0.8119	0.0495	0.0099	0.0099	0.9604	0.0099	0.0099	0.8416	0.0099	0.2970	0.1782	0.0099	0.1782	0.6040	0.2079	0.0099	0.0099	0.0099	0.0198	0.0099	0.0198	0.0099	0.0990	0.0099	0.3861	0.4653	0.1782	0.1287	0.7525	0.0495	0.5941	0.0099	0.0297	0.0099	0.5149	0.0891	0.0198	0.0198	0.0792	0.7426
Asaccharobacter_celatus	0.0198	0.0099	0.0099	0.0693	0.2475	0.2178	0.0099	0.0099	1.0000	0.0099	1.0000	0.1584	0.0099	0.0099	0.0891	0.0198	0.9703	0.0198	0.0099	0.0594	0.0099	0.0099	0.0099	0.0990	0.0396	0.0099	0.2079	0.0099	0.0297	0.8317	0.0099	0.0099	0.9208	0.0099	0.0099	0.0099	0.0198	0.0099	0.0396	0.6436	0.4653	0.0099	0.6535	0.0099	0.0099	0.5050	0.0099	0.0891	0.0099	0.1386	0.0099	0.0099	0.0099	0.3069	0.0990	0.2178	0.0198	0.2871	0.0198	0.2079	0.0099	0.1386	0.9505	0.0099	0.2079	0.0990	0.0099	0.0396	0.0099	0.3168	0.0099	0.0099	0.8218	0.0099	0.0099	0.2178	0.0198	0.0891	0.0099	0.0594	0.0099	0.1287	0.1584	0.4950	0.8614	0.0198	0.1188	0.1683	0.5644	0.0099	0.6634	0.0099	0.0099	0.0099	0.1980
Bacteroides_caccae	0.1188	0.0099	0.0099	0.0099	0.0693	0.0099	0.0099	0.0297	0.0099	1.0000	0.2574	0.0099	0.0594	0.0099	0.0990	0.0099	0.5545	0.0099	0.0099	0.0495	0.0099	0.0297	0.0099	0.0396	0.0099	0.0099	0.0396	0.0099	1.0000	0.1089	0.0099	0.0099	0.5149	0.0297	0.0198	0.0099	0.0099	0.4752	0.3960	0.2574	0.1683	0.0297	0.4752	0.0198	0.6139	0.0099	0.0099	0.5446	0.0099	0.0396	0.0297	0.0099	0.0198	0.4158	0.7723	0.0198	0.0099	0.1683	0.8812	0.0099	0.9406	0.0099	0.0099	0.0099	0.0099	0.1584	0.0099	0.6238	0.0198	0.6139	0.0099	0.8218	0.4752	0.0099	0.0099	0.6337	0.9604	0.0495	0.0099	0.0693	0.2772	0.7327	0.0099	0.0495	0.1386	0.0099	0.0099	0.0396	0.0198	0.1980	0.5446	0.0099	0.0099	0.0099	0.0099
Bacteroides_cellulosilyticus	0.9109	0.8911	0.0099	0.0099	0.0099	0.0099	0.0099	0.0198	1.0000	0.2574	1.0000	0.1584	0.0198	0.0099	0.3663	0.0396	0.0099	0.0099	0.1683	0.0594	0.0099	0.0099	0.3366	0.0891	0.0099	0.0594	0.1485	0.0198	0.0792	0.0198	0.1089	0.0099	0.0099	0.3861	0.3762	0.1386	0.0099	0.0099	0.0099	0.0099	0.0099	0.4752	0.0099	0.0099	0.0297	1.0000	0.0099	0.0099	0.2079	0.4059	0.6238	0.0198	0.0297	0.0594	0.2079	0.4554	0.1485	0.0297	0.2079	0.5743	0.8317	0.0099	0.0990	0.2277	0.7129	0.0198	0.1188	0.5149	0.1089	0.2772	0.0099	0.0891	0.0891	0.0099	0.6733	0.1188	0.0297	0.0099	0.0594	0.0198	0.3267	0.3564	0.7921	0.2673	0.2673	0.6931	0.9208	0.8911	0.1584	0.3069	0.4950	0.2970	0.5248	0.1980	0.5842
Bacteroides_coprocola	0.0594	0.0693	0.5446	0.0396	0.0099	0.1584	0.0297	0.7327	0.1584	0.0099	0.1584	1.0000	0.6436	0.8119	0.7723	0.7525	0.5941	0.0495	0.0099	0.0099	0.1287	0.4554	0.2574	0.3960	0.0198	0.1485	0.3762	0.0693	0.1188	0.3465	0.7624	0.7030	0.0297	0.0099	0.0099	0.7822	0.6436	0.7921	0.1782	0.7030	0.2673	0.0297	0.0792	0.2574	0.5050	0.1287	0.7129	0.5248	0.0693	0.5545	0.7624	0.3168	0.6931	0.0891	0.8416	0.0297	0.0396	0.6238	0.8416	0.0198	0.0297	0.4158	0.4950	0.0396	0.0198	0.3960	0.5644	0.1584	0.0099	0.0099	0.1089	0.0099	0.0891	0.0099	0.1386	0.0099	0.2574	0.3960	0.0099	0.1287	0.0693	0.3366	0.8812	0.0099	0.0099	0.3069	0.0198	0.0099	0.0495	0.2079	0.4455	0.0594	0.2970	0.3861	0.0099
Bacteroides_dorei	0.6634	0.0099	0.0198	0.1584	0.0099	0.0396	0.1683	0.0297	0.0099	0.0594	0.0198	0.6436	1.0000	0.0099	0.5545	0.2574	0.0792	0.0198	0.0594	0.2178	0.4257	0.2772	0.5941	0.0099	0.0099	0.0297	0.0099	0.0396	0.0099	0.1089	0.0396	0.0198	0.3069	0.0693	0.0099	0.5644	0.0198	0.0297	0.7426	0.3960	0.4356	0.0099	0.0198	0.0990	0.4158	0.5149	0.0099	0.0099	0.1584	0.5743	0.4851	0.1782	0.2475	0.0099	0.0594	0.7921	0.0099	0.8614	0.9505	0.0495	0.5743	0.0198	0.0693	0.5149	0.2673	0.5644	0.0099	0.3069	0.5842	0.3861	0.0099	0.1584	0.2772	0.0099	0.0099	0.2772	0.0099	0.9703	0.4653	0.5446	0.0594	0.6139	0.8614	0.8416	0.0198	0.9307	0.6931	0.4257	0.6238	0.3465	0.2772	0.0099	0.0297	0.0099	0.3267
Bacteroides_eggerthii	0.1980	0.0099	0.0099	0.0495	0.6337	0.0099	0.0198	0.0198	0.0099	0.0099	0.0099	0.8119	0.0099	1.0000	0.1287	0.0693	0.6634	0.0099	0.3960	0.0099	0.2970	0.0099	0.0099	0.0099	0.0099	0.0099	0.1980	0.0099	0.0099	0.6139	0.0099	0.8218	0.0495	0.6040	0.0099	0.0198	0.0099	0.6634	0.2871	0.0396	0.8020	0.0099	0.3663	0.1188	0.0198	0.2277	0.0099	0.0099	0.0099	0.1188	0.2574	0.0099	0.0297	0.6634	0.0099	0.1188	0.1980	0.1782	0.0099	0.5347	0.4158	0.0099	0.0099	0.0099	0.0594	0.0099	0.0099	0.1881	0.0594	0.5842	0.0099	0.0297	0.2574	0.2970	0.0198	0.0099	0.0099	0.3960	0.1188	0.8515	0.6238	0.1683	0.0594	0.3960	0.1188	0.0495	0.0099	0.8020	0.0099	0.1188	0.9901	0.0594	0.0594	0.3168	0.5446
Bacteroides_faecis	0.2475	0.0297	0.0099	0.1485	0.1584	0.0099	0.0099	0.0099	0.0891	0.0990	0.3663	0.7723	0.5545	0.1287	1.0000	0.0297	0.4554	0.0099	0.1386	0.0297	0.0396	0.0099	0.0099	0.0099	0.0099	0.0099	0.0099	0.0099	0.0792	0.1584	0.0099	0.0099	0.8119	0.0594	0.0099	0.0099	0.0099	0.0099	0.1881	0.0297	0.8812	0.0198	0.0396	0.3861	0.0099	0.0495	0.0099	0.1584	0.0099	0.4851	0.1584	0.0099	0.0099	0.0297	0.9604	0.5842	0.0693	0.3762	0.5644	0.4257	0.1386	0.0099	0.4851	0.0099	0.0693	0.8911	0.0099	0.2178	0.0396	0.8812	0.0099	0.0099	0.0990	0.0099	0.0099	0.0693	0.0099	0.3168	0.0099	0.5446	0.3168	1.0000	0.1287	0.1485	0.7525	0.0099	0.2970	0.1485	0.0099	0.0099	0.9604	0.0495	0.0495	0.3267	0.5743
Bacteroides_finegoldii	0.0495	0.0099	0.0099	0.3366	0.8515	0.0099	0.0099	0.0099	0.0198	0.0099	0.0396	0.7525	0.2574	0.0693	0.0297	1.0000	0.0297	0.0099	0.2079	0.0099	0.0099	0.0297	0.0099	0.0495	0.0099	0.0099	0.0198	0.0198	0.0297	0.2178	0.0099	0.0099	0.2871	0.1089	0.0099	0.0099	0.0594	0.0099	0.2475	0.2376	0.8020	0.0396	0.0099	0.0099	0.1485	0.0792	0.0396	0.1089	0.0099	0.2970	0.5050	0.0099	0.0693	0.9505	0.0297	0.3267	0.1386	0.7921	0.4950	0.8515	0.8317	0.0099	0.0198	0.0099	0.0396	0.5446	0.0099	0.8218	0.6238	0.0099	0.0099	0.9703	0.0099	0.0099	0.0099	0.0099	0.0099	0.6238	0.0297	0.0693	0.9010	0.9802	0.0792	0.0099	0.0396	0.0495	0.0099	0.5842	0.0792	0.0198	0.7228	0.0297	0.0198	0.0198	0.3960
Bacteroides_fragilis	0.8119	0.9208	0.0198	0.0099	0.6139	0.4356	0.4257	0.4950	0.9703	0.5545	0.0099	0.5941	0.0792	0.6634	0.4554	0.0297	1.0000	0.0099	0.9505	0.0297	0.7030	0.5941	0.1485	0.0099	0.0099	0.1089	0.0198	0.1287	0.0495	0.0594	0.9604	0.5545	0.0396	0.5644	0.0792	0.3069	0.7228	0.9604	0.1782	0.3762	0.0495	0.9604	0.1881	0.2277	0.0099	0.1485	0.0198	0.1881	0.0198	0.0099	0.1089	0.3168	0.0396	0.2376	0.2277	0.0495	0.6634	0.4455	0.4653	0.0792	0.0099	0.0495	0.0297	0.1584	0.0099	0.1881	0.1980	0.3168	0.7030	0.9307	0.0990	0.4653	0.0099	0.6436	0.9901	0.0099	0.0396	0.0198	0.0099	0.0099	0.5842	0.0891	0.2871	0.0198	0.1089	0.9802	0.0099	0.0693	0.1287	0.0198	0.0099	0.2277	0.9703	0.4950	0.0396
Bacteroides_massiliensis	0.1485	0.0099	0.0594	0.9802	0.3564	0.0099	0.0099	0.0099	0.0198	0.0099	0.0099	0.0495	0.0198	0.0099	0.0099	0.0099	0.0099	1.0000	0.0396	0.0099	0.4653	0.0297	0.0099	0.0396	0.0297	0.0099	0.0297	0.0099	0.0198	0.9208	0.0099	0.2079	0.3861	0.0693	0.0099	0.0099	0.0198	0.3960	0.7921	0.2772	0.3366	0.0495	0.0099	0.1089	0.1089	0.1782	0.1485	0.4752	0.0099	0.0396	0.5545	0.0099	0.0396	0.7030	0.0792	0.0297	0.1584	0.6931	0.8218	0.0099	0.4653	0.0198	0.0099	0.0099	0.0099	0.0495	0.0099	0.0297	0.1089	0.0693	0.0099	0.7624	0.0099	0.0099	0.0099	0.0990	0.1980	0.8713	0.0099	0.3168	0.0594	0.1584	0.0396	0.2178	0.7426	0.0198	0.2178	0.7723	0.0099	0.0099	0.0495	0.0099	0.0099	0.0594	0.0099
Bacteroides_ovatus	0.3960	0.0099	0.0297	0.3960	0.0693	0.0099	0.0099	0.0198	0.0099	0.0099	0.1683	0.0099	0.0594	0.3960	0.1386	0.2079	0.9505	0.0396	1.0000	0.9901	0.0099	0.7327	0.0099	0.0099	0.0099	0.0099	0.4554	0.0099	0.4950	1.0000	0.3168	0.0792	0.0297	0.0099	0.0099	0.0297	0.3663	0.9604	0.0495	0.3861	0.0099	0.0198	0.0099	0.0099	0.0099	0.5644	0.0297	0.0198	0.5446	0.0099	0.0099	0.0198	0.0297	0.9307	0.0594	0.2178	0.0594	0.0297	0.0396	0.0495	0.5743	0.3663	0.0099	0.0099	0.0792	0.2079	0.0099	0.3861	0.0099	0.0099	0.0099	0.3168	0.9010	0.0099	0.0099	0.1683	0.7327	0.3465	0.8416	0.3168	0.6634	0.5941	0.2277	0.0099	0.1683	0.0099	0.0099	0.1683	0.0099	0.0594	0.3069	0.0099	0.0099	0.0099	0.0792
Bacteroides_plebeius	0.0099	0.0693	0.0693	0.5446	0.0099	0.0099	0.0099	0.0099	0.0594	0.0495	0.0594	0.0099	0.2178	0.0099	0.0297	0.0099	0.0297	0.0099	0.9901	1.0000	0.0099	0.0099	0.0099	0.3069	0.7921	0.0099	0.4158	0.0099	0.2376	0.7129	0.0099	0.0099	0.0099	0.9901	0.0099	0.0099	0.0099	0.0198	0.0198	0.0198	0.2970	0.0099	0.0990	0.0495	0.1881	0.0099	0.0099	0.4653	0.0099	0.0099	0.0099	0.0099	0.0198	0.7129	0.0099	0.3465	0.4158	0.4752	0.0099	0.8515	0.0198	0.0099	1.0000	0.0099	0.0099	0.0099	0.0099	0.0297	0.3465	0.4455	0.0099	0.8119	0.4455	0.9109	0.0099	0.0099	0.6337	0.0198	0.0099	0.0099	0.0099	0.0198	0.0297	0.1287	0.1782	0.2079	0.0099	0.9604	0.0099	0.0099	0.0198	0.0099	0.0099	0.0099	0.2079
Bacteroides_salyersiae	0.1881	0.0099	0.0297	0.2475	0.5545	0.0297	0.0099	0.0099	0.0099	0.0099	0.0099	0.1287	0.4257	0.2970	0.0396	0.0099	0.7030	0.4653	0.0099	0.0099	1.0000	0.1089	0.0099	0.0099	0.0099	0.0297	0.1584	0.0099	0.0099	0.0198	0.0099	0.0198	0.8713	0.0099	0.0099	0.0099	0.0099	0.0099	0.7129	0.8713	0.0792	0.0099	0.5347	0.0198	0.0099	0.0099	0.0099	0.0099	0.0693	0.2970	0.0990	0.0099	0.0198	0.5644	0.0297	0.8119	0.0693	0.1386	0.2574	0.1287	0.0297	0.0099	0.1584	0.0396	0.8218	0.9703	0.0099	0.8812	0.3465	0.6436	0.0099	0.4554	0.0396	0.1089	0.0099	0.0099	0.2772	0.2970	0.0099	0.7525	0.9208	0.0099	0.1386	0.2376	0.0495	0.2772	0.0891	0.2277	0.0891	0.0099	0.6139	0.1782	0.1683	0.0099	0.9703
Bacteroides_sp_CAG_144	0.0891	0.1188	0.0099	0.0198	0.3762	0.0099	0.0099	0.0099	0.0099	0.0297	0.0099	0.4554	0.2772	0.0099	0.0099	0.0297	0.5941	0.0297	0.7327	0.0099	0.1089	1.0000	0.0099	0.2970	0.0099	0.0099	0.4554	0.0099	0.0495	0.7624	0.0099	0.0099	0.9406	0.2277	0.0099	0.0099	0.0099	0.0099	0.6733	0.1881	0.0198	0.0099	0.0891	0.0396	0.0099	0.0099	0.0099	0.0099	0.0099	0.0198	0.0099	0.0099	0.0099	0.4950	0.0099	0.6238	0.2574	0.2871	0.0099	0.8812	0.0099	0.0099	0.0198	0.0099	0.0198	0.2178	0.0099	0.1188	0.4356	0.9010	0.0099	0.5347	0.7228	0.1980	0.0099	0.0099	0.0891	0.3465	0.0099	0.8614	0.8911	0.4554	0.0891	0.6436	0.0099	0.5941	0.0099	0.9604	0.0099	0.0099	0.9703	0.0099	0.0099	0.0099	0.1188
Bacteroides_stercoris	0.0099	0.0099	0.0099	0.2772	0.0099	0.0099	0.0099	0.0099	0.0099	0.0099	0.3366	0.2574	0.5941	0.0099	0.0099	0.0099	0.1485	0.0099	0.0099	0.0099	0.0099	0.0099	1.0000	0.0297	0.0099	0.0099	0.7624	0.0099	0.4059	0.9010	0.0198	0.0495	0.0792	0.3663	0.0099	0.0099	0.0693	0.8020	0.8812	0.1089	0.7921	0.0198	0.1287	0.0198	0.0099	0.4059	0.0099	0.1584	0.0099	0.0099	0.1287	0.0099	0.0099	0.0594	0.1980	0.3564	0.4059	0.8218	0.7426	0.1584	0.6832	0.0099	0.1287	0.0099	0.0297	0.0198	0.0099	0.5248	0.3960	0.0099	0.0099	0.6238	0.0495	0.0099	0.0099	0.0099	0.4851	0.0198	0.0099	0.0198	0.1089	1.0000	0.0099	0.4257	0.7921	0.0099	0.0198	0.4257	0.0099	0.0099	0.6040	0.0099	0.0099	0.0099	0.0297
Bacteroides_thetaiotaomicron	0.0099	0.0891	0.0891	0.0495	0.0297	0.1881	0.0297	0.4059	0.0990	0.0396	0.0891	0.3960	0.0099	0.0099	0.0099	0.0495	0.0099	0.0396	0.0099	0.3069	0.0099	0.2970	0.0297	1.0000	0.0099	0.0198	0.0099	0.5941	0.0099	0.0099	0.0099	0.3069	0.0198	0.0099	0.0693	0.5347	0.2673	0.0396	0.3267	0.0099	0.0099	0.1089	0.0099	0.0099	0.0198	0.2673	0.0099	0.0099	0.5743	0.4950	0.0792	0.0495	0.1089	0.9703	0.8911	0.4851	0.0495	0.9208	0.0792	0.3267	0.0099	0.1386	0.1584	0.5149	0.7228	0.2772	0.0297	0.5446	0.5941	0.0099	0.0099	0.9406	0.1683	0.0099	0.0594	0.0297	0.2079	0.1188	0.0693	0.0594	0.8119	0.2178	0.6238	0.7426	0.5446	0.1089	0.2277	0.5644	0.1287	0.8614	0.1683	0.0099	0.0099	0.0792	0.6337
Bacteroides_uniformis	0.2178	0.0099	0.0099	0.0099	0.5941	0.0099	0.0099	0.0099	0.0396	0.0099	0.0099	0.0198	0.0099	0.0099	0.0099	0.0099	0.0099	0.0297	0.0099	0.7921	0.0099	0.0099	0.0099	0.0099	1.0000	0.0099	0.0099	0.0099	0.0099	0.0693	0.0099	0.0099	0.8317	0.0099	0.0099	0.0099	0.0099	0.0099	0.0099	0.4158	0.1980	0.0099	0.0099	0.0099	0.1188	0.0099	0.0099	0.0099	0.0099	0.0099	0.0099	0.0099	0.0099	0.1386	0.0792	0.1287	0.0693	0.0099	0.2871	0.0594	0.4455	0.0198	0.0099	0.0099	0.0099	0.2376	0.0099	0.9505	0.0594	0.3762	0.0099	0.0198	0.7822	0.0099	0.0099	0.8218	0.3564	0.3168	0.0099	0.2079	0.9010	0.2772	0.1584	0.6733	0.0198	0.0099	0.0099	0.0396	0.0099	0.9208	0.1584	0.0099	0.0099	0.0099	0.0099
Bacteroides_vulgatus	0.1188	0.0198	0.0099	0.0297	0.9802	0.0099	0.0099	0.0099	0.0099	0.0099	0.0594	0.1485	0.0297	0.0099	0.0099	0.0099	0.1089	0.0099	0.0099	0.0099	0.0297	0.0099	0.0099	0.0198	0.0099	1.0000	0.0198	0.0099	0.1287	0.1386	0.0099	0.0297	0.9505	0.0099	0.0099	0.0099	0.4851	0.5050	0.0099	0.1881	0.0693	0.0099	0.0099	0.0099	0.0099	0.4851	0.0099	0.0198	0.0099	0.0099	0.0099	0.0099	0.0099	0.9406	0.2574	0.8812	0.1683	0.1287	0.6634	0.4455	0.5050	0.0099	0.0099	0.0099	0.1386	0.1881	0.0099	0.1188	0.0990	0.0099	0.0099	0.3861	0.3069	0.0099	0.0099	0.4950	0.0594	0.3861	0.0990	0.4356	0.2574	0.0693	0.1980	0.3663	0.0297	0.0099	0.0099	0.5842	0.0099	0.0297	0.4752	0.0099	0.0099	0.0099	0.2079
Bacteroides_xylanisolvens	0.0099	0.0099	0.0198	0.0099	0.0396	0.0198	0.0099	0.0594	0.2079	0.0396	0.1485	0.3762	0.0099	0.1980	0.0099	0.0198	0.0198	0.0297	0.4554	0.4158	0.1584	0.4554	0.7624	0.0099	0.0099	0.0198	1.0000	0.0693	0.0099	0.0099	0.0099	0.2871	0.0198	0.0099	0.0099	0.0891	0.0594	0.0198	0.2772	0.1287	0.0198	0.0198	0.0198	0.0099	0.1188	0.5842	0.0099	0.1485	0.0099	0.1683	0.1683	0.0099	0.0297	0.0198	0.3267	0.6733	0.9703	0.9406	0.8119	0.1287	0.0198	0.0792	0.0891	0.0891	0.8911	0.2574	0.0495	0.5545	0.4554	0.3168	0.0099	0.1287	0.5644	0.0099	0.0198	0.4356	0.0099	0.1089	0.9307	0.3465	0.9703	0.0594	0.8515	0.1980	0.9703	0.2970	0.6337	0.6634	0.4455	0.2673	0.8317	0.0099	0.0099	0.0495	0.8812
Barnesiella_intestinihominis	0.0099	0.0099	0.0099	0.0099	0.5149	0.0099	0.0099	0.0099	0.0099	0.0099	0.0198	0.0693	0.0396	0.0099	0.0099	0.0198	0.1287	0.0099	0.0099	0.0099	0.0099	0.0099	0.0099	0.5941	0.0099	0.0099	0.0693	1.0000	0.4059	0.2673	0.0099	0.0099	0.5446	0.1485	0.0099	0.0099	0.0099	0.4257	0.0099	0.0495	0.2772	0.0099	0.1485	0.0099	0.4554	0.0099	0.0099	0.0099	0.0099	0.0099	0.0099	0.0099	0.0099	0.4554	0.0198	0.0297	0.0198	0.0198	0.0099	0.0198	0.0693	0.0099	0.0099	0.0099	0.0099	0.8812	0.0099	0.5347	0.0099	0.8911	0.0099	0.0396	0.1089	0.0099	0.0099	0.0099	0.6535	0.0495	0.0198	0.0099	0.7030	0.0099	0.0297	0.2079	0.0099	0.3762	0.0099	0.8515	0.0099	0.0792	0.0891	0.0099	0.0099	0.0099	0.0099
Bifidobacterium_adolescentis	0.0198	0.0594	0.0297	0.1485	0.2079	0.8119	0.0099	0.0198	0.0297	1.0000	0.0792	0.1188	0.0099	0.0099	0.0792	0.0297	0.0495	0.0198	0.4950	0.2376	0.0099	0.0495	0.4059	0.0099	0.0099	0.1287	0.0099	0.4059	1.0000	0.0099	0.0099	0.5743	0.1683	0.0099	0.0099	0.0495	0.0297	0.0099	0.1089	0.0396	0.0099	0.0099	0.0099	0.0099	0.0099	0.8119	0.0099	0.0099	0.3564	0.0594	0.1188	0.0099	0.0198	0.9604	0.0198	0.0297	0.9307	0.0693	0.0693	0.0099	0.0693	0.0099	0.0396	0.8713	0.5743	0.0099	0.5248	0.6238	0.0198	0.1188	0.0099	0.4356	0.9604	0.0297	0.2772	0.5149	0.0099	0.0198	0.2178	0.0099	0.6733	0.0495	0.3366	0.0693	0.4455	0.6832	0.0099	0.0099	0.0495	0.5050	0.4950	0.0099	0.0099	0.8713	0.1386
Bifidobacterium_bifidum	0.0099	0.8812	0.0792	0.6931	0.3465	0.1980	0.3861	0.7525	0.8317	0.1089	0.0198	0.3465	0.1089	0.6139	0.1584	0.2178	0.0594	0.9208	1.0000	0.7129	0.0198	0.7624	0.9010	0.0099	0.0693	0.1386	0.0099	0.2673	0.0099	1.0000	0.0099	0.0891	0.2079	0.0693	0.0099	0.1980	0.6634	0.0099	0.0099	0.0099	0.0099	0.0990	0.0099	0.2277	0.1782	0.1089	0.0396	0.0297	0.8713	0.0099	0.3861	0.0891	0.4752	0.4356	0.6535	0.1782	0.6436	0.4950	0.4257	0.5050	0.6931	0.4257	0.7327	0.0396	0.0396	0.0297	0.3168	0.2376	0.1188	0.0396	0.3663	0.4158	0.5644	0.0990	0.5149	0.0891	0.0099	0.0594	0.0099	0.0891	0.7129	0.0495	0.6931	0.1881	0.8515	0.6139	0.0099	0.0099	0.0495	0.6436	0.5545	0.1386	0.0099	0.2178	0.1881
Bifidobacterium_longum	0.7426	0.0099	0.0099	0.0099	0.0099	0.0099	0.0099	0.0099	0.0099	0.0099	0.1089	0.7624	0.0396	0.0099	0.0099	0.0099	0.9604	0.0099	0.3168	0.0099	0.0099	0.0099	0.0198	0.0099	0.0099	0.0099	0.0099	0.0099	0.0099	0.0099	1.0000	0.0099	0.4356	0.0099	0.0099	0.0099	0.0099	0.0099	0.3861	0.6535	0.0099	0.0099	0.0198	0.0099	0.0099	0.0099	0.0099	0.0099	0.0099	0.2772	0.0099	0.0099	0.0099	0.3663	0.0099	0.8713	0.0990	0.0099	0.0099	0.9208	0.0297	0.0099	0.7525	0.0099	0.4059	0.5149	0.0099	0.2079	0.4851	0.3366	0.0099	0.0099	0.0099	0.0099	0.0099	0.0099	0.0099	0.5941	0.0099	0.4653	0.4356	0.0198	0.0198	0.3366	0.1683	0.0891	0.0099	0.4554	0.0198	0.1089	0.6040	0.0099	0.0099	0.0297	0.6337
Bifidobacterium_pseudocatenulatum	0.1089	0.0099	0.0099	0.0594	0.1089	0.0099	0.0099	0.0198	0.0099	0.0099	0.0099	0.7030	0.0198	0.8218	0.0099	0.0099	0.5545	0.2079	0.0792	0.0099	0.0198	0.0099	0.0495	0.3069	0.0099	0.0297	0.2871	0.0099	0.5743	0.0891	0.0099	1.0000	0.1881	0.2673	0.0099	0.0099	0.0099	0.0099	0.0891	0.6733	0.9505	0.0099	0.2673	0.0693	0.8020	0.0792	0.0099	0.0297	0.0099	0.0099	0.0099	0.0099	0.0099	0.0198	0.1386	0.9109	0.3366	0.5842	0.0891	0.3861	0.0693	0.0099	0.9703	0.0099	0.0099	0.3465	0.0099	0.5545	0.7723	0.5050	0.0099	0.0693	0.1089	0.0099	0.0099	0.0396	0.3465	0.0099	0.0198	0.0099	0.0099	0.0198	0.0099	0.0594	0.7921	0.3267	0.0099	0.0099	0.4554	0.0198	0.7624	0.0099	0.0198	0.0099	0.0099
Bilophila_wadsworthia	0.5842	0.2673	0.0198	0.0396	0.0099	0.2178	0.2475	0.0198	0.9208	0.5149	0.0099	0.0297	0.3069	0.0495	0.8119	0.2871	0.0396	0.3861	0.0297	0.0099	0.8713	0.9406	0.0792	0.0198	0.8317	0.9505	0.0198	0.5446	0.1683	0.2079	0.4356	0.1881	1.0000	0.1089	0.1782	0.9010	0.0099	0.0099	0.5446	0.0099	0.0099	0.0099	0.0099	0.0297	0.0099	0.0792	0.0396	0.0099	0.0099	0.0396	0.0099	0.0396	0.4851	0.0099	0.6931	0.0198	0.6238	0.0099	0.0990	0.5347	0.0099	0.0495	0.9307	0.0099	0.0099	0.2970	0.5248	0.5545	0.0396	0.9109	0.3663	0.1485	0.3960	0.3465	0.1287	0.0099	0.0396	0.0099	0.0891	0.0099	0.0099	0.0099	0.1980	0.0099	0.6139	0.0396	0.0297	0.7228	0.1089	0.2772	0.3069	0.2772	0.8218	0.0099	0.0099
Blautia_hydrogenotrophica	0.0594	0.0099	0.2079	0.0297	0.5347	0.0099	0.0099	0.0891	0.0099	0.0297	0.3861	0.0099	0.0693	0.6040	0.0594	0.1089	0.5644	0.0693	0.0099	0.9901	0.0099	0.2277	0.3663	0.0099	0.0099	0.0099	0.0099	0.1485	0.0099	0.0693	0.0099	0.2673	0.1089	1.0000	0.1386	0.2772	0.1188	0.2376	0.4455	0.0099	0.9109	0.0099	0.0792	0.9802	0.9802	0.7624	0.1881	0.0396	0.0099	0.0792	0.0099	0.8515	0.4554	0.2376	0.4653	0.2475	0.8119	0.0099	0.5644	0.8119	0.0099	0.0099	0.0099	0.0099	0.2277	0.9802	0.0198	0.2970	0.0099	0.4851	0.0198	0.0099	0.1485	0.0099	0.0099	0.0396	0.0990	0.0198	0.2178	0.0099	0.0297	0.0891	0.5941	0.0099	0.1188	0.0099	0.0099	0.6634	0.0099	0.0099	0.8515	0.0099	0.0099	0.0099	0.0099
Blautia_obeum	0.0099	0.0099	0.0099	0.0198	0.0396	0.0594	0.0099	0.0099	0.0099	0.0198	0.3762	0.0099	0.0099	0.0099	0.0099	0.0099	0.0792	0.0099	0.0099	0.0099	0.0099	0.0099	0.0099	0.0693	0.0099	0.0099	0.0099	0.0099	0.0099	0.0099	0.0099	0.0099	0.1782	0.1386	1.0000	0.0099	0.0099	0.0099	0.5149	0.1089	0.0099	0.1287	0.0099	0.0099	0.0099	0.1386	0.0099	0.0099	0.0099	0.2079	0.1386	0.0099	0.0099	0.0693	0.0099	0.2970	0.8317	0.0099	0.0099	0.2475	0.1386	0.0099	0.0099	0.0099	0.7327	0.6931	0.0099	0.0099	0.2772	0.1584	0.0099	0.4158	0.1683	0.0099	0.0099	0.0099	0.0297	0.0099	0.0099	0.0891	0.0495	0.0099	0.2871	0.5941	0.9505	0.0198	0.1881	0.5644	0.0099	0.0792	0.8416	0.0099	0.0099	0.0495	0.0990
Blautia_wexlerae	0.0099	0.0099	0.0099	0.0099	0.4257	0.0099	0.0099	0.0099	0.0099	0.0099	0.1386	0.7822	0.5644	0.0198	0.0099	0.0099	0.3069	0.0099	0.0297	0.0099	0.0099	0.0099	0.0099	0.5347	0.0099	0.0099	0.0891	0.0099	0.0495	0.1980	0.0099	0.0099	0.9010	0.2772	0.0099	1.0000	0.0099	0.0099	0.3861	0.0297	0.4752	0.0099	0.9604	0.0099	0.0099	0.0099	0.0099	0.0099	0.0099	0.1287	0.0198	0.0099	0.0099	0.9703	0.0099	0.8713	0.4257	0.0099	0.0099	0.5743	0.0198	0.0099	0.0099	0.0099	0.0099	0.7030	0.0099	0.0693	0.9010	0.0099	0.0099	0.0099	0.0198	0.0198	0.0099	0.0099	0.4059	0.2970	0.0099	0.6832	0.2871	0.0792	0.7921	0.7228	0.0099	0.2475	0.0099	0.0396	0.0099	0.0297	0.8020	0.0099	0.0099	0.0099	0.0693
Butyricimonas_synergistica	0.0396	0.0099	0.0099	0.0099	0.0099	0.0099	0.0099	0.0099	0.0198	0.0099	0.0099	0.6436	0.0198	0.0099	0.0099	0.0594	0.7228	0.0198	0.3663	0.0099	0.0099	0.0099	0.0693	0.2673	0.0099	0.4851	0.0594	0.0099	0.0297	0.6634	0.0099	0.0099	0.0099	0.1188	0.0099	0.0099	1.0000	0.0099	0.8218	0.0891	0.0891	0.0099	0.0198	0.0297	0.0099	0.0099	0.0099	0.0099	0.0099	0.1287	0.3366	0.0099	0.0099	0.0297	0.0099	0.6832	0.7624	0.0099	0.0099	0.3168	0.0099	0.0099	0.1089	0.0099	0.0099	0.1386	0.0099	0.4851	0.3366	0.1584	0.0099	0.0990	0.3564	0.0099	0.0099	0.0198	0.5644	0.5743	0.0297	0.8416	0.6832	0.0495	0.0396	0.6634	0.0198	0.5743	0.0297	0.4950	0.0099	0.0693	0.0792	0.0594	0.0495	0.0099	0.2970
Butyricimonas_virosa	0.5050	0.0495	0.0099	0.0099	0.0099	0.0990	0.0099	0.0099	0.0099	0.4752	0.0099	0.7921	0.0297	0.6634	0.0099	0.0099	0.9604	0.3960	0.9604	0.0198	0.0099	0.0099	0.8020	0.0396	0.0099	0.5050	0.0198	0.4257	0.0099	0.0099	0.0099	0.0099	0.0099	0.2376	0.0099	0.0099	0.0099	1.0000	0.7426	0.0495	0.0099	0.0396	0.0099	0.0099	0.0099	0.0099	0.0099	0.0099	0.1485	0.5545	0.4554	0.0099	0.0099	0.0594	0.0099	0.1782	0.0990	0.0099	0.0099	0.0198	0.0198	0.0099	0.2970	0.8911	0.8020	0.5842	0.0198	0.0495	0.0099	0.0297	0.0099	0.0396	0.4950	0.0099	0.0594	0.2376	0.0099	0.0099	0.2079	0.0099	0.1881	0.1386	0.6634	0.5446	0.6139	1.0000	0.0693	0.7624	0.0495	0.0198	0.6040	0.2178	0.1188	0.5248	0.1683
Catenibacterium_mitsuokai	0.1683	0.5743	1.0000	0.0099	0.0099	0.0099	0.0099	0.5842	0.0396	0.3960	0.0099	0.1782	0.7426	0.2871	0.1881	0.2475	0.1782	0.7921	0.0495	0.0198	0.7129	0.6733	0.8812	0.3267	0.0099	0.0099	0.2772	0.0099	0.1089	0.0099	0.3861	0.0891	0.5446	0.4455	0.5149	0.3861	0.8218	0.7426	1.0000	0.4158	0.3168	0.0099	0.3762	0.5644	0.2079	0.4158	0.6040	0.0099	0.2772	0.3465	0.3465	0.1287	0.0495	0.3069	0.6337	0.4653	0.0396	0.2871	0.2277	0.2772	0.7525	0.0099	0.5941	0.5941	0.0099	0.0099	0.1089	0.1584	0.0990	0.2178	0.0099	0.0693	0.9901	0.0099	0.0693	0.1485	0.3861	0.5545	0.0099	0.6634	0.6634	0.1683	0.2178	0.6238	0.0099	0.2673	0.9109	0.0099	0.9802	0.8020	0.0099	0.0099	0.0099	0.0792	0.0099
Clostridium_sp_CAG_58	0.2079	0.2673	0.8218	0.5941	0.0099	0.1782	0.6535	0.6436	0.6436	0.2574	0.0099	0.7030	0.3960	0.0396	0.0297	0.2376	0.3762	0.2772	0.3861	0.0198	0.8713	0.1881	0.1089	0.0099	0.4158	0.1881	0.1287	0.0495	0.0396	0.0099	0.6535	0.6733	0.0099	0.0099	0.1089	0.0297	0.0891	0.0495	0.4158	1.0000	0.2277	0.4059	0.4455	0.1782	0.0297	0.2079	0.6436	0.0198	0.0099	0.1980	0.4653	0.6634	0.5446	0.0495	0.4356	0.5644	0.0198	0.0693	0.0594	0.7624	0.0099	0.3069	0.8317	0.0099	0.0396	0.0099	0.4356	0.5347	0.0099	0.6832	0.6931	0.0198	0.8416	0.1782	0.0198	0.0297	0.6337	0.0099	0.0594	0.0099	0.9208	0.1881	0.5644	0.9307	0.0297	0.7030	0.0099	0.4455	0.6535	0.0099	0.6337	0.5743	0.8911	0.0297	0.1485
Collinsella_aerofaciens	0.0297	0.0396	0.0099	0.3762	0.0297	0.0198	0.1089	0.0990	0.4653	0.1683	0.0099	0.2673	0.4356	0.8020	0.8812	0.8020	0.0495	0.3366	0.0099	0.2970	0.0792	0.0198	0.7921	0.0099	0.1980	0.0693	0.0198	0.2772	0.0099	0.0099	0.0099	0.9505	0.0099	0.9109	0.0099	0.4752	0.0891	0.0099	0.3168	0.2277	1.0000	0.0099	0.0099	0.0099	0.0099	0.0099	0.0099	0.0099	0.0099	0.7426	0.0099	0.0099	0.0099	0.8515	0.3366	0.0099	0.0297	0.0099	0.7822	0.0198	0.0198	0.0099	0.0099	0.0099	0.0099	0.0099	0.2871	0.4059	0.0099	0.0594	0.7525	0.3861	0.1089	0.2970	0.2079	0.8812	0.5842	0.0099	0.0099	0.0099	0.7228	0.3069	0.0099	0.0495	0.0198	0.1584	0.1980	0.0693	0.0099	0.4851	0.0198	0.5347	0.3168	0.0198	0.0099
Collinsella_stercoris	0.0792	0.0099	0.9703	0.0099	0.5149	0.0099	0.0099	0.8317	0.0099	0.0297	0.4752	0.0297	0.0099	0.0099	0.0198	0.0396	0.9604	0.0495	0.0198	0.0099	0.0099	0.0099	0.0198	0.1089	0.0099	0.0099	0.0198	0.0099	0.0099	0.0990	0.0099	0.0099	0.0099	0.0099	0.1287	0.0099	0.0099	0.0396	0.0099	0.4059	0.0099	1.0000	0.0693	0.5743	0.3663	0.0198	0.0891	0.4356	0.0099	0.0099	0.0099	0.3267	0.0297	0.0891	0.0099	0.6733	0.3267	0.0099	0.0099	0.4158	0.0099	0.1782	0.0099	0.0099	0.0099	0.0693	0.0099	0.4752	0.0099	0.5743	0.0099	0.0099	0.8119	0.0099	0.0099	0.0099	0.2475	0.0594	0.8812	0.0099	0.1386	0.0099	0.6832	0.0891	0.0198	0.0198	0.0099	0.8317	0.6733	0.0099	0.0495	0.0099	0.0099	0.0099	0.0099
Coprobacter_fastidiosus	0.8614	0.5248	0.0099	0.3861	0.1287	0.0891	0.0099	0.0198	0.6535	0.4752	0.0099	0.0792	0.0198	0.3663	0.0396	0.0099	0.1881	0.0099	0.0099	0.0990	0.5347	0.0891	0.1287	0.0099	0.0099	0.0099	0.0198	0.1485	0.0099	0.0099	0.0198	0.2673	0.0099	0.0792	0.0099	0.9604	0.0198	0.0099	0.3762	0.4455	0.0099	0.0693	1.0000	0.0099	0.0099	0.1089	0.0099	0.0099	0.8911	0.0396	0.4158	0.0099	0.1683	0.5050	0.6733	0.6931	0.8911	0.0297	0.2277	0.3168	0.0990	0.0099	0.0792	0.1881	0.5149	0.0099	0.1485	0.5941	0.5644	0.0297	0.0099	0.1584	0.5248	0.0099	0.1287	0.0396	0.0099	0.0198	0.0099	0.0198	0.1485	0.6436	0.1881	0.5842	0.7525	0.1782	0.6832	0.1881	0.2574	0.9010	0.2079	0.0198	0.0693	0.7426	0.1980
Coprococcus_catus	0.0099	0.0099	0.0099	0.0495	0.8317	0.8614	0.0693	0.0099	0.0099	0.0198	0.0099	0.2574	0.0990	0.1188	0.3861	0.0099	0.2277	0.1089	0.0099	0.0495	0.0198	0.0396	0.0198	0.0099	0.0099	0.0099	0.0099	0.0099	0.0099	0.2277	0.0099	0.0693	0.0297	0.9802	0.0099	0.0099	0.0297	0.0099	0.5644	0.1782	0.0099	0.5743	0.0099	1.0000	0.0099	0.0099	0.0099	0.0099	0.3366	0.5842	0.0495	0.0099	0.0099	0.0495	0.9010	0.0099	0.8614	0.1287	0.8515	0.2673	0.0099	0.0099	0.0099	0.9505	0.0297	0.0297	0.6832	0.0099	0.0198	0.0396	0.0198	0.3366	0.2574	0.2277	0.0099	0.0297	0.0594	0.0099	0.8020	0.0099	0.0099	0.0099	0.1386	0.4257	0.7921	0.1089	0.6139	0.9505	0.0099	0.4851	0.6337	0.8119	0.1386	0.1287	0.0099
Coprococcus_comes	0.0297	0.0990	0.0099	0.2673	0.0792	0.4752	0.0099	0.0099	0.0099	0.6139	0.0297	0.5050	0.4158	0.0198	0.0099	0.1485	0.0099	0.1089	0.0099	0.1881	0.0099	0.0099	0.0099	0.0198	0.1188	0.0099	0.1188	0.4554	0.0099	0.1782	0.0099	0.8020	0.0099	0.9802	0.0099	0.0099	0.0099	0.0099	0.2079	0.0297	0.0099	0.3663	0.0099	0.0099	1.0000	0.1683	0.0099	0.0099	0.3762	0.3168	0.6436	0.0099	0.0099	0.3663	0.0297	0.0099	0.0198	0.0099	0.0297	0.3267	0.3960	0.0099	0.0693	0.8812	0.0099	0.0693	0.0990	0.0099	0.0099	0.1485	0.1386	0.6733	0.0099	0.4257	0.1584	0.1584	0.0099	0.0099	0.4653	0.0099	0.1188	0.6535	0.0099	0.0396	0.1584	0.0099	0.0693	0.9307	0.0099	0.8317	0.8416	0.1980	0.0891	0.6139	0.0099
Dialister_invisus	0.7525	0.4158	0.8812	0.0198	0.4059	0.0099	0.0099	0.0990	0.5050	0.0099	1.0000	0.1287	0.5149	0.2277	0.0495	0.0792	0.1485	0.1782	0.5644	0.0099	0.0099	0.0099	0.4059	0.2673	0.0099	0.4851	0.5842	0.0099	0.8119	0.1089	0.0099	0.0792	0.0792	0.7624	0.1386	0.0099	0.0099	0.0099	0.4158	0.2079	0.0099	0.0198	0.1089	0.0099	0.1683	1.0000	0.0495	0.9901	0.0099	0.0099	0.2475	0.0297	0.1683	0.1782	0.0099	0.0099	0.0792	0.3465	0.0099	0.6634	0.0099	0.0099	0.0990	0.0099	0.0099	0.0099	0.0099	0.6040	0.6139	0.1386	0.0099	0.3564	0.5743	0.0099	0.0099	0.0099	0.7624	0.0099	0.0099	0.0099	0.0297	0.1485	0.1881	0.4158	0.0594	0.9703	0.0099	0.3762	0.0099	0.0297	0.6931	0.0099	0.0198	0.0099	0.0099
Dorea_formicigenerans	0.0198	0.0099	0.0099	0.0099	0.0198	0.0099	0.0099	0.0099	0.0099	0.0099	0.0099	0.7129	0.0099	0.0099	0.0099	0.0396	0.0198	0.1485	0.0297	0.0099	0.0099	0.0099	0.0099	0.0099	0.0099	0.0099	0.0099	0.0099	0.0099	0.0396	0.0099	0.0099	0.0396	0.1881	0.0099	0.0099	0.0099	0.0099	0.6040	0.6436	0.0099	0.0891	0.0099	0.0099	0.0099	0.0495	1.0000	0.0099	0.0099	0.8614	0.0198	0.0099	0.0099	0.0594	0.0099	0.0099	0.0396	0.0099	0.0099	0.0297	0.6535	0.0099	0.1386	0.0198	0.6139	0.1089	0.0099	0.0099	0.0297	0.5644	0.0099	0.0297	0.0198	0.0099	0.0099	0.0099	0.0099	0.0594	0.0297	0.2277	0.1089	0.1089	0.8713	0.2871	0.0495	0.1683	0.0198	0.1683	0.0099	0.1287	0.9604	0.0099	0.0099	0.0099	0.2079
Dorea_longicatena	0.3663	0.4752	0.0099	0.0198	0.0099	0.2376	0.0099	0.0099	0.0891	0.5446	0.0099	0.5248	0.0099	0.0099	0.1584	0.1089	0.1881	0.4752	0.0198	0.4653	0.0099	0.0099	0.1584	0.0099	0.0099	0.0198	0.1485	0.0099	0.0099	0.0297	0.0099	0.0297	0.0099	0.0396	0.0099	0.0099	0.0099	0.0099	0.0099	0.0198	0.0099	0.4356	0.0099	0.0099	0.0099	0.9901	0.0099	1.0000	0.8614	0.7129	0.1584	0.0099	0.0099	0.5149	0.0198	0.0099	0.0495	0.0099	0.0099	0.0990	0.6040	0.0099	0.1485	0.4554	0.1188	0.0099	0.0297	0.1287	0.0099	0.2970	0.0099	0.1485	0.0099	0.1584	0.0099	0.0396	0.0693	0.0099	0.0198	0.0099	0.0198	0.1782	0.9802	0.1089	0.0099	0.7921	0.2475	0.1683	0.0099	0.0495	0.9307	0.2277	0.4158	0.8614	0.0891
Eggerthella_lenta	0.0792	0.0099	0.0099	0.0099	0.9208	0.0099	0.0099	0.0099	0.0099	0.0099	0.2079	0.0693	0.1584	0.0099	0.0099	0.0099	0.0198	0.0099	0.5446	0.0099	0.0693	0.0099	0.0099	0.5743	0.0099	0.0099	0.0099	0.0099	0.3564	0.8713	0.0099	0.0099	0.0099	0.0099	0.0099	0.0099	0.0099	0.1485	0.2772	0.0099	0.0099	0.0099	0.8911	0.3366	0.3762	0.0099	0.0099	0.8614	1.0000	0.0099	0.0099	0.0099	0.0099	0.6634	0.0198	0.0099	0.3663	0.0198	0.0099	0.0099	0.0099	0.2574	0.6238	0.0099	0.0099	0.0198	0.0099	0.1287	0.0099	0.0297	0.0099	0.0099	0.4356	0.0099	0.0099	0.0792	0.0099	0.0099	0.0099	0.0099	0.0495	0.1683	0.0099	0.0594	0.7921	0.0198	0.0099	0.1188	0.8614	0.0099	0.0495	0.0099	0.0099	0.0099	0.0099
Escherichia_coli	0.8614	0.0297	0.1881	0.2079	0.4059	0.0099	0.0099	0.1386	0.1386	0.0396	0.4059	0.5545	0.5743	0.1188	0.4851	0.2970	0.0099	0.0396	0.0099	0.0099	0.2970	0.0198	0.0099	0.4950	0.0099	0.0099	0.1683	0.0099	0.0594	0.0099	0.2772	0.0099	0.0396	0.0792	0.2079	0.1287	0.1287	0.5545	0.3465	0.1980	0.7426	0.0099	0.0396	0.5842	0.3168	0.0099	0.8614	0.7129	0.0099	1.0000	0.0297	0.9703	0.4554	0.0099	0.1386	0.0990	0.0099	0.0099	0.1287	0.7723	0.0099	0.8713	0.0693	0.0099	0.0099	0.4554	0.0099	0.9901	0.1485	0.8218	0.0099	0.6535	0.0891	0.0099	0.0099	0.0099	0.2376	0.0099	0.0099	0.0099	0.8911	0.5644	0.0396	0.0198	0.1782	0.0198	0.0099	0.6733	0.0198	0.0099	0.8515	0.0099	0.0099	0.0099	0.0099
Eubacterium_eligens	0.4356	0.0099	0.2772	0.8515	0.1881	0.0495	0.0297	0.6436	0.0099	0.0297	0.6238	0.7624	0.4851	0.2574	0.1584	0.5050	0.1089	0.5545	0.0099	0.0099	0.0990	0.0099	0.1287	0.0792	0.0099	0.0099	0.1683	0.0099	0.1188	0.3861	0.0099	0.0099	0.0099	0.0099	0.1386	0.0198	0.3366	0.4554	0.3465	0.4653	0.0099	0.0099	0.4158	0.0495	0.6436	0.2475	0.0198	0.1584	0.0099	0.0297	1.0000	0.2871	0.0198	0.7723	0.0396	0.5743	0.4950	0.0099	0.8416	0.3465	0.0594	0.6238	0.8713	0.0099	0.3663	0.3960	0.0099	0.1386	0.1584	0.0693	0.0099	0.0297	0.8020	0.2376	0.0297	0.0099	0.8614	0.2277	0.0099	0.0594	0.0099	0.0594	0.8515	0.0495	0.0792	0.6337	0.0099	0.1881	0.2475	0.0099	0.2673	0.0099	0.0198	0.0099	0.0099
Eubacterium_hallii	0.0099	0.0099	0.0099	0.0099	0.0099	0.0396	0.0099	0.0099	0.0099	0.0099	0.0198	0.3168	0.1782	0.0099	0.0099	0.0099	0.3168	0.0099	0.0198	0.0099	0.0099	0.0099	0.0099	0.0495	0.0099	0.0099	0.0099	0.0099	0.0099	0.0891	0.0099	0.0099	0.0396	0.8515	0.0099	0.0099	0.0099	0.0099	0.1287	0.6634	0.0099	0.3267	0.0099	0.0099	0.0099	0.0297	0.0099	0.0099	0.0099	0.9703	0.2871	1.0000	0.0099	0.0099	0.0198	0.5050	0.9802	0.0099	0.0099	0.3861	0.4356	0.0099	0.0099	0.0099	0.0495	0.8416	0.0099	0.0396	0.0198	0.1683	0.0099	0.2574	0.5842	0.0099	0.0297	0.0099	0.0099	0.0099	0.0099	0.0396	0.8317	0.2574	0.8020	0.9604	0.4950	0.0099	0.0693	0.6238	0.0099	0.2376	0.8416	0.0693	0.0198	0.0099	0.0099
Eubacterium_ramulus	0.0099	0.0099	0.0099	0.0099	0.6535	0.0099	0.0099	0.0099	0.0099	0.0198	0.0297	0.6931	0.2475	0.0297	0.0099	0.0693	0.0396	0.0396	0.0297	0.0198	0.0198	0.0099	0.0099	0.1089	0.0099	0.0099	0.0297	0.0099	0.0198	0.4752	0.0099	0.0099	0.4851	0.4554	0.0099	0.0099	0.0099	0.0099	0.0495	0.5446	0.0099	0.0297	0.1683	0.0099	0.0099	0.1683	0.0099	0.0099	0.0099	0.4554	0.0198	0.0099	1.0000	0.6040	0.0099	0.0990	0.1782	0.0297	0.0099	0.1188	0.6832	0.0099	0.3762	0.0099	0.0099	0.9406	0.0099	0.0099	0.4554	0.0099	0.0099	0.0495	0.0198	0.0099	0.0099	0.0099	0.1287	0.6931	0.0891	0.9703	0.0990	0.5446	0.1089	0.1287	0.0099	0.1881	0.0099	0.8218	0.0099	0.6931	0.6238	0.0099	0.0099	0.0099	0.3168
Eubacterium_rectale	0.0495	0.4257	0.0198	0.1584	0.1188	0.2970	0.1386	0.4653	0.3069	0.4158	0.0594	0.0891	0.0099	0.6634	0.0297	0.9505	0.2376	0.7030	0.9307	0.7129	0.5644	0.4950	0.0594	0.9703	0.1386	0.9406	0.0198	0.4554	0.9604	0.4356	0.3663	0.0198	0.0099	0.2376	0.0693	0.9703	0.0297	0.0594	0.3069	0.0495	0.8515	0.0891	0.5050	0.0495	0.3663	0.1782	0.0594	0.5149	0.6634	0.0099	0.7723	0.0099	0.6040	1.0000	0.2475	0.2475	0.0594	0.0099	0.3267	0.3168	0.0990	0.0099	0.0297	0.9307	0.1188	0.3366	0.6337	0.9901	0.0396	0.6535	0.5347	0.0594	0.7327	0.4059	0.0693	0.7624	0.0990	0.0990	0.8317	0.2079	0.0099	0.1485	0.0099	0.2277	0.0099	0.0297	0.9307	0.0297	0.7822	0.0792	0.0198	0.8119	0.9703	0.3069	0.0198
Eubacterium_siraeum	0.2970	0.0297	0.0099	0.0099	0.0198	0.0099	0.0099	0.0099	0.0990	0.7723	0.2079	0.8416	0.0594	0.0099	0.9604	0.0297	0.2277	0.0792	0.0594	0.0099	0.0297	0.0099	0.1980	0.8911	0.0792	0.2574	0.3267	0.0198	0.0198	0.6535	0.0099	0.1386	0.6931	0.4653	0.0099	0.0099	0.0099	0.0099	0.6337	0.4356	0.3366	0.0099	0.6733	0.9010	0.0297	0.0099	0.0099	0.0198	0.0198	0.1386	0.0396	0.0198	0.0099	0.2475	1.0000	0.2673	0.0198	0.7228	0.0099	0.0990	0.0099	0.0099	0.1980	0.3267	0.0495	0.4554	0.0099	0.2277	0.0594	0.0099	0.0099	0.0099	0.4950	0.7030	0.3069	0.0099	0.0396	0.4653	0.0198	0.1287	0.5050	0.0198	0.9505	0.5842	0.8119	0.0099	0.0099	0.5644	0.2376	0.1089	0.1782	0.0099	0.0099	0.0594	0.0594
Eubacterium_sp_CAG_38	0.4950	0.5446	0.3762	0.2574	0.3564	0.0099	0.1980	0.8119	0.2178	0.0198	0.4554	0.0297	0.7921	0.1188	0.5842	0.3267	0.0495	0.0297	0.2178	0.3465	0.8119	0.6238	0.3564	0.4851	0.1287	0.8812	0.6733	0.0297	0.0297	0.1782	0.8713	0.9109	0.0198	0.2475	0.2970	0.8713	0.6832	0.1782	0.4653	0.5644	0.0099	0.6733	0.6931	0.0099	0.0099	0.0099	0.0099	0.0099	0.0099	0.0990	0.5743	0.5050	0.0990	0.2475	0.2673	1.0000	0.2772	0.4950	0.1287	0.0099	0.2178	0.1782	0.0495	0.0594	0.0099	0.0396	0.1683	0.8218	0.1188	0.2178	0.7822	0.8218	0.0990	0.9802	0.0693	0.8119	0.3762	0.0495	0.0297	0.0099	0.0099	0.2178	0.0099	0.6337	0.0891	0.3564	0.0099	0.0594	0.8416	0.2376	0.4851	0.7426	0.5545	0.6238	0.0198
Eubacterium_ventriosum	0.9802	0.0297	0.0594	0.8416	0.0099	0.0594	0.8020	0.0495	0.0198	0.0099	0.1485	0.0396	0.0099	0.1980	0.0693	0.1386	0.6634	0.1584	0.0594	0.4158	0.0693	0.2574	0.4059	0.0495	0.0693	0.1683	0.9703	0.0198	0.9307	0.6436	0.0990	0.3366	0.6238	0.8119	0.8317	0.4257	0.7624	0.0990	0.0396	0.0198	0.0297	0.3267	0.8911	0.8614	0.0198	0.0792	0.0396	0.0495	0.3663	0.0099	0.4950	0.9802	0.1782	0.0594	0.0198	0.2772	1.0000	0.3465	0.9703	0.2277	0.8416	0.4158	0.0099	0.1782	0.8020	0.6436	0.7228	0.2376	0.9802	0.2772	0.2376	0.0099	0.1782	0.4455	0.0396	0.6832	0.0099	0.3069	0.1881	0.9505	0.1584	0.3069	0.3861	0.5149	0.0396	0.0891	0.2673	0.2178	0.4950	0.4455	0.0099	0.5248	0.6733	0.6238	0.8515
Faecalibacterium_prausnitzii	0.0297	0.2079	0.0099	0.9802	0.0297	0.0099	0.5149	0.0099	0.2871	0.1683	0.0297	0.6238	0.8614	0.1782	0.3762	0.7921	0.4455	0.6931	0.0297	0.4752	0.1386	0.2871	0.8218	0.9208	0.0099	0.1287	0.9406	0.0198	0.0693	0.4950	0.0099	0.5842	0.0099	0.0099	0.0099	0.0099	0.0099	0.0099	0.2871	0.0693	0.0099	0.0099	0.0297	0.1287	0.0099	0.3465	0.0099	0.0099	0.0198	0.0099	0.0099	0.0099	0.0297	0.0099	0.7228	0.4950	0.3465	1.0000	0.0594	0.5446	0.4752	0.0099	0.5050	0.0099	0.0099	0.0891	0.0099	0.9010	0.0099	0.0198	0.0198	0.4950	0.0099	0.0396	0.2673	0.3465	0.1485	0.0099	0.3564	0.0099	0.0198	0.6436	0.2376	0.0099	0.5248	0.3861	0.0099	0.1782	0.0198	0.0099	0.3069	0.0099	0.0099	0.0099	0.0099
Firmicutes_bacterium_CAG_110	0.0693	0.1188	0.0099	0.0099	0.1881	0.0099	0.0099	0.0099	0.0198	0.8812	0.2079	0.8416	0.9505	0.0099	0.5644	0.4950	0.4653	0.8218	0.0396	0.0099	0.2574	0.0099	0.7426	0.0792	0.2871	0.6634	0.8119	0.0099	0.0693	0.4257	0.0099	0.0891	0.0990	0.5644	0.0099	0.0099	0.0099	0.0099	0.2277	0.0594	0.7822	0.0099	0.2277	0.8515	0.0297	0.0099	0.0099	0.0099	0.0099	0.1287	0.8416	0.0099	0.0099	0.3267	0.0099	0.1287	0.9703	0.0594	1.0000	0.1188	0.0099	0.0099	0.6436	0.0099	0.0693	0.1386	0.0099	0.3762	0.9703	0.0099	0.0099	0.0099	0.0099	0.3564	0.0297	0.0099	0.7030	0.8317	0.0099	0.7921	0.5941	0.0099	0.7327	0.0495	0.0099	0.1782	0.0297	0.7723	0.0396	1.0000	0.1089	0.2475	0.0396	0.2277	0.7228
Firmicutes_bacterium_CAG_83	0.1386	0.4356	0.9604	0.3465	0.3465	0.0099	0.0297	0.9604	0.2079	0.0099	0.5743	0.0198	0.0495	0.5347	0.4257	0.8515	0.0792	0.0099	0.0495	0.8515	0.1287	0.8812	0.1584	0.3267	0.0594	0.4455	0.1287	0.0198	0.0099	0.5050	0.9208	0.3861	0.5347	0.8119	0.2475	0.5743	0.3168	0.0198	0.2772	0.7624	0.0198	0.4158	0.3168	0.2673	0.3267	0.6634	0.0297	0.0990	0.0099	0.7723	0.3465	0.3861	0.1188	0.3168	0.0990	0.0099	0.2277	0.5446	0.1188	1.0000	0.2673	0.7525	0.2871	0.1188	0.0198	0.4851	0.4653	0.0495	0.3069	0.1584	0.0198	0.0396	0.0198	0.8614	0.2871	0.0198	0.5545	0.2376	0.6139	0.6436	0.1386	0.8713	0.0297	0.4752	0.7129	0.0594	0.0198	0.9604	0.0495	0.0396	0.4653	0.3069	0.1980	0.9406	0.0099
Flavonifractor_plautii	0.8911	0.0099	0.6832	0.2970	0.5941	0.0099	0.0099	0.0099	0.0099	0.9406	0.8317	0.0297	0.5743	0.4158	0.1386	0.8317	0.0099	0.4653	0.5743	0.0198	0.0297	0.0099	0.6832	0.0099	0.4455	0.5050	0.0198	0.0693	0.0693	0.6931	0.0297	0.0693	0.0099	0.0099	0.1386	0.0198	0.0099	0.0198	0.7525	0.0099	0.0198	0.0099	0.0990	0.0099	0.3960	0.0099	0.6535	0.6040	0.0099	0.0099	0.0594	0.4356	0.6832	0.0990	0.0099	0.2178	0.8416	0.4752	0.0099	0.2673	1.0000	0.2376	0.1287	0.0099	0.2178	0.0891	0.0099	0.2475	0.0099	0.0099	0.1386	0.0099	0.0099	1.0000	0.0099	0.0099	0.4950	0.0099	0.0099	0.0099	0.0990	0.0198	0.1287	0.3267	0.0990	0.8119	0.0099	0.0891	0.0099	0.0099	0.5347	0.0495	0.3564	0.0099	0.0099
Fusicatenibacter_saccharivorans	0.0099	0.4257	0.0099	0.0990	0.0792	0.0198	0.0099	0.0099	0.1386	0.0099	0.0099	0.4158	0.0198	0.0099	0.0099	0.0099	0.0495	0.0198	0.3663	0.0099	0.0099	0.0099	0.0099	0.1386	0.0198	0.0099	0.0792	0.0099	0.0099	0.4257	0.0099	0.0099	0.0495	0.0099	0.0099	0.0099	0.0099	0.0099	0.0099	0.3069	0.0099	0.1782	0.0099	0.0099	0.0099	0.0099	0.0099	0.0099	0.2574	0.8713	0.6238	0.0099	0.0099	0.0099	0.0099	0.1782	0.4158	0.0099	0.0099	0.7525	0.2376	1.0000	0.0099	0.0495	0.4851	0.0297	0.0099	0.9109	0.0198	0.7129	0.0099	0.1980	0.9703	0.2772	0.0297	0.0099	0.0396	0.0495	0.0099	0.2871	0.0396	0.0891	0.0495	0.0297	0.2772	0.0495	0.0396	0.0297	0.0099	0.5248	0.2970	0.2475	0.0198	0.1683	0.5842
Gemmiger_formicilis	0.9406	0.1881	0.0198	0.1782	0.9109	0.0198	0.1782	0.8416	0.9505	0.0099	0.0990	0.4950	0.0693	0.0099	0.4851	0.0198	0.0297	0.0099	0.0099	1.0000	0.1584	0.0198	0.1287	0.1584	0.0099	0.0099	0.0891	0.0099	0.0396	0.7327	0.7525	0.9703	0.9307	0.0099	0.0099	0.0099	0.1089	0.2970	0.5941	0.8317	0.0099	0.0099	0.0792	0.0099	0.0693	0.0990	0.1386	0.1485	0.6238	0.0693	0.8713	0.0099	0.3762	0.0297	0.1980	0.0495	0.0099	0.5050	0.6436	0.2871	0.1287	0.0099	1.0000	0.1089	0.1584	0.4653	0.0099	0.6238	0.1386	0.0792	0.0099	0.0396	0.9109	0.0099	0.2970	0.3564	0.4158	0.0297	0.0198	0.0198	0.0594	0.4851	0.8515	0.7921	0.6931	0.0099	0.5842	0.5644	0.0099	0.1881	0.0099	0.0099	0.0099	0.0297	0.9208
Gordonibacter_pamelaeae	0.0198	0.0099	0.0297	0.0099	0.6733	0.0099	0.0099	0.0099	0.0099	0.0099	0.2277	0.0396	0.5149	0.0099	0.0099	0.0099	0.1584	0.0099	0.0099	0.0099	0.0396	0.0099	0.0099	0.5149	0.0099	0.0099	0.0891	0.0099	0.8713	0.0396	0.0099	0.0099	0.0099	0.0099	0.0099	0.0099	0.0099	0.8911	0.5941	0.0099	0.0099	0.0099	0.1881	0.9505	0.8812	0.0099	0.0198	0.4554	0.0099	0.0099	0.0099	0.0099	0.0099	0.9307	0.3267	0.0594	0.1782	0.0099	0.0099	0.1188	0.0099	0.0495	0.1089	1.0000	0.0099	0.0099	0.0099	0.9208	0.0099	0.3663	0.0099	0.0099	0.1881	0.0099	0.0099	0.0297	0.0693	0.0099	0.0099	0.0099	0.0594	0.0297	0.0099	0.0099	0.0891	0.0198	0.0099	0.0198	0.2079	0.0099	0.2376	0.0099	0.0099	0.0099	0.0099
Haemophilus_parainfluenzae	0.1287	0.0594	0.9307	0.0099	0.6436	0.0099	0.0099	0.2970	0.2079	0.0099	0.7129	0.0198	0.2673	0.0594	0.0693	0.0396	0.0099	0.0099	0.0792	0.0099	0.8218	0.0198	0.0297	0.7228	0.0099	0.1386	0.8911	0.0099	0.5743	0.0396	0.4059	0.0099	0.0099	0.2277	0.7327	0.0099	0.0099	0.8020	0.0099	0.0396	0.0099	0.0099	0.5149	0.0297	0.0099	0.0099	0.6139	0.1188	0.0099	0.0099	0.3663	0.0495	0.0099	0.1188	0.0495	0.0099	0.8020	0.0099	0.0693	0.0198	0.2178	0.4851	0.1584	0.0099	1.0000	0.0891	0.0099	1.0000	0.0198	1.0000	0.0099	0.6436	0.0891	0.0099	0.0099	0.0594	0.7822	0.0099	0.4653	0.0099	0.7822	0.0792	0.0495	0.0297	0.0693	0.3663	0.0099	0.0297	0.1683	0.5545	0.4059	0.0099	0.0099	0.0099	0.0099
Holdemanella_biformis	0.2079	0.5347	0.1386	0.5941	0.8218	0.5248	0.3267	0.1782	0.0990	0.1584	0.0198	0.3960	0.5644	0.0099	0.8911	0.5446	0.1881	0.0495	0.2079	0.0099	0.9703	0.2178	0.0198	0.2772	0.2376	0.1881	0.2574	0.8812	0.0099	0.0297	0.5149	0.3465	0.2970	0.9802	0.6931	0.7030	0.1386	0.5842	0.0099	0.0099	0.0099	0.0693	0.0099	0.0297	0.0693	0.0099	0.1089	0.0099	0.0198	0.4554	0.3960	0.8416	0.9406	0.3366	0.4554	0.0396	0.6436	0.0891	0.1386	0.4851	0.0891	0.0297	0.4653	0.0099	0.0891	1.0000	0.1683	0.0396	0.1386	0.0792	0.5644	0.2178	0.5248	0.1485	0.1782	0.4257	0.2871	0.0099	0.0099	0.0099	0.1089	0.6634	0.0099	0.3267	0.5347	0.6040	0.0594	0.0099	0.7921	0.4059	0.0099	0.3861	0.0693	0.6535	0.7426
Intestinibacter_bartlettii	0.0693	0.0099	0.0495	0.0099	0.5941	0.0099	0.0099	0.0099	0.0099	0.0099	0.1188	0.5644	0.0099	0.0099	0.0099	0.0099	0.1980	0.0099	0.0099	0.0099	0.0099	0.0099	0.0099	0.0297	0.0099	0.0099	0.0495	0.0099	0.5248	0.3168	0.0099	0.0099	0.5248	0.0198	0.0099	0.0099	0.0099	0.0198	0.1089	0.4356	0.2871	0.0099	0.1485	0.6832	0.0990	0.0099	0.0099	0.0297	0.0099	0.0099	0.0099	0.0099	0.0099	0.6337	0.0099	0.1683	0.7228	0.0099	0.0099	0.4653	0.0099	0.0099	0.0099	0.0099	0.0099	0.1683	1.0000	0.9406	0.1188	0.4653	0.0099	0.0099	0.9505	0.0099	0.0099	0.0099	0.2178	0.0198	0.0099	0.0099	0.6337	0.1089	0.0099	0.0099	0.0693	0.0099	0.0099	0.9604	0.0099	0.0099	0.4059	0.0099	0.0099	0.0099	0.0099
Lachnospira_pectinoschiza	0.3168	0.1089	0.0198	0.7723	0.6931	0.8416	0.5644	0.1782	0.0396	0.6238	0.5149	0.1584	0.3069	0.1881	0.2178	0.8218	0.3168	0.0297	0.3861	0.0297	0.8812	0.1188	0.5248	0.5446	0.9505	0.1188	0.5545	0.5347	0.6238	0.2376	0.2079	0.5545	0.5545	0.2970	0.0099	0.0693	0.4851	0.0495	0.1584	0.5347	0.4059	0.4752	0.5941	0.0099	0.0099	0.6040	0.0099	0.1287	0.1287	0.9901	0.1386	0.0396	0.0099	0.9901	0.2277	0.8218	0.2376	0.9010	0.3762	0.0495	0.2475	0.9109	0.6238	0.9208	1.0000	0.0396	0.9406	1.0000	0.8416	0.0396	0.1287	0.4158	0.4455	0.6832	0.4851	0.1584	0.2772	0.8020	0.0297	0.1386	0.0099	0.0396	0.0099	0.0099	0.3069	0.7327	0.6040	0.0891	0.7822	0.0495	0.8416	0.1485	0.0990	0.0693	0.2574
Lawsonibacter_asaccharolyticus	0.1683	0.0099	0.1089	0.0792	0.3564	0.0099	0.1683	0.6040	0.0099	0.0198	0.1089	0.0099	0.5842	0.0594	0.0396	0.6238	0.7030	0.1089	0.0099	0.3465	0.3465	0.4356	0.3960	0.5941	0.0594	0.0990	0.4554	0.0099	0.0198	0.1188	0.4851	0.7723	0.0396	0.0099	0.2772	0.9010	0.3366	0.0099	0.0990	0.0099	0.0099	0.0099	0.5644	0.0198	0.0099	0.6139	0.0297	0.0099	0.0099	0.1485	0.1584	0.0198	0.4554	0.0396	0.0594	0.1188	0.9802	0.0099	0.9703	0.3069	0.0099	0.0198	0.1386	0.0099	0.0198	0.1386	0.1188	0.8416	1.0000	0.5248	0.2376	0.0099	0.6337	0.1485	0.0099	0.5842	0.9307	0.0099	0.5743	0.0099	0.4554	0.4356	0.7822	0.5941	0.3960	0.2277	0.0297	0.0297	0.0198	0.0099	0.0792	0.0099	0.0099	0.0297	0.0099
Methanobrevibacter_smithii	0.6337	0.5050	0.0594	0.0198	0.7030	0.3762	0.9208	0.2079	0.3168	0.6139	0.2772	0.0099	0.3861	0.5842	0.8812	0.0099	0.9307	0.0693	0.0099	0.4455	0.6436	0.9010	0.0099	0.0099	0.3762	0.0099	0.3168	0.8911	0.1188	0.0396	0.3366	0.5050	0.9109	0.4851	0.1584	0.0099	0.1584	0.0297	0.2178	0.6832	0.0594	0.5743	0.0297	0.0396	0.1485	0.1386	0.5644	0.2970	0.0297	0.8218	0.0693	0.1683	0.0099	0.6535	0.0099	0.2178	0.2772	0.0198	0.0099	0.1584	0.0099	0.7129	0.0792	0.3663	1.0000	0.0792	0.4653	0.0396	0.5248	1.0000	0.5545	0.0297	0.0099	0.2178	0.6139	0.6832	0.9802	0.1980	0.9208	0.9802	0.7228	0.3960	0.8317	0.0198	0.0099	0.0099	0.3366	0.6139	0.4851	0.0099	0.0198	0.5545	0.4257	0.3564	0.9208
Odoribacter_splanchnicus	0.0990	0.0099	0.0099	0.0099	0.4257	0.0099	0.0099	0.0099	0.0099	0.0099	0.0099	0.1089	0.0099	0.0099	0.0099	0.0099	0.0990	0.0099	0.0099	0.0099	0.0099	0.0099	0.0099	0.0099	0.0099	0.0099	0.0099	0.0099	0.0099	0.3663	0.0099	0.0099	0.3663	0.0198	0.0099	0.0099	0.0099	0.0099	0.0099	0.6931	0.7525	0.0099	0.0099	0.0198	0.1386	0.0099	0.0099	0.0099	0.0099	0.0099	0.0099	0.0099	0.0099	0.5347	0.0099	0.7822	0.2376	0.0198	0.0099	0.0198	0.1386	0.0099	0.0099	0.0099	0.0099	0.5644	0.0099	0.1287	0.2376	0.5545	1.0000	0.0099	0.6931	0.0099	0.0099	0.0099	0.3762	0.6634	0.0198	0.0198	0.6535	0.0396	0.0396	0.0297	0.0099	0.0792	0.0099	0.4158	0.0099	0.2178	0.2673	0.0099	0.0099	0.0099	0.0099
Oscillibacter_sp_57_20	0.0099	0.0099	0.0990	0.0099	0.0495	0.0099	0.0099	0.0099	0.0099	0.8218	0.0891	0.0099	0.1584	0.0297	0.0099	0.9703	0.4653	0.7624	0.3168	0.8119	0.4554	0.5347	0.6238	0.9406	0.0198	0.3861	0.1287	0.0396	0.4356	0.4158	0.0099	0.0693	0.1485	0.0099	0.4158	0.0099	0.0990	0.0396	0.0693	0.0198	0.3861	0.0099	0.1584	0.3366	0.6733	0.3564	0.0297	0.1485	0.0099	0.6535	0.0297	0.2574	0.0495	0.0594	0.0099	0.8218	0.0099	0.4950	0.0099	0.0396	0.0099	0.1980	0.0396	0.0099	0.6436	0.2178	0.0099	0.4158	0.0099	0.0297	0.0099	1.0000	0.0099	0.0297	0.3861	0.6733	0.0099	0.6832	0.5842	0.4257	0.2376	0.0099	0.5743	0.5545	0.1584	0.0792	0.0099	0.4158	0.0198	0.0198	0.5446	0.0099	0.0099	0.0891	0.0297
Oscillibacter_sp_CAG_241	0.9604	0.5842	0.0198	0.0099	0.0990	0.2475	0.1782	0.0099	0.8218	0.4752	0.0891	0.0891	0.2772	0.2574	0.0990	0.0099	0.0099	0.0099	0.9010	0.4455	0.0396	0.7228	0.0495	0.1683	0.7822	0.3069	0.5644	0.1089	0.9604	0.5644	0.0099	0.1089	0.3960	0.1485	0.1683	0.0198	0.3564	0.4950	0.9901	0.8416	0.1089	0.8119	0.5248	0.2574	0.0099	0.5743	0.0198	0.0099	0.4356	0.0891	0.8020	0.5842	0.0198	0.7327	0.4950	0.0990	0.1782	0.0099	0.0099	0.0198	0.0099	0.9703	0.9109	0.1881	0.0891	0.5248	0.9505	0.4455	0.6337	0.0099	0.6931	0.0099	1.0000	0.8416	0.2970	0.7426	0.7624	0.3069	0.3069	0.0594	0.7030	0.3663	0.5743	0.0198	0.0099	0.1386	0.9406	0.0198	0.7921	0.0099	0.0495	0.0396	0.1089	0.0792	0.2376
Parabacteroides_distasonis	0.2970	0.0099	0.0198	0.0099	0.0495	0.0099	0.0099	0.0198	0.0099	0.0099	0.0099	0.0099	0.0099	0.2970	0.0099	0.0099	0.6436	0.0099	0.0099	0.9109	0.1089	0.1980	0.0099	0.0099	0.0099	0.0099	0.0099	0.0099	0.0297	0.0990	0.0099	0.0099	0.3465	0.0099	0.0099	0.0198	0.0099	0.0099	0.0099	0.1782	0.2970	0.0099	0.0099	0.2277	0.4257	0.0099	0.0099	0.1584	0.0099	0.0099	0.2376	0.0099	0.0099	0.4059	0.7030	0.9802	0.4455	0.0396	0.3564	0.8614	1.0000	0.2772	0.0099	0.0099	0.0099	0.1485	0.0099	0.6832	0.1485	0.2178	0.0099	0.0297	0.8416	1.0000	0.0099	0.0693	0.0099	0.1386	0.2772	0.0297	0.6040	0.2871	0.4653	0.0495	1.0000	0.0099	0.0099	0.1287	0.0396	0.1683	0.2574	0.0099	0.0099	0.0099	0.0099
Parabacteroides_merdae	0.0099	0.0099	0.0099	0.0099	0.4059	0.0099	0.0099	0.0099	0.0099	0.0099	0.6733	0.1386	0.0099	0.0198	0.0099	0.0099	0.9901	0.0099	0.0099	0.0099	0.0099	0.0099	0.0099	0.0594	0.0099	0.0099	0.0198	0.0099	0.2772	0.5149	0.0099	0.0099	0.1287	0.0099	0.0099	0.0099	0.0099	0.0594	0.0693	0.0198	0.2079	0.0099	0.1287	0.0099	0.1584	0.0099	0.0099	0.0099	0.0099	0.0099	0.0297	0.0297	0.0099	0.0693	0.3069	0.0693	0.0396	0.2673	0.0297	0.2871	0.0099	0.0297	0.2970	0.0099	0.0099	0.1782	0.0099	0.4851	0.0099	0.6139	0.0099	0.3861	0.2970	0.0099	1.0000	0.0297	0.7129	0.0099	0.0099	0.0099	0.5743	0.1782	0.0099	0.5446	0.0198	0.0198	0.0099	0.1386	0.0099	0.0099	0.0594	0.0099	0.0099	0.0099	0.0099
Parabacteroides_sp_CAG_409	0.0099	0.3861	0.0099	0.6733	0.0099	0.0099	0.0099	0.0198	0.2178	0.6337	0.1188	0.0099	0.2772	0.0099	0.0693	0.0099	0.0099	0.0990	0.1683	0.0099	0.0099	0.0099	0.0099	0.0297	0.8218	0.4950	0.4356	0.0099	0.5149	0.0891	0.0099	0.0396	0.0099	0.0396	0.0099	0.0099	0.0198	0.2376	0.1485	0.0297	0.8812	0.0099	0.0396	0.0297	0.1584	0.0099	0.0099	0.0396	0.0792	0.0099	0.0099	0.0099	0.0099	0.7624	0.0099	0.8119	0.6832	0.3465	0.0099	0.0198	0.0099	0.0099	0.3564	0.0297	0.0594	0.4257	0.0099	0.1584	0.5842	0.6832	0.0099	0.6733	0.7426	0.0693	0.0297	1.0000	0.3069	0.2178	0.0099	0.0396	0.0198	0.3069	0.2277	0.8020	0.8713	0.7624	0.0099	0.2574	0.0099	0.0099	0.5743	0.0792	0.0594	0.0396	0.7921
Paraprevotella_xylaniphila	0.2673	0.0495	0.0198	0.4059	0.0099	0.3465	0.0198	0.0099	0.0198	0.9604	0.0297	0.2574	0.0099	0.0099	0.0099	0.0099	0.0396	0.1980	0.7327	0.6337	0.2772	0.0891	0.4851	0.2079	0.3564	0.0594	0.0099	0.6535	0.0099	0.0099	0.0099	0.3465	0.0396	0.0990	0.0297	0.4059	0.5644	0.0099	0.3861	0.6337	0.5842	0.2475	0.0099	0.0594	0.0099	0.7624	0.0099	0.0693	0.0099	0.2376	0.8614	0.0099	0.1287	0.0990	0.0396	0.3762	0.0099	0.1485	0.7030	0.5545	0.4950	0.0396	0.4158	0.0693	0.7822	0.2871	0.2178	0.2772	0.9307	0.9802	0.3762	0.0099	0.7624	0.0099	0.7129	0.3069	1.0000	0.0495	0.6040	0.8911	0.8119	0.1386	0.2178	0.2673	0.0990	0.0594	0.1683	0.5149	0.7921	0.2079	0.0099	0.0198	0.0990	0.5248	0.9010
Parasutterella_excrementihominis	0.7426	0.0099	0.0297	0.2277	0.0198	0.0396	0.5842	0.0990	0.0891	0.0495	0.0099	0.3960	0.9703	0.3960	0.3168	0.6238	0.0198	0.8713	0.3465	0.0198	0.2970	0.3465	0.0198	0.1188	0.3168	0.3861	0.1089	0.0495	0.0198	0.0594	0.5941	0.0099	0.0099	0.0198	0.0099	0.2970	0.5743	0.0099	0.5545	0.0099	0.0099	0.0594	0.0198	0.0099	0.0099	0.0099	0.0594	0.0099	0.0099	0.0099	0.2277	0.0099	0.6931	0.0990	0.4653	0.0495	0.3069	0.0099	0.8317	0.2376	0.0099	0.0495	0.0297	0.0099	0.0099	0.0099	0.0198	0.8020	0.0099	0.1980	0.6634	0.6832	0.3069	0.1386	0.0099	0.2178	0.0495	1.0000	0.0099	0.0099	0.0297	0.5842	0.0099	0.0297	0.5743	0.6436	0.0297	0.0297	0.0099	0.0198	0.6733	0.0099	0.1188	0.0099	0.0099
Prevotella_copri	0.0099	0.0396	0.9703	0.1188	0.6634	0.0297	0.0495	0.0099	0.0099	0.0099	0.0594	0.0099	0.4653	0.1188	0.0099	0.0297	0.0099	0.0099	0.8416	0.0099	0.0099	0.0099	0.0099	0.0693	0.0099	0.0990	0.9307	0.0198	0.2178	0.0099	0.0099	0.0198	0.0891	0.2178	0.0099	0.0099	0.0297	0.2079	0.0099	0.0594	0.0099	0.8812	0.0099	0.8020	0.4653	0.0099	0.0297	0.0198	0.0099	0.0099	0.0099	0.0099	0.0891	0.8317	0.0198	0.0297	0.1881	0.3564	0.0099	0.6139	0.0099	0.0099	0.0198	0.0099	0.4653	0.0099	0.0099	0.0297	0.5743	0.9208	0.0198	0.5842	0.3069	0.2772	0.0099	0.0099	0.6040	0.0099	1.0000	0.0099	0.1980	0.0693	0.0099	0.0396	0.0495	0.2475	0.0099	0.2079	0.2277	0.0099	0.1386	0.3663	0.0396	0.0198	0.1584
Proteobacteria_bacterium_CAG_139	0.8614	0.0099	0.0198	0.1188	0.0099	0.0099	0.2079	0.3861	0.0594	0.0693	0.0198	0.1287	0.5446	0.8515	0.5446	0.0693	0.0099	0.3168	0.3168	0.0099	0.7525	0.8614	0.0198	0.0594	0.2079	0.4356	0.3465	0.0099	0.0099	0.0891	0.4653	0.0099	0.0099	0.0099	0.0891	0.6832	0.8416	0.0099	0.6634	0.0099	0.0099	0.0099	0.0198	0.0099	0.0099	0.0099	0.2277	0.0099	0.0099	0.0099	0.0594	0.0396	0.9703	0.2079	0.1287	0.0099	0.9505	0.0099	0.7921	0.6436	0.0099	0.2871	0.0198	0.0099	0.0099	0.0099	0.0099	0.1386	0.0099	0.9802	0.0198	0.4257	0.0594	0.0297	0.0099	0.0396	0.8911	0.0099	0.0099	1.0000	0.0297	0.0891	0.0099	0.0198	0.6535	0.2772	0.0099	0.0594	0.1485	0.0099	0.2574	0.0099	0.0099	0.0099	0.0099
Roseburia_faecis	0.1089	0.0198	0.7921	0.8218	0.7921	0.9703	0.4653	0.4653	0.0099	0.2772	0.3267	0.0693	0.0594	0.6238	0.3168	0.9010	0.5842	0.0594	0.6634	0.0099	0.9208	0.8911	0.1089	0.8119	0.9010	0.2574	0.9703	0.7030	0.6733	0.7129	0.4356	0.0099	0.0099	0.0297	0.0495	0.2871	0.6832	0.1881	0.6634	0.9208	0.7228	0.1386	0.1485	0.0099	0.1188	0.0297	0.1089	0.0198	0.0495	0.8911	0.0099	0.8317	0.0990	0.0099	0.5050	0.0099	0.1584	0.0198	0.5941	0.1386	0.0990	0.0396	0.0594	0.0594	0.7822	0.1089	0.6337	0.0099	0.4554	0.7228	0.6535	0.2376	0.7030	0.6040	0.5743	0.0198	0.8119	0.0297	0.1980	0.0297	1.0000	0.3564	0.0198	0.0297	0.5842	0.3762	0.6139	0.4059	0.1287	0.1188	0.9505	0.6436	0.4554	0.1683	0.7030
Roseburia_hominis	0.0693	0.0099	0.8020	0.0099	0.3465	0.0297	0.0099	0.1782	0.1287	0.7327	0.3564	0.3366	0.6139	0.1683	1.0000	0.9802	0.0891	0.1584	0.5941	0.0198	0.0099	0.4554	1.0000	0.2178	0.2772	0.0693	0.0594	0.0099	0.0495	0.0495	0.0198	0.0198	0.0099	0.0891	0.0099	0.0792	0.0495	0.1386	0.1683	0.1881	0.3069	0.0099	0.6436	0.0099	0.6535	0.1485	0.1089	0.1782	0.1683	0.5644	0.0594	0.2574	0.5446	0.1485	0.0198	0.2178	0.3069	0.6436	0.0099	0.8713	0.0198	0.0891	0.4851	0.0297	0.0792	0.6634	0.1089	0.0396	0.4356	0.3960	0.0396	0.0099	0.3663	0.2871	0.1782	0.3069	0.1386	0.5842	0.0693	0.0891	0.3564	1.0000	0.6535	0.7030	0.0198	0.0693	0.0099	0.4455	0.7129	0.2970	0.9901	0.0099	0.1089	0.2673	0.0099
Roseburia_intestinalis	0.7030	0.0099	0.2079	0.4851	0.5842	0.0099	0.0198	0.1287	0.1584	0.0099	0.7921	0.8812	0.8614	0.0594	0.1287	0.0792	0.2871	0.0396	0.2277	0.0297	0.1386	0.0891	0.0099	0.6238	0.1584	0.1980	0.8515	0.0297	0.3366	0.6931	0.0198	0.0099	0.1980	0.5941	0.2871	0.7921	0.0396	0.6634	0.2178	0.5644	0.0099	0.6832	0.1881	0.1386	0.0099	0.1881	0.8713	0.9802	0.0099	0.0396	0.8515	0.8020	0.1089	0.0099	0.9505	0.0099	0.3861	0.2376	0.7327	0.0297	0.1287	0.0495	0.8515	0.0099	0.0495	0.0099	0.0099	0.0099	0.7822	0.8317	0.0396	0.5743	0.5743	0.4653	0.0099	0.2277	0.2178	0.0099	0.0099	0.0099	0.0198	0.6535	1.0000	0.4752	0.0495	0.9802	0.0099	0.0990	0.2079	0.8020	0.4257	0.7426	0.7624	0.3960	0.0099
Roseburia_inulinivorans	0.2277	0.4356	0.0495	0.3861	0.6238	0.2574	0.2673	0.7525	0.4950	0.0495	0.2673	0.0099	0.8416	0.3960	0.1485	0.0099	0.0198	0.2178	0.0099	0.1287	0.2376	0.6436	0.4257	0.7426	0.6733	0.3663	0.1980	0.2079	0.0693	0.1881	0.3366	0.0594	0.0099	0.0099	0.5941	0.7228	0.6634	0.5446	0.6238	0.9307	0.0495	0.0891	0.5842	0.4257	0.0396	0.4158	0.2871	0.1089	0.0594	0.0198	0.0495	0.9604	0.1287	0.2277	0.5842	0.6337	0.5149	0.0099	0.0495	0.4752	0.3267	0.0297	0.7921	0.0099	0.0297	0.3267	0.0099	0.0099	0.5941	0.0198	0.0297	0.5545	0.0198	0.0495	0.5446	0.8020	0.2673	0.0297	0.0396	0.0198	0.0297	0.7030	0.4752	1.0000	0.4653	0.0099	0.0693	0.7921	0.0198	0.0099	0.3366	0.0099	0.0198	0.0099	0.0198
Ruminococcus_bicirculans	0.1881	0.7228	0.4356	0.0099	0.5743	0.0198	0.0198	0.0495	0.8614	0.1386	0.2673	0.0099	0.0198	0.1188	0.7525	0.0396	0.1089	0.7426	0.1683	0.1782	0.0495	0.0099	0.7921	0.5446	0.0198	0.0297	0.9703	0.0099	0.4455	0.8515	0.1683	0.7921	0.6139	0.1188	0.9505	0.0099	0.0198	0.6139	0.0099	0.0297	0.0198	0.0198	0.7525	0.7921	0.1584	0.0594	0.0495	0.0099	0.7921	0.1782	0.0792	0.4950	0.0099	0.0099	0.8119	0.0891	0.0396	0.5248	0.0099	0.7129	0.0990	0.2772	0.6931	0.0891	0.0693	0.5347	0.0693	0.3069	0.3960	0.0099	0.0099	0.1584	0.0099	1.0000	0.0198	0.8713	0.0990	0.5743	0.0495	0.6535	0.5842	0.0198	0.0495	0.4653	1.0000	0.5149	0.0198	0.6535	0.0297	0.2772	0.1386	0.0495	0.1386	0.0099	0.0594
Ruminococcus_bromii	0.6634	0.0891	0.0495	0.2178	0.3168	0.2475	0.0099	0.5941	0.0198	0.0099	0.6931	0.3069	0.9307	0.0495	0.0099	0.0495	0.9802	0.0198	0.0099	0.2079	0.2772	0.5941	0.0099	0.1089	0.0099	0.0099	0.2970	0.3762	0.6832	0.6139	0.0891	0.3267	0.0396	0.0099	0.0198	0.2475	0.5743	1.0000	0.2673	0.7030	0.1584	0.0198	0.1782	0.1089	0.0099	0.9703	0.1683	0.7921	0.0198	0.0198	0.6337	0.0099	0.1881	0.0297	0.0099	0.3564	0.0891	0.3861	0.1782	0.0594	0.8119	0.0495	0.0099	0.0198	0.3663	0.6040	0.0099	0.7327	0.2277	0.0099	0.0792	0.0792	0.1386	0.0099	0.0198	0.7624	0.0594	0.6436	0.2475	0.2772	0.3762	0.0693	0.9802	0.0099	0.5149	1.0000	0.1188	0.8119	0.8020	0.0099	0.1287	0.3663	0.0396	0.0693	0.0792
Ruminococcus_gnavus	0.9505	0.0099	0.0891	0.0198	0.2970	0.0099	0.0099	0.0099	0.1188	0.0099	0.9208	0.0198	0.6931	0.0099	0.2970	0.0099	0.0099	0.2178	0.0099	0.0099	0.0891	0.0099	0.0198	0.2277	0.0099	0.0099	0.6337	0.0099	0.0099	0.0099	0.0099	0.0099	0.0297	0.0099	0.1881	0.0099	0.0297	0.0693	0.9109	0.0099	0.1980	0.0099	0.6832	0.6139	0.0693	0.0099	0.0198	0.2475	0.0099	0.0099	0.0099	0.0693	0.0099	0.9307	0.0099	0.0099	0.2673	0.0099	0.0297	0.0198	0.0099	0.0396	0.5842	0.0099	0.0099	0.0594	0.0099	0.6040	0.0297	0.3366	0.0099	0.0099	0.9406	0.0099	0.0099	0.0099	0.1683	0.0297	0.0099	0.0099	0.6139	0.0099	0.0099	0.0693	0.0198	0.1188	1.0000	0.5446	0.1782	0.0099	0.2574	0.0099	0.0099	0.0099	0.0099
Ruminococcus_lactaris	0.0099	0.1584	0.2574	0.3663	0.0297	0.3663	0.1980	0.0297	0.1683	0.0396	0.8911	0.0099	0.4257	0.8020	0.1485	0.5842	0.0693	0.7723	0.1683	0.9604	0.2277	0.9604	0.4257	0.5644	0.0396	0.5842	0.6634	0.8515	0.0099	0.0099	0.4554	0.0099	0.7228	0.6634	0.5644	0.0396	0.4950	0.7624	0.0099	0.4455	0.0693	0.8317	0.1881	0.9505	0.9307	0.3762	0.1683	0.1683	0.1188	0.6733	0.1881	0.6238	0.8218	0.0297	0.5644	0.0594	0.2178	0.1782	0.7723	0.9604	0.0891	0.0297	0.5644	0.0198	0.0297	0.0099	0.9604	0.0891	0.0297	0.6139	0.4158	0.4158	0.0198	0.1287	0.1386	0.2574	0.5149	0.0297	0.2079	0.0594	0.4059	0.4455	0.0990	0.7921	0.6535	0.8119	0.5446	1.0000	0.7624	0.6238	0.9802	0.7228	0.4653	0.5941	0.3663
Ruminococcus_torques	0.0099	0.4257	0.0099	0.0297	0.7624	0.0297	0.0099	0.0099	0.5644	0.0198	0.1584	0.0495	0.6238	0.0099	0.0099	0.0792	0.1287	0.0099	0.0099	0.0099	0.0891	0.0099	0.0099	0.1287	0.0099	0.0099	0.4455	0.0099	0.0495	0.0495	0.0198	0.4554	0.1089	0.0099	0.0099	0.0099	0.0099	0.0495	0.9802	0.6535	0.0099	0.6733	0.2574	0.0099	0.0099	0.0099	0.0099	0.0099	0.8614	0.0198	0.2475	0.0099	0.0099	0.7822	0.2376	0.8416	0.4950	0.0198	0.0396	0.0495	0.0099	0.0099	0.0099	0.2079	0.1683	0.7921	0.0099	0.7822	0.0198	0.4851	0.0099	0.0198	0.7921	0.0396	0.0099	0.0099	0.7921	0.0099	0.2277	0.1485	0.1287	0.7129	0.2079	0.0198	0.0297	0.8020	0.1782	0.7624	1.0000	0.0396	0.0891	0.0099	0.2475	0.0099	0.9703
Ruthenibacterium_lactatiformans	0.8119	0.0099	0.0198	0.0198	0.1980	0.0792	0.0099	0.5149	0.0099	0.1980	0.3069	0.2079	0.3465	0.1188	0.0099	0.0198	0.0198	0.0099	0.0594	0.0099	0.0099	0.0099	0.0099	0.8614	0.9208	0.0297	0.2673	0.0792	0.5050	0.6436	0.1089	0.0198	0.2772	0.0099	0.0792	0.0297	0.0693	0.0198	0.8020	0.0099	0.4851	0.0099	0.9010	0.4851	0.8317	0.0297	0.1287	0.0495	0.0099	0.0099	0.0099	0.2376	0.6931	0.0792	0.1089	0.2376	0.4455	0.0099	1.0000	0.0396	0.0099	0.5248	0.1881	0.0099	0.5545	0.4059	0.0099	0.0495	0.0099	0.0099	0.2178	0.0198	0.0099	0.1683	0.0099	0.0099	0.2079	0.0198	0.0099	0.0099	0.1188	0.2970	0.8020	0.0099	0.2772	0.0099	0.0099	0.6238	0.0396	1.0000	0.1089	0.0099	0.0099	0.0099	0.2178
Slackia_isoflavoniconvertens	0.6733	0.7624	0.6535	0.9703	0.0792	0.2970	0.6535	0.0891	0.6634	0.5446	0.4950	0.4455	0.2772	0.9901	0.9604	0.7228	0.0099	0.0495	0.3069	0.0198	0.6139	0.9703	0.6040	0.1683	0.1584	0.4752	0.8317	0.0891	0.4950	0.5545	0.6040	0.7624	0.3069	0.8515	0.8416	0.8020	0.0792	0.6040	0.0099	0.6337	0.0198	0.0495	0.2079	0.6337	0.8416	0.6931	0.9604	0.9307	0.0495	0.8515	0.2673	0.8416	0.6238	0.0198	0.1782	0.4851	0.0099	0.3069	0.1089	0.4653	0.5347	0.2970	0.0099	0.2376	0.4059	0.0099	0.4059	0.8416	0.0792	0.0198	0.2673	0.5446	0.0495	0.2574	0.0594	0.5743	0.0099	0.6733	0.1386	0.2574	0.9505	0.9901	0.4257	0.3366	0.1386	0.1287	0.2574	0.9802	0.0891	0.1089	1.0000	0.0891	0.2574	0.0693	0.6931
Streptococcus_parasanguinis	0.3267	0.0099	0.5347	0.0099	0.8911	0.0099	0.0099	0.0198	0.0099	0.0099	0.2970	0.0594	0.0099	0.0594	0.0495	0.0297	0.2277	0.0099	0.0099	0.0099	0.1782	0.0099	0.0099	0.0099	0.0099	0.0099	0.0099	0.0099	0.0099	0.1386	0.0099	0.0099	0.2772	0.0099	0.0099	0.0099	0.0594	0.2178	0.0099	0.5743	0.5347	0.0099	0.0198	0.8119	0.1980	0.0099	0.0099	0.2277	0.0099	0.0099	0.0099	0.0693	0.0099	0.8119	0.0099	0.7426	0.5248	0.0099	0.2475	0.3069	0.0495	0.2475	0.0099	0.0099	0.0099	0.3861	0.0099	0.1485	0.0099	0.5545	0.0099	0.0099	0.0396	0.0099	0.0099	0.0792	0.0198	0.0099	0.3663	0.0099	0.6436	0.0099	0.7426	0.0099	0.0495	0.3663	0.0099	0.7228	0.0099	0.0099	0.0891	1.0000	0.0099	0.0099	0.0099
Streptococcus_salivarius	0.3960	0.0099	0.4851	0.0099	0.6634	0.0099	0.0099	0.0198	0.0099	0.0099	0.5248	0.2970	0.0297	0.0594	0.0495	0.0198	0.9703	0.0099	0.0099	0.0099	0.1683	0.0099	0.0099	0.0099	0.0099	0.0099	0.0099	0.0099	0.0099	0.0099	0.0099	0.0198	0.8218	0.0099	0.0099	0.0099	0.0495	0.1188	0.0099	0.8911	0.3168	0.0099	0.0693	0.1386	0.0891	0.0198	0.0099	0.4158	0.0099	0.0099	0.0198	0.0198	0.0099	0.9703	0.0099	0.5545	0.6733	0.0099	0.0396	0.1980	0.3564	0.0198	0.0099	0.0099	0.0099	0.0693	0.0099	0.0990	0.0099	0.4257	0.0099	0.0099	0.1089	0.0099	0.0099	0.0594	0.0990	0.1188	0.0396	0.0099	0.4554	0.1089	0.7624	0.0198	0.1386	0.0396	0.0099	0.4653	0.2475	0.0099	0.2574	0.0099	1.0000	0.0099	0.0099
Streptococcus_thermophilus	0.0990	0.0099	0.1980	0.0099	0.0693	0.0099	0.0099	0.0792	0.0099	0.0099	0.1980	0.3861	0.0099	0.3168	0.3267	0.0198	0.4950	0.0594	0.0099	0.0099	0.0099	0.0099	0.0099	0.0792	0.0099	0.0099	0.0495	0.0099	0.8713	0.2178	0.0297	0.0099	0.0099	0.0099	0.0495	0.0099	0.0099	0.5248	0.0792	0.0297	0.0198	0.0099	0.7426	0.1287	0.6139	0.0099	0.0099	0.8614	0.0099	0.0099	0.0099	0.0099	0.0099	0.3069	0.0594	0.6238	0.6238	0.0099	0.2277	0.9406	0.0099	0.1683	0.0297	0.0099	0.0099	0.6535	0.0099	0.0693	0.0297	0.3564	0.0099	0.0891	0.0792	0.0099	0.0099	0.0396	0.5248	0.0099	0.0198	0.0099	0.1683	0.2673	0.3960	0.0099	0.0099	0.0693	0.0099	0.5941	0.0099	0.0099	0.0693	0.0099	0.0099	1.0000	0.0099
Veillonella_parvula	0.6139	0.0099	0.1881	0.0099	0.4059	0.0099	0.0099	0.7426	0.1980	0.0099	0.5842	0.0099	0.3267	0.5446	0.5743	0.3960	0.0396	0.0099	0.0792	0.2079	0.9703	0.1188	0.0297	0.6337	0.0099	0.2079	0.8812	0.0099	0.1386	0.1881	0.6337	0.0099	0.0099	0.0099	0.0990	0.0693	0.2970	0.1683	0.0099	0.1485	0.0099	0.0099	0.1980	0.0099	0.0099	0.0099	0.2079	0.0891	0.0099	0.0099	0.0099	0.0099	0.3168	0.0198	0.0594	0.0198	0.8515	0.0099	0.7228	0.0099	0.0099	0.5842	0.9208	0.0099	0.0099	0.7426	0.0099	0.2574	0.0099	0.9208	0.0099	0.0297	0.2376	0.0099	0.0099	0.7921	0.9010	0.0099	0.1584	0.0099	0.7030	0.0099	0.0099	0.0198	0.0594	0.0792	0.0099	0.3663	0.9703	0.2178	0.6931	0.0099	0.0099	0.0099	1.0000
