species,ace,ci_lower,ci_upper,p_value,significant,n_samples,n_parents_adjusted,p_corrected,sig_bonferroni,p_fdr,sig_fdr
Anaerostipes_hadrus,0.36766,0.26477,0.46943,0.00333,1,154,0,0.43623,0,0.02077,1
Eubacterium_ramulus,0.36631,0.2203,0.49797,0.00333,1,111,0,0.43623,0,0.02077,1
Eggerthella_lenta,0.35704,0.17971,0.49687,0.00333,1,53,0,0.43623,0,0.02077,1
Barnesiella_intestinihominis,0.33155,0.16647,0.47717,0.00333,1,93,1,0.43623,0,0.02077,1
Alistipes_shahii,0.3263,0.14754,0.49242,0.00333,1,30,4,0.43623,0,0.02077,1
Megasphaera_elsdenii,0.31221,0.11978,0.38796,0.00667,1,11,0,0.8737699999999999,0,0.03495,1
Blautia_wexlerae,0.30042,0.17612,0.40695,0.00333,1,128,0,0.43623,0,0.02077,1
Oscillibacter_sp_57_20,0.29901,0.15278,0.46825,0.00333,1,105,0,0.43623,0,0.02077,1
Alistipes_inops,0.28778,0.07889,0.43138,0.00333,1,23,0,0.43623,0,0.02077,1
Bacteroides_eggerthii,0.2732,0.10821,0.4473,0.00333,1,27,0,0.43623,0,0.02077,1
Eubacterium_siraeum,0.24868,0.0368,0.42212,0.02667,1,70,1,1.0,0,0.1294,0
Ruminococcus_gnavus,0.22891,0.02894,0.42515,0.03333,1,65,0,1.0,0,0.15056,0
Bacteroides_plebeius,0.22808,0.0312,0.40274,0.01333,1,37,0,1.0,0,0.06716,0
Agathobaculum_butyriciproducens,0.22177,0.09868,0.33921,0.00667,1,135,0,0.8737699999999999,0,0.03495,1
Roseburia_inulinivorans,0.21928,0.10043,0.33786,0.00333,1,124,0,0.43623,0,0.02077,1
Bacteroides_xylanisolvens,0.21463,0.01957,0.37898,0.04,1,76,0,1.0,0,0.17467,0
Fusicatenibacter_saccharivorans,0.21079,0.11116,0.31695,0.00333,1,152,0,0.43623,0,0.02077,1
Dorea_formicigenerans,0.20746,0.11029,0.31342,0.00333,1,131,0,0.43623,0,0.02077,1
Bacteroides_uniformis,0.19747,0.09705,0.3197,0.00333,1,132,0,0.43623,0,0.02077,1
Blautia_obeum,0.19502,0.08248,0.30925,0.00333,1,117,0,0.43623,0,0.02077,1
Slackia_isoflavoniconvertens,0.19049,-0.03016,0.37085,0.12667,0,26,0,1.0,0,0.35543,0
Parasutterella_excrementihominis,0.17896,-0.02142,0.34111,0.09333,0,67,0,1.0,0,0.2982,0
Bacteroides_faecis,0.16981,0.00669,0.32118,0.04667,1,17,0,1.0,0,0.19106,0
Bacteroides_caccae,0.16787,-0.00393,0.33306,0.05333,0,85,1,1.0,0,0.19961,0
Eubacterium_hallii,0.16673,0.03107,0.29356,0.00667,1,142,0,0.8737699999999999,0,0.03495,1
Clostridium_spiroforme,0.1634,-0.0465,0.31927,0.18182,0,11,0,1.0,0,0.46703,0
Alistipes_finegoldii,0.15921,0.00259,0.33041,0.05333,1,76,1,1.0,0,0.19961,0
Bifidobacterium_bifidum,0.1592,-0.08794,0.32436,0.28,0,54,0,1.0,0,0.51662,0
Eubacterium_eligens,0.15343,-0.00406,0.28315,0.06,0,120,0,1.0,0,0.21385,0
Bacteroides_massiliensis,0.15209,-0.09287,0.33769,0.25333,0,24,0,1.0,0,0.49362,0
Bacteroides_dorei,0.14553,-0.00648,0.29102,0.06667,0,76,0,1.0,0,0.22984,0
Roseburia_hominis,0.14261,-0.02468,0.29351,0.1,0,105,0,1.0,0,0.3119,0
Asaccharobacter_celatus,0.13857,-0.05326,0.31994,0.15333,0,62,0,1.0,0,0.40172,0
Bacteroides_sp_CAG_144,0.137,-0.02418,0.30743,0.12752,0,10,0,1.0,0,0.35543,0
Odoribacter_splanchnicus,0.13157,-0.05819,0.30452,0.23333,0,64,0,1.0,0,0.49362,0
Streptococcus_salivarius,0.12367,-0.04984,0.29559,0.15333,0,84,0,1.0,0,0.40172,0
Coprococcus_eutactus,0.12307,-0.02491,0.25649,0.11333,0,79,0,1.0,0,0.33741,0
Gordonibacter_pamelaeae,0.12097,-0.05163,0.26806,0.18667,0,29,0,1.0,0,0.469,0
Sellimonas_intestinalis,0.12096,-0.04511,0.32859,0.21333,0,41,0,1.0,0,0.49028,0
Firmicutes_bacterium_CAG_110,0.10992,-0.11051,0.30324,0.42,0,32,0,1.0,0,0.68163,0
Bacteroides_stercoris,0.108,-0.06625,0.25681,0.24,0,69,0,1.0,0,0.49362,0
Prevotella_sp_CAG_279,0.10543,-0.10543,0.29862,0.40134,0,13,0,1.0,0,0.68163,0
Ruminococcus_bicirculans,0.10403,-0.02845,0.24975,0.11333,0,124,0,1.0,0,0.33741,0
Adlercreutzia_equolifaciens,0.10158,-0.10233,0.32032,0.38,0,57,0,1.0,0,0.66373,0
Dialister_sp_CAG_357,0.09794,-0.10891,0.30702,0.36667,0,46,0,1.0,0,0.6491,0
Roseburia_intestinalis,0.09353,-0.06307,0.241,0.26,0,115,2,1.0,0,0.49362,0
Parabacteroides_merdae,0.0927,-0.00572,0.2119,0.07333,0,98,0,1.0,0,0.24631,0
Eubacterium_sp_CAG_38,0.09258,-0.0109,0.19963,0.08,0,112,0,1.0,0,0.262,0
Ruminococcus_bromii,0.08676,-0.053,0.23572,0.22667,0,94,0,1.0,0,0.49362,0
Candidatus_Stoquefichus_sp_KLE1796,0.08663,-0.08647,0.24292,0.25676,0,10,0,1.0,0,0.49362,0
Streptococcus_parasanguinis,0.08463,-0.13112,0.29033,0.36667,0,54,0,1.0,0,0.6491,0
Ruthenibacterium_lactatiformans,0.08454,-0.10253,0.23145,0.42667,0,69,0,1.0,0,0.68163,0
Bacteroides_finegoldii,0.08317,-0.12149,0.29215,0.38667,0,44,0,1.0,0,0.6665,0
Eubacterium_sp_CAG_251,0.07386,-0.13299,0.27412,0.47333,0,23,0,1.0,0,0.721,0
Eubacterium_ventriosum,0.07247,-0.10997,0.24192,0.43333,0,64,0,1.0,0,0.68393,0
Bacteroides_cellulosilyticus,0.07076,-0.04102,0.18705,0.26,0,68,0,1.0,0,0.49362,0
Alistipes_putredinis,0.07038,-0.06291,0.20567,0.27333,0,124,0,1.0,0,0.51152,0
Oscillibacter_sp_CAG_241,0.06981,-0.13195,0.26871,0.53333,0,53,0,1.0,0,0.75125,0
Phascolarctobacterium_sp_CAG_266,0.06944,-0.12596,0.2689,0.57333,0,19,0,1.0,0,0.7833,0
Erysipelatoclostridium_ramosum,0.0678,-0.15652,0.24301,0.67333,0,12,0,1.0,0,0.85637,0
Blautia_hansenii,0.06749,-0.01606,0.18311,0.2381,0,37,0,1.0,0,0.49362,0
Eubacterium_sp_CAG_180,0.06006,-0.14993,0.25736,0.6,0,32,0,1.0,0,0.80204,0
Bifidobacterium_adolescentis,0.05578,-0.06239,0.1817,0.42,0,119,2,1.0,0,0.68163,0
Methanobrevibacter_smithii,0.05304,-0.13787,0.25394,0.70667,0,14,0,1.0,0,0.88157,0
Intestinibacter_bartlettii,0.05269,-0.12607,0.22696,0.51333,0,27,0,1.0,0,0.75125,0
Holdemanella_biformis,0.05126,-0.16464,0.25968,0.74,0,17,0,1.0,0,0.89715,0
Bacteroides_salyersiae,0.05019,-0.11345,0.22451,0.60667,0,25,0,1.0,0,0.80277,0
Collinsella_aerofaciens,0.04539,-0.01997,0.11136,0.19333,0,137,2,1.0,0,0.469,0
Bacteroides_clarus,0.04279,0.00874,0.09013,0.00333,1,18,0,0.43623,0,0.02077,1
Clostridium_leptum,0.04099,-0.11668,0.18308,0.63918,0,10,0,1.0,0,0.82904,0
Gemmiger_formicilis,0.03995,-0.12019,0.19492,0.61333,0,128,0,1.0,0,0.80346,0
Coprococcus_comes,0.03887,-0.06071,0.14829,0.53333,0,137,0,1.0,0,0.75125,0
Dialister_invisus,0.03589,-0.16434,0.26877,0.78,0,28,0,1.0,0,0.92054,0
Roseburia_sp_CAG_182,0.0358,-0.04244,0.1284,0.45614,0,34,0,1.0,0,0.70299,0
Brachyspira_sp_CAG_700,0.03419,0.02276,0.17208,0.00333,1,19,0,0.43623,0,0.02077,1
Eubacterium_rectale,0.03024,-0.07869,0.10788,0.54,0,144,0,1.0,0,0.75255,0
Phascolarctobacterium_faecium,0.02561,-0.14544,0.18547,0.83333,0,91,0,1.0,0,0.94109,0
Paraprevotella_xylaniphila,0.02399,-0.19554,0.25366,0.75333,0,19,0,1.0,0,0.89715,0
Roseburia_sp_CAG_471,0.01934,-0.09486,0.17567,0.90476,0,11,0,1.0,0,0.98071,0
Haemophilus_parainfluenzae,0.01833,0.01086,0.13788,0.00333,1,20,0,0.43623,0,0.02077,1
Lawsonibacter_asaccharolyticus,0.01756,0.0119,0.10404,0.00333,1,25,0,0.43623,0,0.02077,1
Dialister_succinatiphilus,0.01581,-0.21239,0.20929,0.82,0,16,0,1.0,0,0.94109,0
Bifidobacterium_longum,0.01434,-0.10536,0.12903,0.86,0,134,1,1.0,0,0.95475,0
Akkermansia_muciniphila,0.01261,-0.14327,0.16083,0.97333,0,96,0,1.0,0,1.0,0
Blautia_sp_CAG_257,0.01162,-0.18112,0.19024,0.93151,0,17,0,1.0,0,0.98602,0
Clostridium_sp_CAG_58,0.01147,-0.15503,0.1968,0.91333,0,25,0,1.0,0,0.98071,0
Clostridium_sp_CAG_253,0.01031,0.00729,0.07925,0.00333,1,32,0,0.43623,0,0.02077,1
Ruminococcus_callidus,0.00933,-0.13255,0.15156,0.96296,0,23,0,1.0,0,1.0,0
Streptococcus_thermophilus,0.00384,-0.11433,0.17847,0.98667,0,76,0,1.0,0,1.0,0
Streptococcus_parauberis,0.0,0.0,0.0,2.0,0,29,0,1.0,0,1.0,0
Tyzzerella_nexilis,0.0,0.0,0.0,2.0,0,29,0,1.0,0,1.0,0
Faecalitalea_cylindroides,0.0,0.0,0.0,2.0,0,34,0,1.0,0,1.0,0
Roseburia_sp_CAG_303,-0.00039,-0.05999,0.05649,0.9962,0,32,0,1.0,0,1.0,0
Veillonella_atypica,-0.00133,-0.00984,0.0,0.25,0,36,0,1.0,0,0.49362,0
Dorea_longicatena,-0.00391,-0.07857,0.07479,0.91333,0,150,0,1.0,0,0.98071,0
Bifidobacterium_catenulatum,-0.00433,-0.24745,0.19378,0.93333,0,19,0,1.0,0,0.98602,0
Olsenella_scatoligenes,-0.00604,-0.03117,0.0,0.70234,0,33,0,1.0,0,0.88157,0
Faecalibacterium_prausnitzii,-0.00954,-0.07421,0.06618,0.74667,0,153,0,1.0,0,0.89715,0
Bacteroides_thetaiotaomicron,-0.0114,-0.18691,0.16631,0.89333,0,94,0,1.0,0,0.98071,0
Eubacterium_sp_CAG_274,-0.01234,-0.19732,0.21283,0.85333,0,54,0,1.0,0,0.95475,0
Roseburia_faecis,-0.0184,-0.15337,0.10697,0.81333,0,127,0,1.0,0,0.94109,0
Veillonella_parvula,-0.01881,-0.11462,-0.01105,0.00333,1,20,2,0.43623,0,0.02077,1
Megamonas_hypermegale,-0.02385,-0.2071,0.15521,0.83333,0,27,0,1.0,0,0.94109,0
Bifidobacterium_angulatum,-0.03101,-0.15761,-0.01304,0.00333,1,11,0,0.43623,0,0.02077,1
Flavonifractor_plautii,-0.03545,-0.20106,0.16112,0.71333,0,88,0,1.0,0,0.88157,0
Megamonas_funiformis,-0.03565,-0.17341,0.08032,0.51064,0,15,0,1.0,0,0.75125,0
Bacteroides_vulgatus,-0.03675,-0.14799,0.05873,0.52,0,123,0,1.0,0,0.75125,0
Collinsella_intestinalis,-0.03835,-0.10215,0.0,0.1204,0,34,0,1.0,0,0.3505,0
Parabacteroides_distasonis,-0.04499,-0.16655,0.0809,0.58,0,117,1,1.0,0,0.7833,0
Bifidobacterium_pseudocatenulatum,-0.04511,-0.2603,0.19588,0.79333,0,49,0,1.0,0,0.92791,0
Clostridium_sp_CAG_242,-0.04769,-0.11748,0.0,0.19333,0,40,0,1.0,0,0.469,0
Ruminococcus_sp_CAG_330,-0.04925,-0.2363,0.15758,0.64883,0,23,0,1.0,0,0.8333,0
Bilophila_wadsworthia,-0.04938,-0.23192,0.13426,0.53333,0,70,0,1.0,0,0.75125,0
Bacteroides_coprocola,-0.05565,-0.19523,0.08481,0.44595,0,13,0,1.0,0,0.69547,0
Anaerotruncus_sp_CAG_528,-0.06274,-0.26423,0.12786,0.58,0,14,0,1.0,0,0.7833,0
Coprococcus_catus,-0.07131,-0.2744,0.1112,0.40667,0,98,0,1.0,0,0.68163,0
Ruminococcus_lactaris,-0.074,-0.27019,0.10972,0.53333,0,67,0,1.0,0,0.75125,0
Parabacteroides_johnsonii,-0.07826,-0.2174,0.00348,0.0604,0,34,0,1.0,0,0.21385,0
Proteobacteria_bacterium_CAG_139,-0.08256,-0.16013,4e-05,0.05333,0,75,0,1.0,0,0.19961,0
Ruminococcus_torques,-0.08652,-0.20773,0.03616,0.21333,0,121,0,1.0,0,0.49028,0
Desulfovibrio_piger,-0.08739,-0.26824,0.07573,0.24667,0,33,0,1.0,0,0.49362,0
Monoglobus_pectinilyticus,-0.10387,-0.25718,0.0608,0.23729,0,13,0,1.0,0,0.49362,0
Escherichia_coli,-0.11712,-0.31341,0.10005,0.42667,0,63,2,1.0,0,0.68163,0
Lactobacillus_ruminis,-0.12273,-0.29512,0.07922,0.26,0,22,0,1.0,0,0.49362,0
Acidaminococcus_intestini,-0.12516,-0.24011,0.0,0.72667,0,40,0,1.0,0,0.88966,0
Firmicutes_bacterium_CAG_83,-0.12639,-0.31678,0.07953,0.28667,0,55,0,1.0,0,0.52158,0
Prevotella_copri,-0.12881,-0.24305,-0.01328,0.03333,1,68,0,1.0,0,0.15056,0
Bacteroides_ovatus,-0.13762,-0.29115,0.03116,0.13333,0,108,1,1.0,0,0.36388,0
Megamonas_funiformis_CAG_377,-0.15284,-0.34263,0.0559,0.2,0,20,0,1.0,0,0.47636,0
Lachnospira_pectinoschiza,-0.17826,-0.34194,-0.01176,0.04667,1,73,0,1.0,0,0.19106,0
Bacteroides_fragilis,-0.25295,-0.42795,-0.07896,0.00667,1,78,0,0.8737699999999999,0,0.03495,1
