species,disease,causal_ace,causal_sig
Agathobaculum_butyriciproducens,rCDI,0.22177,1.0
Akkermansia_muciniphila,rCDI,0.01261,0.0
Anaerostipes_hadrus,rCDI,0.36766,1.0
Bacteroides_finegoldii,rCDI,0.08317,0.0
Bacteroides_massiliensis,rCDI,0.15209,0.0
Bacteroides_salyersiae,rCDI,0.05019,0.0
Bacteroides_stercoris,rCDI,0.108,0.0
Bacteroides_thetaiotaomicron,rCDI,-0.0114,0.0
Bacteroides_uniformis,rCDI,0.19747,1.0
Bacteroides_vulgatus,rCDI,-0.03675,0.0
Blautia_hydrogenotrophica,rCDI,,
Blautia_obeum,rCDI,0.19502,1.0
Blautia_sp_CAG_257,rCDI,0.01162,0.0
Blautia_wexlerae,rCDI,0.30042,1.0
Candidatus_Stoquefichus_sp_KLE1796,rCDI,0.08663,0.0
Clostridium_disporicum,rCDI,,
Clostridium_leptum,rCDI,0.04099,0.0
Clostridium_scindens,rCDI,,
Collinsella_aerofaciens,rCDI,0.04539,0.0
Collinsella_intestinalis,rCDI,-0.03835,0.0
Collinsella_stercoris,rCDI,,
Dorea_longicatena,rCDI,-0.00391,0.0
Eisenbergiella_massiliensis,rCDI,,
Erysipelatoclostridium_ramosum,rCDI,0.0678,0.0
Eubacterium_hallii,rCDI,0.16673,1.0
Eubacterium_siraeum,rCDI,0.24868,1.0
Faecalibacterium_prausnitzii,rCDI,-0.00954,0.0
Flavonifractor_plautii,rCDI,-0.03545,0.0
Fusicatenibacter_saccharivorans,rCDI,0.21079,1.0
Gemella_sanguinis,rCDI,,
Gemmiger_formicilis,rCDI,0.03995,0.0
Gordonibacter_pamelaeae,rCDI,0.12097,0.0
Intestinibacter_bartlettii,rCDI,0.05269,0.0
Monoglobus_pectinilyticus,rCDI,-0.10387,0.0
Parabacteroides_distasonis,rCDI,-0.04499,0.0
Roseburia_faecis,rCDI,-0.0184,0.0
Roseburia_intestinalis,rCDI,0.09353,0.0
Roseburia_inulinivorans,rCDI,0.21928,1.0
Ruminococcus_bromii,rCDI,0.08676,0.0
Ruminococcus_gnavus,rCDI,0.22891,1.0
Ruminococcus_torques,rCDI,-0.08652,0.0
Ruthenibacterium_lactatiformans,rCDI,0.08454,0.0
Sellimonas_intestinalis,rCDI,0.12096,0.0
Slackia_isoflavoniconvertens,rCDI,0.19049,0.0
Streptococcus_parasanguinis,rCDI,0.08463,0.0
Streptococcus_salivarius,rCDI,0.12367,0.0
Absiella_dolichum,rCDI,,
Actinomyces_sp_ICM47,rCDI,,
Adlercreutzia_equolifaciens,rCDI,0.10158,0.0
Asaccharobacter_celatus,rCDI,0.13857,0.0
Bifidobacterium_adolescentis,rCDI,0.05578,0.0
Bifidobacterium_longum,rCDI,0.01434,0.0
Bifidobacterium_pseudocatenulatum,rCDI,-0.04511,0.0
Blautia_hansenii,rCDI,0.06749,0.0
Clostridium_saccharolyticum,rCDI,,
Clostridium_sp_CAG_58,rCDI,0.01147,0.0
Clostridium_spiroforme,rCDI,0.1634,0.0
Clostridium_symbiosum,rCDI,,
Eggerthella_lenta,rCDI,0.35704,1.0
Escherichia_coli,rCDI,-0.11712,0.0
Eubacterium_dolichum_CAG_375,rCDI,,
Eubacterium_rectale,rCDI,0.03024,0.0
Eubacterium_sulci,rCDI,,
Hungatella_hathewayi,rCDI,,
Ruminococcus_lactaris,rCDI,-0.074,0.0
Streptococcus_thermophilus,rCDI,0.00384,0.0
Dorea_formicigenerans,rCDI,0.20746,1.0
Firmicutes_bacterium_CAG_424,rCDI,,
Propionibacterium_freudenreichii,rCDI,,
Turicibacter_sanguinis,rCDI,,
Alistipes_finegoldii,rCDI,0.15921,1.0
Alistipes_putredinis,rCDI,0.07038,0.0
Anaeromassilibacillus_sp_An250,rCDI,,
Bacteroides_dorei,rCDI,0.14553,0.0
Bacteroides_eggerthii,rCDI,0.2732,1.0
Barnesiella_intestinihominis,rCDI,0.33155,1.0
Clostridium_bolteae,rCDI,,
Coprobacillus_cateniformis,rCDI,,
Coprococcus_catus,rCDI,-0.07131,0.0
Coprococcus_comes,rCDI,0.03887,0.0
Desulfovibrio_piger,rCDI,-0.08739,0.0
Dorea_sp_CAG_317,rCDI,,
Eisenbergiella_tayi,rCDI,,
Eubacterium_ventriosum,rCDI,0.07247,0.0
Firmicutes_bacterium_CAG_83,rCDI,-0.12639,0.0
Methanobrevibacter_smithii,rCDI,0.05304,0.0
Roseburia_hominis,rCDI,0.14261,0.0
Ruminococcus_bicirculans,rCDI,0.10403,0.0
Bacteroides_caccae,rCDI,0.16787,0.0
Bacteroides_coprocola,rCDI,-0.05565,0.0
Eubacterium_ramulus,rCDI,0.36631,1.0
Faecalitalea_cylindroides,rCDI,0.0,0.0
Megasphaera_sp_MJR8396C,rCDI,,
Streptococcus_sp_F0442,rCDI,,
Eubacterium_sp_CAG_180,rCDI,0.06006,0.0
Firmicutes_bacterium_CAG_145,rCDI,,
Holdemania_filiformis,rCDI,,
Klebsiella_pneumoniae,rCDI,,
Ruminococcus_callidus,rCDI,0.00933,0.0
Acidaminococcus_intestini,rCDI,-0.12516,0.0
Bifidobacterium_breve,rCDI,,
Clostridium_innocuum,rCDI,,
Lactococcus_lactis,rCDI,,
Streptococcus_mutans,rCDI,,
Bacteroides_fragilis,rCDI,-0.25295,1.0
Bacteroides_ovatus,rCDI,-0.13762,0.0
Bifidobacterium_bifidum,rCDI,0.1592,0.0
Dialister_invisus,rCDI,0.03589,0.0
Eubacterium_eligens,rCDI,0.15343,0.0
Anaerofustis_stercorihominis,rCDI,,
Clostridiales_bacterium_CHKCI006,rCDI,,
Bacteroides_sp_CAG_530,rCDI,,
Bifidobacterium_angulatum,rCDI,-0.03101,1.0
Bifidobacterium_animalis,rCDI,,
Coprococcus_eutactus,rCDI,0.12307,0.0
Dialister_succinatiphilus,rCDI,0.01581,0.0
Eubacterium_sp_CAG_38,rCDI,0.09258,0.0
Firmicutes_bacterium_CAG_110,rCDI,0.10992,0.0
Lachnospira_pectinoschiza,rCDI,-0.17826,1.0
Lactobacillus_rogosae,rCDI,,
Lactobacillus_ruminis,rCDI,-0.12273,0.0
Megasphaera_elsdenii,rCDI,0.31221,1.0
Oscillibacter_sp_57_20,rCDI,0.29901,1.0
Oscillibacter_sp_CAG_241,rCDI,0.06981,0.0
Prevotella_copri,rCDI,-0.12881,1.0
Prevotella_sp_885,rCDI,,
Prevotella_sp_CAG_279,rCDI,0.10543,0.0
Prevotella_sp_CAG_520,rCDI,,
Roseburia_sp_CAG_471,rCDI,0.01934,0.0
Ruminococcus_sp_CAG_330,rCDI,-0.04925,0.0
Anaerotruncus_colihominis,rCDI,,
Bacteroides_xylanisolvens,rCDI,0.21463,1.0
Clostridium_lavalense,rCDI,,
Clostridium_sp_CAG_299,rCDI,,
Dielma_fastidiosa,rCDI,,
Intestinimonas_butyriciproducens,rCDI,,
Parasutterella_excrementihominis,rCDI,0.17896,0.0
Proteobacteria_bacterium_CAG_139,rCDI,-0.08256,0.0
Turicimonas_muris,rCDI,,
Alistipes_onderdonkii,rCDI,,
Anaerotignum_lactatifermentans,rCDI,,
Bacteroides_faecis,rCDI,0.16981,1.0
Coprobacter_fastidiosus,rCDI,,
Firmicutes_bacterium_CAG_94,rCDI,,
Lactobacillus_rhamnosus,rCDI,,
Lawsonibacter_asaccharolyticus,rCDI,0.01756,1.0
Parabacteroides_merdae,rCDI,0.0927,0.0
Alistipes_shahii,rCDI,0.3263,1.0
Butyricimonas_virosa,rCDI,,
Butyrivibrio_sp_CAG_318,rCDI,,
Firmicutes_bacterium_CAG_170,rCDI,,
Odoribacter_splanchnicus,rCDI,0.13157,0.0
Olsenella_scatoligenes,rCDI,-0.00604,0.0
Parabacteroides_goldsteinii,rCDI,,
Parabacteroides_johnsonii,rCDI,-0.07826,0.0
Ruminococcus_sp_CAG_563,rCDI,,
Sutterella_parvirubra,rCDI,,
Massiliomicrobiota_timonensis,rCDI,,
Roseburia_sp_CAG_182,rCDI,0.0358,0.0
Rhodococcus_erythropolis,rCDI,,
Alistipes_inops,rCDI,0.28778,1.0
Bacteroides_galacturonicus,rCDI,,
Bacteroides_pectinophilus,rCDI,,
Clostridium_sp_CAG_242,rCDI,-0.04769,0.0
Clostridium_sp_CAG_253,rCDI,0.01031,1.0
Phascolarctobacterium_faecium,rCDI,0.02561,0.0
Roseburia_sp_CAG_303,rCDI,-0.00039,0.0
Roseburia_sp_CAG_309,rCDI,,
Veillonella_parvula,rCDI,-0.01881,1.0
Haemophilus_parainfluenzae,rCDI,0.01833,1.0
Klebsiella_variicola,rCDI,,
Veillonella_dispar,rCDI,,
Enterobacter_cloacae_complex,rCDI,,
Agathobaculum_butyriciproducens,MetS,0.22177,1.0
Akkermansia_muciniphila,MetS,0.01261,0.0
Alistipes_putredinis,MetS,0.07038,0.0
Alistipes_shahii,MetS,0.3263,1.0
Anaerostipes_hadrus,MetS,0.36766,1.0
Anaerotruncus_sp_CAG_528,MetS,-0.06274,0.0
Bacteroides_cellulosilyticus,MetS,0.07076,0.0
Bacteroides_finegoldii,MetS,0.08317,0.0
Bacteroides_galacturonicus,MetS,,
Bacteroides_massiliensis,MetS,0.15209,0.0
Bacteroides_ovatus,MetS,-0.13762,0.0
Bacteroides_salyersiae,MetS,0.05019,0.0
Bacteroides_thetaiotaomicron,MetS,-0.0114,0.0
Bacteroides_uniformis,MetS,0.19747,1.0
Bacteroides_vulgatus,MetS,-0.03675,0.0
Barnesiella_intestinihominis,MetS,0.33155,1.0
Bifidobacterium_animalis,MetS,,
Bifidobacterium_longum,MetS,0.01434,0.0
Blautia_obeum,MetS,0.19502,1.0
Blautia_wexlerae,MetS,0.30042,1.0
Butyrivibrio_crossotus,MetS,,
Clostridium_sp_CAG_411,MetS,,
Clostridium_sp_CAG_58,MetS,0.01147,0.0
Clostridium_sp_CAG_964,MetS,,
Collinsella_aerofaciens,MetS,0.04539,0.0
Coprococcus_comes,MetS,0.03887,0.0
Desulfovibrio_piger,MetS,-0.08739,0.0
Dorea_formicigenerans,MetS,0.20746,1.0
Dorea_longicatena,MetS,-0.00391,0.0
Eubacterium_eligens,MetS,0.15343,0.0
Eubacterium_hallii,MetS,0.16673,1.0
Eubacterium_ramulus,MetS,0.36631,1.0
Eubacterium_rectale,MetS,0.03024,0.0
Eubacterium_sp_CAG_38,MetS,0.09258,0.0
Faecalibacterium_prausnitzii,MetS,-0.00954,0.0
Flavonifractor_plautii,MetS,-0.03545,0.0
Fusicatenibacter_saccharivorans,MetS,0.21079,1.0
Gemmiger_formicilis,MetS,0.03995,0.0
Lachnospira_pectinoschiza,MetS,-0.17826,1.0
Odoribacter_splanchnicus,MetS,0.13157,0.0
Oscillibacter_sp_57_20,MetS,0.29901,1.0
Oscillibacter_sp_CAG_241,MetS,0.06981,0.0
Parabacteroides_distasonis,MetS,-0.04499,0.0
Parabacteroides_merdae,MetS,0.0927,0.0
Paraprevotella_clara,MetS,,
Paraprevotella_xylaniphila,MetS,0.02399,0.0
Parasutterella_excrementihominis,MetS,0.17896,0.0
Phascolarctobacterium_faecium,MetS,0.02561,0.0
Proteobacteria_bacterium_CAG_139,MetS,-0.08256,0.0
Roseburia_faecis,MetS,-0.0184,0.0
Roseburia_hominis,MetS,0.14261,0.0
Roseburia_intestinalis,MetS,0.09353,0.0
Roseburia_inulinivorans,MetS,0.21928,1.0
Roseburia_sp_CAG_303,MetS,-0.00039,0.0
Roseburia_sp_CAG_309,MetS,,
Ruminococcus_bicirculans,MetS,0.10403,0.0
Ruminococcus_lactaris,MetS,-0.074,0.0
Ruminococcus_sp_CAG_330,MetS,-0.04925,0.0
Streptococcus_salivarius,MetS,0.12367,0.0
Streptococcus_thermophilus,MetS,0.00384,0.0
Veillonella_atypica,MetS,-0.00133,0.0
Veillonella_dispar,MetS,,
Veillonella_infantium,MetS,,
Veillonella_parvula,MetS,-0.01881,1.0
Alistipes_finegoldii,MetS,0.15921,1.0
Alistipes_inops,MetS,0.28778,1.0
Bacteroides_dorei,MetS,0.14553,0.0
Bacteroides_eggerthii,MetS,0.2732,1.0
Bacteroides_fragilis,MetS,-0.25295,1.0
Bacteroides_sp_CAG_144,MetS,0.137,0.0
Bacteroides_sp_CAG_443,MetS,,
Bifidobacterium_adolescentis,MetS,0.05578,0.0
Bifidobacterium_bifidum,MetS,0.1592,0.0
Bifidobacterium_pseudocatenulatum,MetS,-0.04511,0.0
Catenibacterium_mitsuokai,MetS,,
Clostridium_leptum,MetS,0.04099,0.0
Coprococcus_catus,MetS,-0.07131,0.0
Dialister_succinatiphilus,MetS,0.01581,0.0
Eubacterium_siraeum,MetS,0.24868,1.0
Eubacterium_sp_CAG_251,MetS,0.07386,0.0
Eubacterium_sp_CAG_274,MetS,-0.01234,0.0
Faecalitalea_cylindroides,MetS,0.0,0.0
Firmicutes_bacterium_CAG_110,MetS,0.10992,0.0
Firmicutes_bacterium_CAG_238,MetS,,
Firmicutes_bacterium_CAG_83,MetS,-0.12639,0.0
Holdemanella_biformis,MetS,0.05126,0.0
Lawsonibacter_asaccharolyticus,MetS,0.01756,1.0
Methanobrevibacter_smithii,MetS,0.05304,0.0
Ruminococcus_bromii,MetS,0.08676,0.0
Ruminococcus_sp_CAG_403,MetS,,
Ruminococcus_torques,MetS,-0.08652,0.0
Ruthenibacterium_lactatiformans,MetS,0.08454,0.0
Acidaminococcus_intestini,MetS,-0.12516,0.0
Bacteroides_caccae,MetS,0.16787,0.0
Bacteroides_clarus,MetS,0.04279,1.0
Bacteroides_intestinalis,MetS,,
Clostridium_sp_CAG_167,MetS,,
Clostridium_sp_CAG_253,MetS,0.01031,1.0
Eubacterium_ventriosum,MetS,0.07247,0.0
Adlercreutzia_equolifaciens,MetS,0.10158,0.0
Asaccharobacter_celatus,MetS,0.13857,0.0
Bacteroides_plebeius,MetS,0.22808,1.0
Bacteroides_xylanisolvens,MetS,0.21463,1.0
Bilophila_wadsworthia,MetS,-0.04938,0.0
Blautia_hansenii,MetS,0.06749,0.0
Clostridium_sp_CAG_242,MetS,-0.04769,0.0
Collinsella_intestinalis,MetS,-0.03835,0.0
Coprococcus_eutactus,MetS,0.12307,0.0
Dialister_sp_CAG_357,MetS,0.09794,0.0
Eggerthella_lenta,MetS,0.35704,1.0
Escherichia_coli,MetS,-0.11712,0.0
Olsenella_scatoligenes,MetS,-0.00604,0.0
Ruminococcus_gnavus,MetS,0.22891,1.0
Sellimonas_intestinalis,MetS,0.12096,0.0
Streptococcus_parasanguinis,MetS,0.08463,0.0
Streptococcus_parauberis,MetS,0.0,0.0
Tyzzerella_nexilis,MetS,0.0,0.0
Bacteroides_nordii,MetS,,
Bacteroides_stercoris,MetS,0.108,0.0
Brachyspira_sp_CAG_700,MetS,0.03419,1.0
Clostridium_sp_CAG_413,MetS,,
Dialister_invisus,MetS,0.03589,0.0
Haemophilus_parainfluenzae,MetS,0.01833,1.0
Megamonas_funiformis_CAG_377,MetS,-0.15284,0.0
Megamonas_hypermegale,MetS,-0.02385,0.0
Parabacteroides_johnsonii,MetS,-0.07826,0.0
Prevotella_copri,MetS,-0.12881,1.0
Bacteroides_faecis,MetS,0.16981,1.0
Escherichia_marmotae,MetS,,
Eubacterium_sp_OM08_24,MetS,,
Lactobacillus_rogosae,MetS,,
Megamonas_funiformis,MetS,-0.03565,0.0
Ruminococcus_champanellensis,MetS,,
Ruminococcus_sp_CAG_624,MetS,,
Firmicutes_bacterium_CAG_95,MetS,,
Ruminococcaceae_bacterium_D16,MetS,,
Firmicutes_bacterium_CAG_170,MetS,,
Roseburia_sp_CAG_182,MetS,0.0358,0.0
Ruminococcus_sp_CAG_488,MetS,,
Clostridium_sp_CAG_590,MetS,,
Ruminococcus_callidus,MetS,0.00933,0.0
Lactobacillus_ruminis,MetS,-0.12273,0.0
Phascolarctobacterium_sp_CAG_266,MetS,0.06944,0.0
Alistipes_indistinctus,MetS,,
Anaerotruncus_colihominis,MetS,,
Eubacterium_sp_CAG_180,MetS,0.06006,0.0
Agathobaculum_butyriciproducens,MDR,0.22177,1.0
Anaerostipes_hadrus,MDR,0.36766,1.0
Bacteroides_dorei,MDR,0.14553,0.0
Bacteroides_fragilis,MDR,-0.25295,1.0
Bacteroides_uniformis,MDR,0.19747,1.0
Bifidobacterium_adolescentis,MDR,0.05578,0.0
Bifidobacterium_longum,MDR,0.01434,0.0
Bifidobacterium_pseudocatenulatum,MDR,-0.04511,0.0
Blautia_obeum,MDR,0.19502,1.0
Blautia_wexlerae,MDR,0.30042,1.0
Collinsella_aerofaciens,MDR,0.04539,0.0
Coprococcus_catus,MDR,-0.07131,0.0
Coprococcus_comes,MDR,0.03887,0.0
Coprococcus_eutactus,MDR,0.12307,0.0
Cutibacterium_acnes,MDR,,
Desulfovibrio_piger,MDR,-0.08739,0.0
Dorea_formicigenerans,MDR,0.20746,1.0
Dorea_longicatena,MDR,-0.00391,0.0
Escherichia_coli,MDR,-0.11712,0.0
Eubacterium_eligens,MDR,0.15343,0.0
Eubacterium_hallii,MDR,0.16673,1.0
Eubacterium_ramulus,MDR,0.36631,1.0
Eubacterium_rectale,MDR,0.03024,0.0
Eubacterium_sp_CAG_38,MDR,0.09258,0.0
Faecalibacterium_prausnitzii,MDR,-0.00954,0.0
Firmicutes_bacterium_CAG_110,MDR,0.10992,0.0
Fusicatenibacter_saccharivorans,MDR,0.21079,1.0
Gemmiger_formicilis,MDR,0.03995,0.0
Holdemanella_biformis,MDR,0.05126,0.0
Intestinibacter_bartlettii,MDR,0.05269,0.0
Lachnospira_pectinoschiza,MDR,-0.17826,1.0
Lactobacillus_rogosae,MDR,,
Lactobacillus_ruminis,MDR,-0.12273,0.0
Oscillibacter_sp_57_20,MDR,0.29901,1.0
Oscillibacter_sp_CAG_241,MDR,0.06981,0.0
Paraprevotella_xylaniphila,MDR,0.02399,0.0
Prevotella_copri,MDR,-0.12881,1.0
Roseburia_faecis,MDR,-0.0184,0.0
Roseburia_intestinalis,MDR,0.09353,0.0
Roseburia_inulinivorans,MDR,0.21928,1.0
Ruminococcus_bromii,MDR,0.08676,0.0
Ruminococcus_torques,MDR,-0.08652,0.0
Slackia_isoflavoniconvertens,MDR,0.19049,0.0
Alistipes_putredinis,MDR,0.07038,0.0
Bacteroides_coprocola,MDR,-0.05565,0.0
Catenibacterium_mitsuokai,MDR,,
Clostridium_sp_CAG_167,MDR,,
Dialister_sp_CAG_357,MDR,0.09794,0.0
Eubacterium_siraeum,MDR,0.24868,1.0
Eubacterium_sp_CAG_180,MDR,0.06006,0.0
Megasphaera_elsdenii,MDR,0.31221,1.0
Methanobrevibacter_smithii,MDR,0.05304,0.0
Parabacteroides_distasonis,MDR,-0.04499,0.0
Phascolarctobacterium_sp_CAG_266,MDR,0.06944,0.0
Roseburia_hominis,MDR,0.14261,0.0
Roseburia_sp_CAG_182,MDR,0.0358,0.0
Ruminococcus_callidus,MDR,0.00933,0.0
Ruminococcus_lactaris,MDR,-0.074,0.0
Odoribacter_splanchnicus,MDR,0.13157,0.0
Akkermansia_muciniphila,MDR,0.01261,0.0
Alistipes_finegoldii,MDR,0.15921,1.0
Alistipes_onderdonkii,MDR,,
Anaerococcus_nagyae,MDR,,
Anaerococcus_octavius,MDR,,
Bacteroides_caccae,MDR,0.16787,0.0
Bacteroides_thetaiotaomicron,MDR,-0.0114,0.0
Bacteroides_vulgatus,MDR,-0.03675,0.0
Barnesiella_intestinihominis,MDR,0.33155,1.0
Bifidobacterium_bifidum,MDR,0.1592,0.0
Clostridium_innocuum,MDR,,
Cutibacterium_avidum,MDR,,
Cutibacterium_granulosum,MDR,,
Dialister_invisus,MDR,0.03589,0.0
Dolosigranulum_pigrum,MDR,,
Hungatella_hathewayi,MDR,,
Malassezia_restricta,MDR,,
Methanosphaera_stadtmanae,MDR,,
Parabacteroides_goldsteinii,MDR,,
Parvimonas_micra,MDR,,
Propionibacterium_namnetense,MDR,,
Ruminococcus_bicirculans,MDR,0.10403,0.0
Ruthenibacterium_lactatiformans,MDR,0.08454,0.0
Sphingomonas_melonis,MDR,,
Staphylococcus_capitis,MDR,,
Staphylococcus_epidermidis,MDR,,
Staphylococcus_warneri,MDR,,
Anaerotruncus_sp_CAG_528,MDR,-0.06274,0.0
Asaccharobacter_celatus,MDR,0.13857,0.0
Bacteroides_cellulosilyticus,MDR,0.07076,0.0
Bacteroides_eggerthii,MDR,0.2732,1.0
Bacteroides_massiliensis,MDR,0.15209,0.0
Bacteroides_salyersiae,MDR,0.05019,0.0
Bifidobacterium_catenulatum,MDR,-0.00433,0.0
Desulfovibrionaceae_bacterium,MDR,,
Parabacteroides_merdae,MDR,0.0927,0.0
Parasutterella_excrementihominis,MDR,0.17896,0.0
Prevotella_sp_CAG_279,MDR,0.10543,0.0
Roseburia_sp_CAG_303,MDR,-0.00039,0.0
Roseburia_sp_CAG_471,MDR,0.01934,0.0
Ruminococcus_champanellensis,MDR,,
Clostridium_sp_CAG_242,MDR,-0.04769,0.0
Intestinimonas_butyriciproducens,MDR,,
Oxalobacter_formigenes,MDR,,
Phascolarctobacterium_faecium,MDR,0.02561,0.0
Bacteroides_ovatus,MDR,-0.13762,0.0
Bacteroides_plebeius,MDR,0.22808,1.0
Bacteroides_stercoris,MDR,0.108,0.0
Bifidobacterium_breve,MDR,,
Mitsuokella_multacida,MDR,,
Olsenella_scatoligenes,MDR,-0.00604,0.0
Ruminococcus_sp_CAG_330,MDR,-0.04925,0.0
Streptococcus_salivarius,MDR,0.12367,0.0
Adlercreutzia_equolifaciens,MDR,0.10158,0.0
Bacteroides_clarus,MDR,0.04279,1.0
Eubacterium_sp_CAG_274,MDR,-0.01234,0.0
Flavonifractor_plautii,MDR,-0.03545,0.0
Megasphaera_sp_DISK_18,MDR,,
Mitsuokella_jalaludinii,MDR,,
Ruminococcus_gnavus,MDR,0.22891,1.0
Sellimonas_intestinalis,MDR,0.12096,0.0
Anaeromassilibacillus_sp_An250,MDR,,
Firmicutes_bacterium_CAG_94,MDR,,
Parabacteroides_johnsonii,MDR,-0.07826,0.0
Streptococcus_thermophilus,MDR,0.00384,0.0
Bacteroides_sp_CAG_144,MDR,0.137,0.0
Bacteroides_xylanisolvens,MDR,0.21463,1.0
Brachyspira_sp_CAG_700,MDR,0.03419,1.0
Eubacterium_ventriosum,MDR,0.07247,0.0
Lactococcus_lactis,MDR,,
Lawsonibacter_asaccharolyticus,MDR,0.01756,1.0
Streptococcus_parasanguinis,MDR,0.08463,0.0
Bacteroides_intestinalis,MDR,,
Haemophilus_parainfluenzae,MDR,0.01833,1.0
Alistipes_shahii,MDR,0.3263,1.0
Bacteroides_coprophilus,MDR,,
Firmicutes_bacterium_CAG_83,MDR,-0.12639,0.0
Prevotella_sp_CAG_1124,MDR,,
Propionibacterium_freudenreichii,MDR,,
Ruminococcus_sp_CAG_403,MDR,,
Butyrivibrio_crossotus,MDR,,
Clostridium_sp_CAG_413,MDR,,
Clostridium_sp_CAG_590,MDR,,
Clostridium_sp_CAG_632,MDR,,
Eubacterium_sp_CAG_251,MDR,0.07386,0.0
Firmicutes_bacterium_CAG_238,MDR,,
Hafnia_alvei,MDR,,
Prevotella_sp_CAG_1092,MDR,,
Prevotella_sp_CAG_5226,MDR,,
Prevotella_stercorea,MDR,,
Ruminococcus_sp_CAG_563,MDR,,
Bacteroides_finegoldii,MDR,0.08317,0.0
Alistipes_indistinctus,MDR,,
Bacteroides_pectinophilus,MDR,,
Blastocystis_sp_subtype_1,MDR,,
Megamonas_funiformis,MDR,-0.03565,0.0
Prevotella_sp_AM42_24,MDR,,
Bifidobacterium_angulatum,MDR,-0.03101,1.0
Dialister_succinatiphilus,MDR,0.01581,0.0
Lactobacillus_delbrueckii,MDR,,
Acidaminococcus_intestini,ICI,-0.12516,0.0
Agathobaculum_butyriciproducens,ICI,0.22177,1.0
Alistipes_putredinis,ICI,0.07038,0.0
Anaerostipes_hadrus,ICI,0.36766,1.0
Anaerotruncus_sp_CAG_528,ICI,-0.06274,0.0
Bacteroides_vulgatus,ICI,-0.03675,0.0
Bifidobacterium_adolescentis,ICI,0.05578,0.0
Bifidobacterium_longum,ICI,0.01434,0.0
Blautia_sp_CAG_257,ICI,0.01162,0.0
Blautia_wexlerae,ICI,0.30042,1.0
Citrobacter_braakii,ICI,,
Clostridium_innocuum,ICI,,
Collinsella_aerofaciens,ICI,0.04539,0.0
Dialister_sp_CAG_357,ICI,0.09794,0.0
Dorea_formicigenerans,ICI,0.20746,1.0
Dorea_longicatena,ICI,-0.00391,0.0
Eggerthella_lenta,ICI,0.35704,1.0
Erysipelatoclostridium_ramosum,ICI,0.0678,0.0
Escherichia_coli,ICI,-0.11712,0.0
Eubacterium_eligens,ICI,0.15343,0.0
Eubacterium_hallii,ICI,0.16673,1.0
Eubacterium_ramulus,ICI,0.36631,1.0
Eubacterium_rectale,ICI,0.03024,0.0
Eubacterium_sp_CAG_38,ICI,0.09258,0.0
Eubacterium_ventriosum,ICI,0.07247,0.0
Faecalibacterium_prausnitzii,ICI,-0.00954,0.0
Flavonifractor_plautii,ICI,-0.03545,0.0
Fusicatenibacter_saccharivorans,ICI,0.21079,1.0
Gemmiger_formicilis,ICI,0.03995,0.0
Gordonibacter_pamelaeae,ICI,0.12097,0.0
Lachnospira_pectinoschiza,ICI,-0.17826,1.0
Lactobacillus_ruminis,ICI,-0.12273,0.0
Lactococcus_lactis,ICI,,
Megamonas_funiformis,ICI,-0.03565,0.0
Megamonas_hypermegale,ICI,-0.02385,0.0
Phascolarctobacterium_faecium,ICI,0.02561,0.0
Prevotella_copri,ICI,-0.12881,1.0
Roseburia_faecis,ICI,-0.0184,0.0
Roseburia_intestinalis,ICI,0.09353,0.0
Roseburia_inulinivorans,ICI,0.21928,1.0
Ruminococcus_gnavus,ICI,0.22891,1.0
Ruthenibacterium_lactatiformans,ICI,0.08454,0.0
Streptococcus_downei,ICI,,
Streptococcus_thermophilus,ICI,0.00384,0.0
Alistipes_indistinctus,ICI,,
Alistipes_inops,ICI,0.28778,1.0
Alistipes_shahii,ICI,0.3263,1.0
Bacteroides_clarus,ICI,0.04279,1.0
Bacteroides_dorei,ICI,0.14553,0.0
Bacteroides_ovatus,ICI,-0.13762,0.0
Bacteroides_salyersiae,ICI,0.05019,0.0
Bacteroides_stercoris,ICI,0.108,0.0
Bacteroides_uniformis,ICI,0.19747,1.0
Barnesiella_intestinihominis,ICI,0.33155,1.0
Bifidobacterium_pseudocatenulatum,ICI,-0.04511,0.0
Blautia_obeum,ICI,0.19502,1.0
Clostridium_sp_CAG_253,ICI,0.01031,1.0
Coprococcus_catus,ICI,-0.07131,0.0
Coprococcus_comes,ICI,0.03887,0.0
Coprococcus_eutactus,ICI,0.12307,0.0
Dialister_succinatiphilus,ICI,0.01581,0.0
Eubacterium_sp_CAG_180,ICI,0.06006,0.0
Firmicutes_bacterium_CAG_95,ICI,,
Odoribacter_splanchnicus,ICI,0.13157,0.0
Oscillibacter_sp_57_20,ICI,0.29901,1.0
Oscillibacter_sp_CAG_241,ICI,0.06981,0.0
Parabacteroides_distasonis,ICI,-0.04499,0.0
Parabacteroides_johnsonii,ICI,-0.07826,0.0
Parabacteroides_merdae,ICI,0.0927,0.0
Paraprevotella_xylaniphila,ICI,0.02399,0.0
Roseburia_hominis,ICI,0.14261,0.0
Ruminococcus_bicirculans,ICI,0.10403,0.0
Ruminococcus_bromii,ICI,0.08676,0.0
Ruminococcus_lactaris,ICI,-0.074,0.0
Ruminococcus_torques,ICI,-0.08652,0.0
Slackia_isoflavoniconvertens,ICI,0.19049,0.0
Akkermansia_muciniphila,ICI,0.01261,0.0
Alistipes_finegoldii,ICI,0.15921,1.0
Alistipes_onderdonkii,ICI,,
Bacteroides_caccae,ICI,0.16787,0.0
Bacteroides_fragilis,ICI,-0.25295,1.0
Blautia_hansenii,ICI,0.06749,0.0
Blautia_hydrogenotrophica,ICI,,
Blautia_sp_N6H1_15,ICI,,
Clostridium_bolteae,ICI,,
Clostridium_clostridioforme,ICI,,
Clostridium_saccharolyticum,ICI,,
Clostridium_sp_CAG_58,ICI,0.01147,0.0
Clostridium_symbiosum,ICI,,
Collinsella_intestinalis,ICI,-0.03835,0.0
Collinsella_stercoris,ICI,,
Dorea_sp_CAG_317,ICI,,
Eisenbergiella_massiliensis,ICI,,
Firmicutes_bacterium_CAG_145,ICI,,
Harryflintia_acetispora,ICI,,
Klebsiella_pneumoniae,ICI,,
Klebsiella_quasipneumoniae,ICI,,
Klebsiella_variicola,ICI,,
Monoglobus_pectinilyticus,ICI,-0.10387,0.0
Streptococcus_parasanguinis,ICI,0.08463,0.0
Bacteroides_cellulosilyticus,ICI,0.07076,0.0
Bacteroides_intestinalis,ICI,,
Bacteroides_massiliensis,ICI,0.15209,0.0
Bacteroides_plebeius,ICI,0.22808,1.0
Bacteroides_thetaiotaomicron,ICI,-0.0114,0.0
Bacteroides_xylanisolvens,ICI,0.21463,1.0
Bilophila_wadsworthia,ICI,-0.04938,0.0
Butyrivibrio_crossotus,ICI,,
Clostridium_sp_CAG_167,ICI,,
Dialister_invisus,ICI,0.03589,0.0
Firmicutes_bacterium_CAG_110,ICI,0.10992,0.0
Firmicutes_bacterium_CAG_83,ICI,-0.12639,0.0
Klebsiella_aerogenes,ICI,,
Parabacteroides_sp_CAG_409,ICI,,
Parasutterella_excrementihominis,ICI,0.17896,0.0
Roseburia_sp_CAG_309,ICI,,
Ruminococcaceae_bacterium_D5,ICI,,
Anaerotignum_lactatifermentans,ICI,,
Eubacterium_siraeum,ICI,0.24868,1.0
Lactobacillus_animalis,ICI,,
Proteobacteria_bacterium_CAG_139,ICI,-0.08256,0.0
Candidatus_Stoquefichus_sp_KLE1796,ICI,0.08663,0.0
Clostridium_leptum,ICI,0.04099,0.0
Clostridium_scindens,ICI,,
Intestinimonas_butyriciproducens,ICI,,
Turicimonas_muris,ICI,,
Clostridium_sp_CAG_242,ICI,-0.04769,0.0
Lawsonibacter_asaccharolyticus,ICI,0.01756,1.0
Eubacterium_sp_CAG_251,ICI,0.07386,0.0
Firmicutes_bacterium_CAG_94,ICI,,
Alistipes_sp_An31A,ICI,,
Bacteroides_faecis_CAG_32,ICI,,
Escherichia_albertii,ICI,,
Turicibacter_sanguinis,ICI,,
Prevotella_corporis,ICI,,
Roseburia_sp_CAG_182,ICI,0.0358,0.0
Streptococcus_lutetiensis,ICI,,
Haemophilus_parainfluenzae,ICI,0.01833,1.0
Adlercreutzia_equolifaciens,IBD,0.10158,0.0
Agathobaculum_butyriciproducens,IBD,0.22177,1.0
Alistipes_finegoldii,IBD,0.15921,1.0
Alistipes_putredinis,IBD,0.07038,0.0
Anaerostipes_hadrus,IBD,0.36766,1.0
Asaccharobacter_celatus,IBD,0.13857,0.0
Bacteroides_caccae,IBD,0.16787,0.0
Bacteroides_cellulosilyticus,IBD,0.07076,0.0
Bacteroides_coprocola,IBD,-0.05565,0.0
Bacteroides_dorei,IBD,0.14553,0.0
Bacteroides_finegoldii,IBD,0.08317,0.0
Bacteroides_massiliensis,IBD,0.15209,0.0
Bacteroides_stercoris,IBD,0.108,0.0
Bacteroides_thetaiotaomicron,IBD,-0.0114,0.0
Bacteroides_uniformis,IBD,0.19747,1.0
Bacteroides_vulgatus,IBD,-0.03675,0.0
Bacteroides_xylanisolvens,IBD,0.21463,1.0
Bifidobacterium_adolescentis,IBD,0.05578,0.0
Bifidobacterium_catenulatum,IBD,-0.00433,0.0
Bifidobacterium_longum,IBD,0.01434,0.0
Bilophila_wadsworthia,IBD,-0.04938,0.0
Blautia_obeum,IBD,0.19502,1.0
Blautia_wexlerae,IBD,0.30042,1.0
Clostridium_sp_CAG_253,IBD,0.01031,1.0
Clostridium_sp_CAG_58,IBD,0.01147,0.0
Collinsella_aerofaciens,IBD,0.04539,0.0
Coprococcus_catus,IBD,-0.07131,0.0
Coprococcus_comes,IBD,0.03887,0.0
Dorea_formicigenerans,IBD,0.20746,1.0
Dorea_longicatena,IBD,-0.00391,0.0
Eubacterium_hallii,IBD,0.16673,1.0
Eubacterium_ramulus,IBD,0.36631,1.0
Eubacterium_rectale,IBD,0.03024,0.0
Eubacterium_sp_CAG_274,IBD,-0.01234,0.0
Eubacterium_sp_CAG_38,IBD,0.09258,0.0
Faecalibacterium_prausnitzii,IBD,-0.00954,0.0
Firmicutes_bacterium_CAG_83,IBD,-0.12639,0.0
Flavonifractor_plautii,IBD,-0.03545,0.0
Fusicatenibacter_saccharivorans,IBD,0.21079,1.0
Gemmiger_formicilis,IBD,0.03995,0.0
Holdemanella_biformis,IBD,0.05126,0.0
Lachnospira_pectinoschiza,IBD,-0.17826,1.0
Megamonas_hypermegale,IBD,-0.02385,0.0
Odoribacter_splanchnicus,IBD,0.13157,0.0
Parabacteroides_distasonis,IBD,-0.04499,0.0
Phascolarctobacterium_faecium,IBD,0.02561,0.0
Roseburia_faecis,IBD,-0.0184,0.0
Roseburia_intestinalis,IBD,0.09353,0.0
Roseburia_inulinivorans,IBD,0.21928,1.0
Ruminococcus_lactaris,IBD,-0.074,0.0
Ruminococcus_torques,IBD,-0.08652,0.0
Slackia_isoflavoniconvertens,IBD,0.19049,0.0
Streptococcus_salivarius,IBD,0.12367,0.0
Akkermansia_muciniphila,IBD,0.01261,0.0
Bacteroides_ovatus,IBD,-0.13762,0.0
Bacteroides_plebeius,IBD,0.22808,1.0
Barnesiella_intestinihominis,IBD,0.33155,1.0
Bifidobacterium_bifidum,IBD,0.1592,0.0
Blastocystis_sp_subtype_1,IBD,,
Brachyspira_sp_CAG_700,IBD,0.03419,1.0
Dialister_sp_CAG_357,IBD,0.09794,0.0
Eubacterium_eligens,IBD,0.15343,0.0
Eubacterium_ventriosum,IBD,0.07247,0.0
Firmicutes_bacterium_CAG_110,IBD,0.10992,0.0
Methanobrevibacter_smithii,IBD,0.05304,0.0
Oscillibacter_sp_57_20,IBD,0.29901,1.0
Oscillibacter_sp_CAG_241,IBD,0.06981,0.0
Phascolarctobacterium_sp_CAG_266,IBD,0.06944,0.0
Prevotella_sp_CAG_1185,IBD,,
Roseburia_hominis,IBD,0.14261,0.0
Ruminococcus_bicirculans,IBD,0.10403,0.0
Ruminococcus_bromii,IBD,0.08676,0.0
Ruminococcus_sp_CAG_330,IBD,-0.04925,0.0
Streptococcus_thermophilus,IBD,0.00384,0.0
Blautia_hydrogenotrophica,IBD,,
Clostridium_bolteae,IBD,,
Clostridium_bolteae_CAG_59,IBD,,
Clostridium_innocuum,IBD,,
Clostridium_leptum,IBD,0.04099,0.0
Eggerthella_lenta,IBD,0.35704,1.0
Gordonibacter_pamelaeae,IBD,0.12097,0.0
Sellimonas_intestinalis,IBD,0.12096,0.0
Bifidobacterium_pseudocatenulatum,IBD,-0.04511,0.0
Coprococcus_eutactus,IBD,0.12307,0.0
Dialister_invisus,IBD,0.03589,0.0
Eubacterium_sp_CAG_251,IBD,0.07386,0.0
Prevotella_copri,IBD,-0.12881,1.0
Alistipes_shahii,IBD,0.3263,1.0
Intestinibacter_bartlettii,IBD,0.05269,0.0
Parabacteroides_merdae,IBD,0.0927,0.0
Streptococcus_parasanguinis,IBD,0.08463,0.0
Veillonella_parvula,IBD,-0.01881,1.0
Bacteroides_fragilis,IBD,-0.25295,1.0
Butyricimonas_virosa,IBD,,
Collinsella_intestinalis,IBD,-0.03835,0.0
Coprobacter_fastidiosus,IBD,,
Ruminococcus_callidus,IBD,0.00933,0.0
Agathobaculum_butyriciproducens,IBD,0.12483,1.0
Alistipes_finegoldii,IBD,0.22177,0.0
Alistipes_putredinis,IBD,0.27605,1.0
Anaerostipes_hadrus,IBD,0.02109,1.0
Bacteroides_cellulosilyticus,IBD,0.07683,0.0
Bacteroides_dorei,IBD,0.22249,1.0
Bacteroides_thetaiotaomicron,IBD,0.10749,0.0
Bacteroides_uniformis,IBD,0.18457,1.0
Bifidobacterium_longum,IBD,0.0232,1.0
Blautia_obeum,IBD,0.07465,1.0
Blautia_wexlerae,IBD,0.22541,1.0
Collinsella_aerofaciens,IBD,0.02621,1.0
Coprococcus_catus,IBD,0.10577,0.0
Coprococcus_comes,IBD,0.01811,1.0
Dorea_formicigenerans,IBD,0.0267,1.0
Eubacterium_eligens,IBD,0.26004,1.0
Eubacterium_hallii,IBD,0.01811,1.0
Eubacterium_ramulus,IBD,0.0,0.0
Eubacterium_rectale,IBD,-0.04728,0.0
Eubacterium_siraeum,IBD,0.24868,1.0
Fusicatenibacter_saccharivorans,IBD,0.13615,0.0
Gemmiger_formicilis,IBD,0.26016,1.0
Propionibacterium_freudenreichii,IBD,,
Roseburia_inulinivorans,IBD,0.04042,0.0
Roseburia_sp_CAG_182,IBD,0.0358,0.0
Ruminococcus_torques,IBD,0.10467,0.0
Ruthenibacterium_lactatiformans,IBD,0.08454,0.0
Streptococcus_salivarius,IBD,-0.0768,0.0
Alistipes_inops,IBD,0.28778,1.0
Anaerotignum_lactatifermentans,IBD,,
Bacteroides_caccae,IBD,0.13236,0.0
Bacteroides_eggerthii,IBD,0.2732,1.0
Bacteroides_faecis,IBD,0.16981,1.0
Bacteroides_fluxus,IBD,,
Bacteroides_salyersiae,IBD,0.05019,0.0
Bacteroides_vulgatus,IBD,0.08121,1.0
Barnesiella_intestinihominis,IBD,0.27363,1.0
Bifidobacterium_adolescentis,IBD,0.02665,1.0
Blautia_sp_CAG_257,IBD,0.01162,0.0
Catenibacterium_mitsuokai,IBD,,
Clostridium_sp_CAG_167,IBD,,
Escherichia_coli,IBD,-0.11712,0.0
Lawsonibacter_asaccharolyticus,IBD,0.01756,1.0
Odoribacter_splanchnicus,IBD,0.0,0.0
Parabacteroides_distasonis,IBD,0.09061,0.0
Parabacteroides_merdae,IBD,0.1703,1.0
Paraprevotella_xylaniphila,IBD,0.02399,0.0
Phascolarctobacterium_succinatutens,IBD,,
Roseburia_faecis,IBD,0.07068,0.0
Roseburia_intestinalis,IBD,0.08206,0.0
Ruminococcus_gnavus,IBD,0.22891,1.0
Ruminococcus_lactaris,IBD,-0.14919,0.0
Bacteroides_faecis_CAG_32,IBD,,
Enterococcus_faecalis,IBD,,
Firmicutes_bacterium_CAG_145,IBD,,
Ruminococcus_bicirculans,IBD,-0.06659,0.0
Ruminococcus_sp_CAG_403,IBD,,
Clostridium_spiroforme,IBD,0.1634,0.0
Lactococcus_lactis,IBD,,
Actinomyces_graevenitzii,IBD,,
Actinomyces_sp_ICM47,IBD,,
Clostridium_celatum,IBD,,
Clostridium_disporicum,IBD,,
Dorea_sp_CAG_317,IBD,,
Eubacterium_ventriosum,IBD,0.04124,0.0
Bacteroides_ovatus,IBD,0.26001,1.0
Megamonas_funiformis,IBD,-0.03565,0.0
Megamonas_funiformis_CAG_377,IBD,-0.15284,0.0
Prevotella_sp_CAG_891,IBD,,
Eubacterium_sp_CAG_180,IBD,0.06006,0.0
Monoglobus_pectinilyticus,IBD,-0.10387,0.0
Enterococcus_faecium,IBD,,
Hafnia_alvei,IBD,,
Methanosphaera_stadtmanae,IBD,,
Corynebacterium_variabile,IBD,,
Haemophilus_parainfluenzae,IBD,0.01833,1.0
Lactobacillus_delbrueckii,IBD,,
Lactobacillus_plantarum,IBD,,
Parasutterella_excrementihominis,IBD,0.17896,0.0
Roseburia_sp_CAG_303,IBD,-0.00039,0.0
Veillonella_dispar,IBD,,
Bacteroides_sp_CAG_144,IBD,0.137,0.0
Desulfovibrionaceae_bacterium,IBD,,
Proteobacteria_bacterium_CAG_139,IBD,-0.08256,0.0
Acidaminococcus_intestini,IBD,-0.12516,0.0
Bacteroides_clarus,IBD,0.04279,1.0
Butyricimonas_synergistica,IBD,,
Coprobacter_secundus,IBD,,
Bacteroides_nordii,IBD,,
Bacteroides_pectinophilus,IBD,,
Butyrivibrio_crossotus,IBD,,
Desulfovibrio_piger,IBD,-0.08739,0.0
Firmicutes_bacterium_CAG_95,IBD,,
Prevotella_sp_CAG_520,IBD,,
Prevotella_stercorea,IBD,,
Roseburia_sp_CAG_309,IBD,,
Ruminococcus_sp_CAG_563,IBD,,
Alistipes_onderdonkii,IBD,,
Veillonella_atypica,IBD,-0.00133,0.0
