species,disease,keystone_conflict_mean,niche_overlap_mean
Acidaminococcus_intestini,IBD,0.1875,0.2084857142857143
Acidaminococcus_intestini,rCDI,0.12162162162162163,0.23674358974358975
Acidaminococcus_intestini,MetS,0.15,0.17739999999999997
Acidaminococcus_intestini,MDR,0.0,0.0
Acidaminococcus_intestini,ICI,0.0,0.20482222222222224
Actinomyces_sp_ICM47,IBD,0.0,0.0
Actinomyces_sp_ICM47,rCDI,0.10638297872340426,0.19819199999999998
Actinomyces_sp_ICM47,MetS,0.11538461538461539,0.20973214285714284
Actinomyces_sp_ICM47,MDR,0.0,0.0
Actinomyces_sp_ICM47,ICI,0.0,0.0
Adlercreutzia_equolifaciens,IBD,0.16666666666666666,0.22231428571428574
Adlercreutzia_equolifaciens,rCDI,0.0,0.2674216216216216
Adlercreutzia_equolifaciens,MetS,0.13157894736842105,0.24627142857142856
Adlercreutzia_equolifaciens,MDR,0.0625,0.26114000000000004
Adlercreutzia_equolifaciens,ICI,0.03125,0.22725555555555557
Agathobaculum_butyriciproducens,IBD,0.1935483870967742,0.34010000000000007
Agathobaculum_butyriciproducens,rCDI,0.01098901098901099,0.3410882352941176
Agathobaculum_butyriciproducens,MetS,0.10714285714285714,0.2685366666666667
Agathobaculum_butyriciproducens,MDR,0.09090909090909091,0.24314999999999998
Agathobaculum_butyriciproducens,ICI,0.09090909090909091,0.33746774193548384
Akkermansia_muciniphila,IBD,0.12474747474747473,0.20902722222222223
Akkermansia_muciniphila,rCDI,0.02127659574468085,0.22576153846153849
Akkermansia_muciniphila,MetS,0.0,0.17975
Akkermansia_muciniphila,MDR,0.0,0.2349416666666667
Akkermansia_muciniphila,ICI,0.06666666666666667,0.22784782608695656
Alistipes_finegoldii,IBD,0.1111111111111111,0.22513571428571424
Alistipes_finegoldii,rCDI,0.012987012987012988,0.28714375000000003
Alistipes_finegoldii,MetS,0.1,0.2341875
Alistipes_finegoldii,MDR,0.08823529411764706,0.2301294117647059
Alistipes_finegoldii,ICI,0.06153846153846154,0.2959193548387096
Alistipes_indistinctus,IBD,0.0,0.18186666666666665
Alistipes_indistinctus,rCDI,0.0,0.0
Alistipes_indistinctus,MetS,0.0,0.0
Alistipes_indistinctus,MDR,0.1875,0.20303749999999998
Alistipes_indistinctus,ICI,0.0425531914893617,0.2904578947368421
Alistipes_inops,IBD,0.0,0.0
Alistipes_inops,rCDI,0.009708737864077669,0.3285255813953488
Alistipes_inops,MetS,0.0,0.0
Alistipes_inops,MDR,0.0,0.0
Alistipes_inops,ICI,0.0,0.0
Alistipes_onderdonkii,IBD,0.15656597573306372,0.24958971224853577
Alistipes_onderdonkii,rCDI,0.011235955056179775,0.332975
Alistipes_onderdonkii,MetS,0.15656597573306372,0.24958971224853577
Alistipes_onderdonkii,MDR,0.15656597573306372,0.24958971224853577
Alistipes_onderdonkii,ICI,0.15656597573306372,0.24958971224853577
Alistipes_putredinis,IBD,0.045454545454545456,0.3013954545454545
Alistipes_putredinis,rCDI,0.14298686037816474,0.2559885190918473
Alistipes_putredinis,MetS,0.06451612903225806,0.25044374999999997
Alistipes_putredinis,MDR,0.03125,0.23979333333333336
Alistipes_putredinis,ICI,0.05454545454545454,0.26595185185185183
Alistipes_shahii,IBD,0.0784313725490196,0.23712083333333334
Alistipes_shahii,rCDI,0.027777777777777776,0.23094
Alistipes_shahii,MetS,0.04878048780487805,0.3166117647058823
Alistipes_shahii,MDR,0.03571428571428571,0.26459333333333335
Alistipes_shahii,ICI,0.0,0.3083916666666666
Anaerostipes_hadrus,IBD,0.14285714285714285,0.3236157894736842
Anaerostipes_hadrus,rCDI,0.009708737864077669,0.386055
Anaerostipes_hadrus,MetS,0.08823529411764706,0.3073911764705882
Anaerostipes_hadrus,MDR,0.05263157894736842,0.28482631578947365
Anaerostipes_hadrus,ICI,0.08571428571428572,0.3248971428571429
Anaerotignum_lactatifermentans,IBD,0.0,0.0
Anaerotignum_lactatifermentans,rCDI,0.0,0.0
Anaerotignum_lactatifermentans,MetS,0.0,0.0
Anaerotignum_lactatifermentans,MDR,0.0,0.0
Anaerotignum_lactatifermentans,ICI,0.0,0.0
Anaerotruncus_colihominis,IBD,0.0,0.0
Anaerotruncus_colihominis,rCDI,0.0,0.0
Anaerotruncus_colihominis,MetS,0.0,0.205
Anaerotruncus_colihominis,MDR,0.16666666666666666,0.19317333333333334
Anaerotruncus_colihominis,ICI,0.061224489795918366,0.2370551724137931
Anaerotruncus_sp_CAG_528,IBD,0.0,0.0
Anaerotruncus_sp_CAG_528,rCDI,0.0,0.0
Anaerotruncus_sp_CAG_528,MetS,0.0,0.0
Anaerotruncus_sp_CAG_528,MDR,0.0,0.0
Anaerotruncus_sp_CAG_528,ICI,0.0,0.0
Asaccharobacter_celatus,IBD,0.1,0.21792777777777783
Asaccharobacter_celatus,rCDI,0.0,0.2670810810810811
Asaccharobacter_celatus,MetS,0.0,0.217575
Asaccharobacter_celatus,MDR,0.058823529411764705,0.27837
Asaccharobacter_celatus,ICI,0.06451612903225806,0.221575
Bacteroides_caccae,IBD,0.06060606060606061,0.26534615384615384
Bacteroides_caccae,rCDI,0.1138095238095238,0.25964595959595954
Bacteroides_caccae,MetS,0.08888888888888889,0.234672
Bacteroides_caccae,MDR,0.0,0.207525
Bacteroides_caccae,ICI,0.08333333333333333,0.29323333333333335
Bacteroides_cellulosilyticus,IBD,0.0,0.18695
Bacteroides_cellulosilyticus,rCDI,0.1114996114996115,0.22748373015873016
Bacteroides_cellulosilyticus,MetS,0.06666666666666667,0.17653000000000002
Bacteroides_cellulosilyticus,MDR,0.21428571428571427,0.22316249999999999
Bacteroides_cellulosilyticus,ICI,0.06153846153846154,0.2925885714285714
Bacteroides_clarus,IBD,0.0,0.0
Bacteroides_clarus,rCDI,0.0,0.0
Bacteroides_clarus,MetS,0.0,0.0
Bacteroides_clarus,MDR,0.0,0.17913333333333334
Bacteroides_clarus,ICI,0.0,0.0
Bacteroides_coprocola,IBD,0.0,0.23129999999999998
Bacteroides_coprocola,rCDI,0.0,0.0
Bacteroides_coprocola,MetS,0.0,0.0
Bacteroides_coprocola,MDR,0.0,0.0
Bacteroides_coprocola,ICI,0.0,0.0
Bacteroides_dorei,IBD,0.0,0.2349
Bacteroides_dorei,rCDI,0.06666666666666667,0.20062000000000002
Bacteroides_dorei,MetS,0.045454545454545456,0.1998875
Bacteroides_dorei,MDR,0.0,0.2004125
Bacteroides_dorei,ICI,0.08,0.24203043478260874
Bacteroides_eggerthii,IBD,0.125,0.17895
Bacteroides_eggerthii,rCDI,0.0,0.0
Bacteroides_eggerthii,MetS,0.0,0.16394999999999998
Bacteroides_eggerthii,MDR,0.14285714285714285,0.21725
Bacteroides_eggerthii,ICI,0.07692307692307693,0.26221538461538463
Bacteroides_faecis,IBD,0.23529411764705882,0.1870125
Bacteroides_faecis,rCDI,0.08838383838383838,0.20771153846153845
Bacteroides_faecis,MetS,0.05970149253731343,0.26628125
Bacteroides_faecis,MDR,0.08838383838383838,0.20771153846153845
Bacteroides_faecis,ICI,0.08695652173913043,0.253095652173913
Bacteroides_faecis_CAG_32,IBD,0.0,0.0
Bacteroides_faecis_CAG_32,rCDI,0.0,0.0
Bacteroides_faecis_CAG_32,MetS,0.0,0.0
Bacteroides_faecis_CAG_32,MDR,0.0,0.0
Bacteroides_faecis_CAG_32,ICI,0.0,0.0
Bacteroides_finegoldii,IBD,0.15,0.1925923076923077
Bacteroides_finegoldii,rCDI,0.0,0.0
Bacteroides_finegoldii,MetS,0.05263157894736842,0.26468888888888886
Bacteroides_finegoldii,MDR,0.0,0.2125
Bacteroides_finegoldii,ICI,0.04878048780487805,0.2107636363636364
Bacteroides_fragilis,IBD,0.0,0.1831
Bacteroides_fragilis,rCDI,0.009615384615384616,0.34783720930232553
Bacteroides_fragilis,MetS,0.25,0.183275
Bacteroides_fragilis,MDR,0.16666666666666666,0.21703750000000002
Bacteroides_fragilis,ICI,0.045454545454545456,0.24206538461538463
Bacteroides_galacturonicus,IBD,0.0,0.0
Bacteroides_galacturonicus,rCDI,0.0,0.0
Bacteroides_galacturonicus,MetS,0.0,0.0
Bacteroides_galacturonicus,MDR,0.0,0.0
Bacteroides_galacturonicus,ICI,0.0,0.0
Bacteroides_intestinalis,IBD,0.0,0.0
Bacteroides_intestinalis,rCDI,0.0,0.0
Bacteroides_intestinalis,MetS,0.0,0.16146666666666668
Bacteroides_intestinalis,MDR,0.2222222222222222,0.19096666666666665
Bacteroides_intestinalis,ICI,0.0,0.0
Bacteroides_massiliensis,IBD,0.125,0.22557857142857143
Bacteroides_massiliensis,rCDI,0.1226107226107226,0.22065337995337994
Bacteroides_massiliensis,MetS,0.0,0.19462307692307693
Bacteroides_massiliensis,MDR,0.058823529411764705,0.24328
Bacteroides_massiliensis,ICI,0.05084745762711865,0.24757931034482755
Bacteroides_nordii,IBD,0.0,0.0
Bacteroides_nordii,rCDI,0.0,0.0
Bacteroides_nordii,MetS,0.0,0.0
Bacteroides_nordii,MDR,0.0,0.0
Bacteroides_nordii,ICI,0.0,0.0
Bacteroides_ovatus,IBD,0.043478260869565216,0.24982500000000005
Bacteroides_ovatus,rCDI,0.014492753623188406,0.29913666666666666
Bacteroides_ovatus,MetS,0.05970149253731343,0.27190833333333336
Bacteroides_ovatus,MDR,0.18518518518518517,0.23107333333333333
Bacteroides_ovatus,ICI,0.05714285714285714,0.28496571428571427
Bacteroides_pectinophilus,IBD,0.0,0.0
Bacteroides_pectinophilus,rCDI,0.0,0.0
Bacteroides_pectinophilus,MetS,0.0,0.0
Bacteroides_pectinophilus,MDR,0.0,0.0
Bacteroides_pectinophilus,ICI,0.0,0.0
Bacteroides_plebeius,IBD,0.10256410256410256,0.25357
Bacteroides_plebeius,rCDI,0.0,0.0
Bacteroides_plebeius,MetS,0.0,0.16754999999999998
Bacteroides_plebeius,MDR,0.0,0.0
Bacteroides_plebeius,ICI,0.0,0.0
Bacteroides_salyersiae,IBD,0.17391304347826086,0.18484545454545456
Bacteroides_salyersiae,rCDI,0.0,0.0
Bacteroides_salyersiae,MetS,0.08,0.24538400000000002
Bacteroides_salyersiae,MDR,0.0,0.0
Bacteroides_salyersiae,ICI,0.0,0.19467777777777778
Bacteroides_sp_CAG_144,IBD,0.14285714285714285,0.24687499999999998
Bacteroides_sp_CAG_144,rCDI,0.0,0.0
Bacteroides_sp_CAG_144,MetS,0.0,0.0
Bacteroides_sp_CAG_144,MDR,0.0,0.0
Bacteroides_sp_CAG_144,ICI,0.0,0.0
Bacteroides_sp_CAG_530,IBD,0.0,0.0
Bacteroides_sp_CAG_530,rCDI,0.0,0.0
Bacteroides_sp_CAG_530,MetS,0.0,0.0
Bacteroides_sp_CAG_530,MDR,0.0,0.0
Bacteroides_sp_CAG_530,ICI,0.0,0.0
Bacteroides_stercoris,IBD,0.09375,0.25950625
Bacteroides_stercoris,rCDI,0.010869565217391304,0.29389268292682924
Bacteroides_stercoris,MetS,0.0784313725490196,0.25022903225806453
Bacteroides_stercoris,MDR,0.0,0.22758000000000003
Bacteroides_stercoris,ICI,0.05084745762711865,0.23764687499999998
Bacteroides_thetaiotaomicron,IBD,0.05555555555555555,0.2152272727272727
Bacteroides_thetaiotaomicron,rCDI,0.010416666666666666,0.3599405405405405
Bacteroides_thetaiotaomicron,MetS,0.0,0.23013636363636367
Bacteroides_thetaiotaomicron,MDR,0.04,0.25185
Bacteroides_thetaiotaomicron,ICI,0.056338028169014086,0.29516578947368416
Bacteroides_uniformis,IBD,0.08888888888888889,0.3006944444444445
Bacteroides_uniformis,rCDI,0.008695652173913044,0.34208297872340426
Bacteroides_uniformis,MetS,0.058823529411764705,0.2838612903225806
Bacteroides_uniformis,MDR,0.06451612903225806,0.26396666666666674
Bacteroides_uniformis,ICI,0.0547945205479452,0.32904864864864863
Bacteroides_vulgatus,IBD,0.1111111111111111,0.2803785714285714
Bacteroides_vulgatus,rCDI,0.0,0.23746666666666674
Bacteroides_vulgatus,MetS,0.06779661016949153,0.2543709677419355
Bacteroides_vulgatus,MDR,0.125,0.28573076923076923
Bacteroides_vulgatus,ICI,0.06153846153846154,0.29266129032258065
Bacteroides_xylanisolvens,IBD,0.1875,0.22044285714285713
Bacteroides_xylanisolvens,rCDI,0.02,0.27975
Bacteroides_xylanisolvens,MetS,0.1,0.20871818181818183
Bacteroides_xylanisolvens,MDR,0.25,0.19484
Bacteroides_xylanisolvens,ICI,0.07017543859649122,0.26228
Barnesiella_intestinihominis,IBD,0.08333333333333333,0.31007142857142855
Barnesiella_intestinihominis,rCDI,0.008695652173913044,0.3636023809523809
Barnesiella_intestinihominis,MetS,0.04878048780487805,0.30324000000000007
Barnesiella_intestinihominis,MDR,0.0,0.22016363636363637
Barnesiella_intestinihominis,ICI,0.06,0.2744409090909091
Bifidobacterium_adolescentis,IBD,0.047619047619047616,0.27486666666666665
Bifidobacterium_adolescentis,rCDI,0.1,0.25844374999999997
Bifidobacterium_adolescentis,MetS,0.0,0.23839999999999997
Bifidobacterium_adolescentis,MDR,0.03333333333333333,0.23923529411764707
Bifidobacterium_adolescentis,ICI,0.10416666666666667,0.261695652173913
Bifidobacterium_angulatum,IBD,0.0,0.0
Bifidobacterium_angulatum,rCDI,0.0,0.0
Bifidobacterium_angulatum,MetS,0.0,0.0
Bifidobacterium_angulatum,MDR,0.0,0.0
Bifidobacterium_angulatum,ICI,0.0,0.0
Bifidobacterium_animalis,IBD,0.0,0.0
Bifidobacterium_animalis,rCDI,0.0,0.0
Bifidobacterium_animalis,MetS,0.0,0.0
Bifidobacterium_animalis,MDR,0.0,0.0
Bifidobacterium_animalis,ICI,0.0,0.0
Bifidobacterium_bifidum,IBD,0.0,0.27136
Bifidobacterium_bifidum,rCDI,0.0,0.20400000000000001
Bifidobacterium_bifidum,MetS,0.0,0.1981888888888889
Bifidobacterium_bifidum,MDR,0.0,0.18878333333333333
Bifidobacterium_bifidum,ICI,0.16053921568627452,0.21590121212121213
Bifidobacterium_breve,IBD,0.0,0.0
Bifidobacterium_breve,rCDI,0.0,0.0
Bifidobacterium_breve,MetS,0.0,0.0
Bifidobacterium_breve,MDR,0.0,0.0
Bifidobacterium_breve,ICI,0.0,0.0
Bifidobacterium_catenulatum,IBD,0.0,0.0
Bifidobacterium_catenulatum,rCDI,0.0,0.0
Bifidobacterium_catenulatum,MetS,0.0,0.0
Bifidobacterium_catenulatum,MDR,0.0,0.0
Bifidobacterium_catenulatum,ICI,0.0,0.0
Bifidobacterium_longum,IBD,0.11320754716981132,0.26369166666666666
Bifidobacterium_longum,rCDI,0.07692307692307693,0.2559142857142857
Bifidobacterium_longum,MetS,0.11627906976744186,0.23819545454545452
Bifidobacterium_longum,MDR,0.058823529411764705,0.22234166666666666
Bifidobacterium_longum,ICI,0.08571428571428572,0.32816060606060604
Bifidobacterium_pseudocatenulatum,IBD,0.21739130434782608,0.1829769230769231
Bifidobacterium_pseudocatenulatum,rCDI,0.0,0.0
Bifidobacterium_pseudocatenulatum,MetS,0.0759493670886076,0.2710236842105263
Bifidobacterium_pseudocatenulatum,MDR,0.08333333333333333,0.22351666666666667
Bifidobacterium_pseudocatenulatum,ICI,0.044444444444444446,0.2539458333333333
Bilophila_wadsworthia,IBD,0.0,0.20459999999999998
Bilophila_wadsworthia,rCDI,0.07317073170731707,0.2046777777777778
Bilophila_wadsworthia,MetS,0.0,0.18945714285714285
Bilophila_wadsworthia,MDR,0.1,0.19769166666666668
Bilophila_wadsworthia,ICI,0.05555555555555555,0.3017692307692308
Blautia_hansenii,IBD,0.0,0.0
Blautia_hansenii,rCDI,0.0,0.0
Blautia_hansenii,MetS,0.0,0.0
Blautia_hansenii,MDR,0.0,0.0
Blautia_hansenii,ICI,0.0,0.0
Blautia_hydrogenotrophica,IBD,0.10526315789473684,0.2036846153846154
Blautia_hydrogenotrophica,rCDI,0.0,0.0
Blautia_hydrogenotrophica,MetS,0.16666666666666666,0.19788823529411764
Blautia_hydrogenotrophica,MDR,0.0,0.0
Blautia_hydrogenotrophica,ICI,0.06976744186046512,0.22148400000000001
Blautia_obeum,IBD,0.1111111111111111,0.2836
Blautia_obeum,rCDI,0.008849557522123894,0.33647916666666666
Blautia_obeum,MetS,0.0821917808219178,0.29569
Blautia_obeum,MDR,0.058823529411764705,0.27940625
Blautia_obeum,ICI,0.0967741935483871,0.29411785714285715
Blautia_sp_CAG_257,IBD,0.0,0.0
Blautia_sp_CAG_257,rCDI,0.06521739130434782,0.22440416666666665
Blautia_sp_CAG_257,MetS,0.14285714285714285,0.20803478260869565
Blautia_sp_CAG_257,MDR,0.10526315789473684,0.2590571428571429
Blautia_sp_CAG_257,ICI,0.04,0.2511178571428571
Blautia_wexlerae,IBD,0.13636363636363635,0.2778652173913044
Blautia_wexlerae,rCDI,0.013333333333333334,0.30252
Blautia_wexlerae,MetS,0.06666666666666667,0.3227
Blautia_wexlerae,MDR,0.0,0.25171
Blautia_wexlerae,ICI,0.0967741935483871,0.293503125
Brachyspira_sp_CAG_700,IBD,0.0,0.0
Brachyspira_sp_CAG_700,rCDI,0.0,0.0
Brachyspira_sp_CAG_700,MetS,0.0,0.0
Brachyspira_sp_CAG_700,MDR,0.0,0.0
Brachyspira_sp_CAG_700,ICI,0.0,0.0
Butyricimonas_virosa,IBD,0.1875,0.21685714285714283
Butyricimonas_virosa,rCDI,0.0,0.0
Butyricimonas_virosa,MetS,0.1,0.21229499999999998
Butyricimonas_virosa,MDR,0.16666666666666666,0.22353999999999996
Butyricimonas_virosa,ICI,0.08571428571428572,0.25555
Butyrivibrio_crossotus,IBD,0.0,0.0
Butyrivibrio_crossotus,rCDI,0.0,0.0
Butyrivibrio_crossotus,MetS,0.0,0.0
Butyrivibrio_crossotus,MDR,0.0,0.0
Butyrivibrio_crossotus,ICI,0.0,0.0
Butyrivibrio_sp_CAG_318,IBD,0.0,0.0
Butyrivibrio_sp_CAG_318,rCDI,0.0,0.0
Butyrivibrio_sp_CAG_318,MetS,0.0,0.0
Butyrivibrio_sp_CAG_318,MDR,0.0,0.0
Butyrivibrio_sp_CAG_318,ICI,0.0,0.0
Candidatus_Stoquefichus_sp_KLE1796,IBD,0.0,0.0
Candidatus_Stoquefichus_sp_KLE1796,rCDI,0.0,0.0
Candidatus_Stoquefichus_sp_KLE1796,MetS,0.0,0.0
Candidatus_Stoquefichus_sp_KLE1796,MDR,0.0,0.0
Candidatus_Stoquefichus_sp_KLE1796,ICI,0.0,0.0
Catenibacterium_mitsuokai,IBD,0.35714285714285715,0.22083333333333333
Catenibacterium_mitsuokai,rCDI,0.0,0.0
Catenibacterium_mitsuokai,MetS,0.0,0.24338333333333337
Catenibacterium_mitsuokai,MDR,0.0,0.0
Catenibacterium_mitsuokai,ICI,0.0,0.0
Citrobacter_braakii,IBD,0.0,0.0
Citrobacter_braakii,rCDI,0.0,0.0
Citrobacter_braakii,MetS,0.0,0.0
Citrobacter_braakii,MDR,0.0,0.0
Citrobacter_braakii,ICI,0.0,0.0
Clostridium_bolteae,IBD,0.09814425770308123,0.3033017565359477
Clostridium_bolteae,rCDI,0.14285714285714285,0.2118571428571428
Clostridium_bolteae,MetS,0.13513513513513514,0.21026666666666669
Clostridium_bolteae,MDR,0.1590909090909091,0.2722045454545454
Clostridium_bolteae,ICI,0.07894736842105263,0.21981904761904758
Clostridium_clostridioforme,IBD,0.13604108309990662,0.27915525252525253
Clostridium_clostridioforme,rCDI,0.1111111111111111,0.2094375
Clostridium_clostridioforme,MetS,0.13604108309990662,0.27915525252525253
Clostridium_clostridioforme,MDR,0.19444444444444445,0.22064499999999998
Clostridium_clostridioforme,ICI,0.07692307692307693,0.24945185185185187
Clostridium_disporicum,IBD,0.0,0.0
Clostridium_disporicum,rCDI,0.0,0.0
Clostridium_disporicum,MetS,0.0,0.0
Clostridium_disporicum,MDR,0.0,0.0
Clostridium_disporicum,ICI,0.0,0.0
Clostridium_innocuum,IBD,0.0,0.0
Clostridium_innocuum,rCDI,0.1232876712328767,0.25026470588235294
Clostridium_innocuum,MetS,0.12244897959183673,0.21023599999999998
Clostridium_innocuum,MDR,0.15217391304347827,0.296968
Clostridium_innocuum,ICI,0.0,0.21656363636363632
Clostridium_lavalense,IBD,0.0,0.0
Clostridium_lavalense,rCDI,0.11764705882352941,0.2032933333333333
Clostridium_lavalense,MetS,0.0,0.0
Clostridium_lavalense,MDR,0.0,0.0
Clostridium_lavalense,ICI,0.13043478260869565,0.18356666666666668
Clostridium_leptum,IBD,0.02664576802507837,0.21014984126984126
Clostridium_leptum,rCDI,0.0,0.22624000000000005
Clostridium_leptum,MetS,0.06521739130434782,0.240316
Clostridium_leptum,MDR,0.14814814814814814,0.23251538461538465
Clostridium_leptum,ICI,0.04878048780487805,0.2125590909090909
Clostridium_saccharolyticum,IBD,0.0,0.0
Clostridium_saccharolyticum,rCDI,0.0,0.0
Clostridium_saccharolyticum,MetS,0.0,0.0
Clostridium_saccharolyticum,MDR,0.0,0.0
Clostridium_saccharolyticum,ICI,0.0,0.0
Clostridium_scindens,IBD,0.0,0.0
Clostridium_scindens,rCDI,0.0,0.0
Clostridium_scindens,MetS,0.0,0.0
Clostridium_scindens,MDR,0.0,0.0
Clostridium_scindens,ICI,0.0,0.0
Clostridium_sp_CAG_167,IBD,0.0,0.0
Clostridium_sp_CAG_167,rCDI,0.0,0.0
Clostridium_sp_CAG_167,MetS,0.0,0.0
Clostridium_sp_CAG_167,MDR,0.0,0.0
Clostridium_sp_CAG_167,ICI,0.0,0.0
Clostridium_sp_CAG_242,IBD,0.0,0.0
Clostridium_sp_CAG_242,rCDI,0.0,0.0
Clostridium_sp_CAG_242,MetS,0.16216216216216217,0.2005764705882353
Clostridium_sp_CAG_242,MDR,0.0,0.0
Clostridium_sp_CAG_242,ICI,0.0,0.0
Clostridium_sp_CAG_253,IBD,0.0,0.0
Clostridium_sp_CAG_253,rCDI,0.0,0.0
Clostridium_sp_CAG_253,MetS,0.0,0.0
Clostridium_sp_CAG_253,MDR,0.0,0.0
Clostridium_sp_CAG_253,ICI,0.0,0.0
Clostridium_sp_CAG_299,IBD,0.0,0.0
Clostridium_sp_CAG_299,rCDI,0.0,0.0
Clostridium_sp_CAG_299,MetS,0.2,0.17423333333333332
Clostridium_sp_CAG_299,MDR,0.0,0.0
Clostridium_sp_CAG_299,ICI,0.06666666666666667,0.24597391304347827
Clostridium_sp_CAG_413,IBD,0.0,0.0
Clostridium_sp_CAG_413,rCDI,0.0,0.0
Clostridium_sp_CAG_413,MetS,0.0,0.0
Clostridium_sp_CAG_413,MDR,0.0,0.0
Clostridium_sp_CAG_413,ICI,0.0,0.0
Clostridium_sp_CAG_58,IBD,0.0,0.15895
Clostridium_sp_CAG_58,rCDI,0.011904761904761904,0.30805151515151513
Clostridium_sp_CAG_58,MetS,0.0,0.2251
Clostridium_sp_CAG_58,MDR,0.0,0.21630000000000002
Clostridium_sp_CAG_58,ICI,0.06896551724137931,0.29000000000000004
Clostridium_sp_CAG_590,IBD,0.0,0.0
Clostridium_sp_CAG_590,rCDI,0.0,0.0
Clostridium_sp_CAG_590,MetS,0.0,0.0
Clostridium_sp_CAG_590,MDR,0.0,0.0
Clostridium_sp_CAG_590,ICI,0.0,0.0
Clostridium_spiroforme,IBD,0.0,0.0
Clostridium_spiroforme,rCDI,0.034482758620689655,0.24305357142857145
Clostridium_spiroforme,MetS,0.0,0.0
Clostridium_spiroforme,MDR,0.0,0.0
Clostridium_spiroforme,ICI,0.0,0.0
Clostridium_symbiosum,IBD,0.09811912225705328,0.28709349376114085
Clostridium_symbiosum,rCDI,0.125,0.22399130434782608
Clostridium_symbiosum,MetS,0.0,0.17600000000000002
Clostridium_symbiosum,MDR,0.16216216216216217,0.2622222222222222
Clostridium_symbiosum,ICI,0.06666666666666667,0.2642419354838709
Collinsella_aerofaciens,IBD,0.0,0.2487272727272727
Collinsella_aerofaciens,rCDI,0.010309278350515464,0.34301025641025634
Collinsella_aerofaciens,MetS,0.07575757575757576,0.2998515151515152
Collinsella_aerofaciens,MDR,0.06382978723404255,0.2599791666666667
Collinsella_aerofaciens,ICI,0.09230769230769231,0.33646176470588235
Collinsella_intestinalis,IBD,0.0,0.0
Collinsella_intestinalis,rCDI,0.18421052631578946,0.18651176470588235
Collinsella_intestinalis,MetS,0.0967741935483871,0.2234290322580645
Collinsella_intestinalis,MDR,0.0,0.0
Collinsella_intestinalis,ICI,0.06382978723404255,0.2464826086956522
Coprobacter_fastidiosus,IBD,0.15384615384615385,0.18263333333333334
Coprobacter_fastidiosus,rCDI,0.0,0.0
Coprobacter_fastidiosus,MetS,0.09090909090909091,0.17748750000000002
Coprobacter_fastidiosus,MDR,0.20833333333333334,0.23012307692307696
Coprobacter_fastidiosus,ICI,0.029411764705882353,0.30598125
Coprobacter_secundus,IBD,0.0,0.0
Coprobacter_secundus,rCDI,0.0,0.0
Coprobacter_secundus,MetS,0.0,0.0
Coprobacter_secundus,MDR,0.0,0.0
Coprobacter_secundus,ICI,0.0,0.0
Coprococcus_catus,IBD,0.08333333333333333,0.2610733333333333
Coprococcus_catus,rCDI,0.0,0.20792631578947368
Coprococcus_catus,MetS,0.13157894736842105,0.3117444444444445
Coprococcus_catus,MDR,0.047619047619047616,0.2620772727272728
Coprococcus_catus,ICI,0.11320754716981132,0.293688
Coprococcus_comes,IBD,0.0,0.31379999999999997
Coprococcus_comes,rCDI,0.008928571428571428,0.37297872340425525
Coprococcus_comes,MetS,0.0,0.2558066666666667
Coprococcus_comes,MDR,0.075,0.2548421052631579
Coprococcus_comes,ICI,0.11320754716981132,0.23881923076923073
Coprococcus_eutactus,IBD,0.0,0.0
Coprococcus_eutactus,rCDI,0.0,0.0
Coprococcus_eutactus,MetS,0.09090909090909091,0.22552727272727277
Coprococcus_eutactus,MDR,0.0,0.0
Coprococcus_eutactus,ICI,0.07547169811320754,0.309016
Cutibacterium_acnes,IBD,0.0,0.0
Cutibacterium_acnes,rCDI,0.0,0.0
Cutibacterium_acnes,MetS,0.0,0.0
Cutibacterium_acnes,MDR,0.0,0.0
Cutibacterium_acnes,ICI,0.0,0.0
Desulfovibrio_piger,IBD,0.0,0.0
Desulfovibrio_piger,rCDI,0.0,0.0
Desulfovibrio_piger,MetS,0.03333333333333333,0.20393125
Desulfovibrio_piger,MDR,0.0,0.19326000000000002
Desulfovibrio_piger,ICI,0.0,0.0
Dialister_invisus,IBD,0.24,0.19336153846153847
Dialister_invisus,rCDI,0.041666666666666664,0.20401111111111112
Dialister_invisus,MetS,0.029040404040404044,0.22482222222222226
Dialister_invisus,MDR,0.029040404040404044,0.22482222222222226
Dialister_invisus,ICI,0.029040404040404044,0.22482222222222226
Dialister_sp_CAG_357,IBD,0.0,0.0
Dialister_sp_CAG_357,rCDI,0.0,0.0
Dialister_sp_CAG_357,MetS,0.18181818181818182,0.20076666666666668
Dialister_sp_CAG_357,MDR,0.0,0.0
Dialister_sp_CAG_357,ICI,0.0,0.0
Dialister_succinatiphilus,IBD,0.0,0.0
Dialister_succinatiphilus,rCDI,0.0,0.0
Dialister_succinatiphilus,MetS,0.0,0.0
Dialister_succinatiphilus,MDR,0.0,0.0
Dialister_succinatiphilus,ICI,0.0,0.0
Dielma_fastidiosa,IBD,0.0,0.0
Dielma_fastidiosa,rCDI,0.13793103448275862,0.211475
Dielma_fastidiosa,MetS,0.0,0.0
Dielma_fastidiosa,MDR,0.0,0.0
Dielma_fastidiosa,ICI,0.11764705882352941,0.2096388888888889
Dorea_formicigenerans,IBD,0.15789473684210525,0.3531176470588235
Dorea_formicigenerans,rCDI,0.009345794392523364,0.35576428571428564
Dorea_formicigenerans,MetS,0.09090909090909091,0.3348400000000001
Dorea_formicigenerans,MDR,0.044444444444444446,0.2908380952380953
Dorea_formicigenerans,ICI,0.09230769230769231,0.355890625
Dorea_longicatena,IBD,0.12903225806451613,0.34304666666666667
Dorea_longicatena,rCDI,0.009009009009009009,0.31407659574468083
Dorea_longicatena,MetS,0.06451612903225806,0.26382105263157896
Dorea_longicatena,MDR,0.044444444444444446,0.32593809523809525
Dorea_longicatena,ICI,0.08571428571428572,0.34495263157894734
Dorea_sp_CAG_317,IBD,0.0,0.0
Dorea_sp_CAG_317,rCDI,0.0,0.0
Dorea_sp_CAG_317,MetS,0.0,0.0
Dorea_sp_CAG_317,MDR,0.0,0.0
Dorea_sp_CAG_317,ICI,0.057692307692307696,0.21702258064516128
Eggerthella_lenta,IBD,0.15384615384615385,0.22068260869565215
Eggerthella_lenta,rCDI,0.05172413793103448,0.28668846153846156
Eggerthella_lenta,MetS,0.08955223880597014,0.24046060606060607
Eggerthella_lenta,MDR,0.07692307692307693,0.29397727272727275
Eggerthella_lenta,ICI,0.02702702702702703,0.241095
Eisenbergiella_massiliensis,IBD,0.0,0.0
Eisenbergiella_massiliensis,rCDI,0.1875,0.17058
Eisenbergiella_massiliensis,MetS,0.0,0.0
Eisenbergiella_massiliensis,MDR,0.0,0.0
Eisenbergiella_massiliensis,ICI,0.0392156862745098,0.25287666666666664
Eisenbergiella_tayi,IBD,0.0,0.0
Eisenbergiella_tayi,rCDI,0.0,0.21328888888888892
Eisenbergiella_tayi,MetS,0.0,0.1568
Eisenbergiella_tayi,MDR,0.0,0.0
Eisenbergiella_tayi,ICI,0.06818181818181818,0.23471304347826089
Erysipelatoclostridium_ramosum,IBD,0.0,0.0
Erysipelatoclostridium_ramosum,rCDI,0.09574468085106383,0.23359038461538456
Erysipelatoclostridium_ramosum,MetS,0.0,0.1772
Erysipelatoclostridium_ramosum,MDR,0.16129032258064516,0.21809375000000003
Erysipelatoclostridium_ramosum,ICI,0.0,0.22095555555555557
Escherichia_coli,IBD,0.20833333333333334,0.2213714285714286
Escherichia_coli,rCDI,0.08823529411764706,0.2637759259259259
Escherichia_coli,MetS,0.13043478260869565,0.1910173913043478
Escherichia_coli,MDR,0.10526315789473684,0.19813636363636364
Escherichia_coli,ICI,0.06818181818181818,0.21713043478260868
Eubacterium_eligens,IBD,0.058823529411764705,0.18111428571428573
Eubacterium_eligens,rCDI,0.00909090909090909,0.2988934782608696
Eubacterium_eligens,MetS,0.0625,0.23830294117647058
Eubacterium_eligens,MDR,0.05555555555555555,0.22737142857142859
Eubacterium_eligens,ICI,0.08333333333333333,0.28388484848484846
Eubacterium_hallii,IBD,0.09302325581395349,0.3119263157894737
Eubacterium_hallii,rCDI,0.009433962264150943,0.4086853658536586
Eubacterium_hallii,MetS,0.09090909090909091,0.32539999999999997
Eubacterium_hallii,MDR,0.075,0.31848
Eubacterium_hallii,ICI,0.09090909090909091,0.3503419354838709
Eubacterium_ramulus,IBD,0.16216216216216217,0.2769894736842105
Eubacterium_ramulus,rCDI,0.00980392156862745,0.3508195121951219
Eubacterium_ramulus,MetS,0.125,0.28496666666666665
Eubacterium_ramulus,MDR,0.0,0.21814999999999998
Eubacterium_ramulus,ICI,0.10204081632653061,0.23906000000000002
Eubacterium_rectale,IBD,0.0,0.20036666666666667
Eubacterium_rectale,rCDI,0.008928571428571428,0.3404875
Eubacterium_rectale,MetS,0.08823529411764706,0.1985823529411765
Eubacterium_rectale,MDR,0.07894736842105263,0.2579611111111111
Eubacterium_rectale,ICI,0.09375,0.2936
Eubacterium_siraeum,IBD,0.09523809523809523,0.2054
Eubacterium_siraeum,rCDI,0.06666666666666667,0.22862142857142861
Eubacterium_siraeum,MetS,0.06976744186046512,0.2225652173913044
Eubacterium_siraeum,MDR,0.0,0.26332857142857147
Eubacterium_siraeum,ICI,0.07317073170731707,0.2684473684210526
Eubacterium_sp_CAG_180,IBD,0.0,0.0
Eubacterium_sp_CAG_180,rCDI,0.02564102564102564,0.2268
Eubacterium_sp_CAG_180,MetS,0.0,0.1812125
Eubacterium_sp_CAG_180,MDR,0.075,0.25471052631578944
Eubacterium_sp_CAG_180,ICI,0.02040816326530612,0.2680038461538462
Eubacterium_sp_CAG_251,IBD,0.0,0.0
Eubacterium_sp_CAG_251,rCDI,0.0,0.0
Eubacterium_sp_CAG_251,MetS,0.0,0.181375
Eubacterium_sp_CAG_251,MDR,0.0,0.0
Eubacterium_sp_CAG_251,ICI,0.0,0.0
Eubacterium_sp_CAG_274,IBD,0.0,0.0
Eubacterium_sp_CAG_274,rCDI,0.0,0.0
Eubacterium_sp_CAG_274,MetS,0.11538461538461539,0.24299642857142856
Eubacterium_sp_CAG_274,MDR,0.0,0.0
Eubacterium_sp_CAG_274,ICI,0.0,0.0
Eubacterium_sp_CAG_38,IBD,0.0,0.19563333333333333
Eubacterium_sp_CAG_38,rCDI,0.0,0.22563478260869563
Eubacterium_sp_CAG_38,MetS,0.09090909090909091,0.19657727272727274
Eubacterium_sp_CAG_38,MDR,0.045454545454545456,0.23427499999999998
Eubacterium_sp_CAG_38,ICI,0.0,0.20554999999999998
Eubacterium_sp_OM08_24,IBD,0.0,0.0
Eubacterium_sp_OM08_24,rCDI,0.0,0.0
Eubacterium_sp_OM08_24,MetS,0.0,0.0
Eubacterium_sp_OM08_24,MDR,0.0,0.0
Eubacterium_sp_OM08_24,ICI,0.0,0.0
Eubacterium_ventriosum,IBD,0.0,0.0
Eubacterium_ventriosum,rCDI,0.009708737864077669,0.35700750000000003
Eubacterium_ventriosum,MetS,0.09090909090909091,0.22779499999999997
Eubacterium_ventriosum,MDR,0.14428571428571427,0.20151111111111109
Eubacterium_ventriosum,ICI,0.09230769230769231,0.253751724137931
Faecalibacterium_prausnitzii,IBD,0.0,0.2167583333333333
Faecalibacterium_prausnitzii,rCDI,0.00819672131147541,0.31482000000000004
Faecalibacterium_prausnitzii,MetS,0.05194805194805195,0.23515945945945949
Faecalibacterium_prausnitzii,MDR,0.05172413793103448,0.3370461538461539
Faecalibacterium_prausnitzii,ICI,0.075,0.32667567567567574
Faecalitalea_cylindroides,IBD,0.0,0.0
Faecalitalea_cylindroides,rCDI,0.0,0.0
Faecalitalea_cylindroides,MetS,0.14285714285714285,0.2118529411764706
Faecalitalea_cylindroides,MDR,0.0,0.0
Faecalitalea_cylindroides,ICI,0.0,0.0
Firmicutes_bacterium_CAG_110,IBD,0.2222222222222222,0.2086818181818182
Firmicutes_bacterium_CAG_110,rCDI,0.0,0.3206027777777778
Firmicutes_bacterium_CAG_110,MetS,0.08,0.23601153846153847
Firmicutes_bacterium_CAG_110,MDR,0.0,0.0
Firmicutes_bacterium_CAG_110,ICI,0.11764705882352941,0.2844695652173913
Firmicutes_bacterium_CAG_145,IBD,0.0,0.0
Firmicutes_bacterium_CAG_145,rCDI,0.0,0.0
Firmicutes_bacterium_CAG_145,MetS,0.0,0.0
Firmicutes_bacterium_CAG_145,MDR,0.0,0.0
Firmicutes_bacterium_CAG_145,ICI,0.0,0.0
Firmicutes_bacterium_CAG_170,IBD,0.0,0.0
Firmicutes_bacterium_CAG_170,rCDI,0.0,0.0
Firmicutes_bacterium_CAG_170,MetS,0.0,0.0
Firmicutes_bacterium_CAG_170,MDR,0.0,0.0
Firmicutes_bacterium_CAG_170,ICI,0.0,0.0
Firmicutes_bacterium_CAG_238,IBD,0.0,0.0
Firmicutes_bacterium_CAG_238,rCDI,0.0,0.0
Firmicutes_bacterium_CAG_238,MetS,0.0,0.0
Firmicutes_bacterium_CAG_238,MDR,0.0,0.0
Firmicutes_bacterium_CAG_238,ICI,0.0,0.0
Firmicutes_bacterium_CAG_83,IBD,0.0,0.20500000000000002
Firmicutes_bacterium_CAG_83,rCDI,0.012048192771084338,0.26436857142857145
Firmicutes_bacterium_CAG_83,MetS,0.0,0.19074999999999998
Firmicutes_bacterium_CAG_83,MDR,0.08333333333333333,0.22191666666666665
Firmicutes_bacterium_CAG_83,ICI,0.04878048780487805,0.2307842105263158
Firmicutes_bacterium_CAG_94,IBD,0.0,0.0
Firmicutes_bacterium_CAG_94,rCDI,0.0,0.0
Firmicutes_bacterium_CAG_94,MetS,0.0,0.0
Firmicutes_bacterium_CAG_94,MDR,0.0,0.0
Firmicutes_bacterium_CAG_94,ICI,0.0,0.0
Firmicutes_bacterium_CAG_95,IBD,0.0,0.0
Firmicutes_bacterium_CAG_95,rCDI,0.0,0.0
Firmicutes_bacterium_CAG_95,MetS,0.1,0.177525
Firmicutes_bacterium_CAG_95,MDR,0.0,0.0
Firmicutes_bacterium_CAG_95,ICI,0.0,0.0
Flavonifractor_plautii,IBD,0.05263157894736842,0.19237272727272725
Flavonifractor_plautii,rCDI,0.08108108108108109,0.26035294117647056
Flavonifractor_plautii,MetS,0.0,0.205115
Flavonifractor_plautii,MDR,0.08571428571428572,0.269
Flavonifractor_plautii,ICI,0.04,0.23293214285714287
Fusicatenibacter_saccharivorans,IBD,0.11428571428571428,0.27655625
Fusicatenibacter_saccharivorans,rCDI,0.009615384615384616,0.3898461538461538
Fusicatenibacter_saccharivorans,MetS,0.0,0.2667611111111111
Fusicatenibacter_saccharivorans,MDR,0.07142857142857142,0.29687500000000006
Fusicatenibacter_saccharivorans,ICI,0.0821917808219178,0.39164687499999995
Gemmiger_formicilis,IBD,0.3,0.2637666666666667
Gemmiger_formicilis,rCDI,0.008,0.35225833333333334
Gemmiger_formicilis,MetS,0.0,0.23328823529411766
Gemmiger_formicilis,MDR,0.061224489795918366,0.2894047619047619
Gemmiger_formicilis,ICI,0.10909090909090909,0.25466785714285717
Gordonibacter_pamelaeae,IBD,0.16216216216216217,0.22181363636363638
Gordonibacter_pamelaeae,rCDI,0.016666666666666666,0.25697000000000003
Gordonibacter_pamelaeae,MetS,0.09090909090909091,0.26725937499999997
Gordonibacter_pamelaeae,MDR,0.09090909090909091,0.30340588235294114
Gordonibacter_pamelaeae,ICI,0.08163265306122448,0.2920142857142857
Haemophilus_parainfluenzae,IBD,0.23076923076923078,0.2513533333333334
Haemophilus_parainfluenzae,rCDI,0.1111111111111111,0.22266896551724139
Haemophilus_parainfluenzae,MetS,0.14285714285714285,0.20615384615384613
Haemophilus_parainfluenzae,MDR,0.07323232323232322,0.3237628579997001
Haemophilus_parainfluenzae,ICI,0.0,0.18455
Hafnia_alvei,IBD,0.0,0.0
Hafnia_alvei,rCDI,0.0,0.0
Hafnia_alvei,MetS,0.0,0.0
Hafnia_alvei,MDR,0.0,0.0
Hafnia_alvei,ICI,0.0,0.0
Holdemanella_biformis,IBD,0.0,0.2211
Holdemanella_biformis,rCDI,0.0,0.0
Holdemanella_biformis,MetS,0.043478260869565216,0.22310833333333335
Holdemanella_biformis,MDR,0.0625,0.23006666666666664
Holdemanella_biformis,ICI,0.027777777777777776,0.195185
Hungatella_hathewayi,IBD,0.0,0.0
Hungatella_hathewayi,rCDI,0.14893617021276595,0.24663684210526318
Hungatella_hathewayi,MetS,0.0,0.15835
Hungatella_hathewayi,MDR,0.1590909090909091,0.2547291666666667
Hungatella_hathewayi,ICI,0.058823529411764705,0.23284444444444446
Intestinibacter_bartlettii,IBD,0.13636363636363635,0.24127916666666668
Intestinibacter_bartlettii,rCDI,0.03571428571428571,0.2010875
Intestinibacter_bartlettii,MetS,0.0,0.16235
Intestinibacter_bartlettii,MDR,0.0,0.20191666666666666
Intestinibacter_bartlettii,ICI,0.0,0.0
Intestinimonas_butyriciproducens,IBD,0.0,0.0
Intestinimonas_butyriciproducens,rCDI,0.0,0.21670000000000003
Intestinimonas_butyriciproducens,MetS,0.0,0.1564
Intestinimonas_butyriciproducens,MDR,0.19230769230769232,0.2157416666666667
Intestinimonas_butyriciproducens,ICI,0.07547169811320754,0.24468518518518523
Klebsiella_pneumoniae,IBD,0.0,0.0
Klebsiella_pneumoniae,rCDI,0.08411214953271028,0.2956327868852459
Klebsiella_pneumoniae,MetS,0.14285714285714285,0.23242608695652175
Klebsiella_pneumoniae,MDR,0.07142857142857142,0.2179625
Klebsiella_pneumoniae,ICI,0.0,0.0
Klebsiella_quasipneumoniae,IBD,0.0,0.0
Klebsiella_quasipneumoniae,rCDI,0.09574468085106383,0.28844313725490195
Klebsiella_quasipneumoniae,MetS,0.35714285714285715,0.373625
Klebsiella_quasipneumoniae,MDR,0.0,0.0
Klebsiella_quasipneumoniae,ICI,0.0,0.0
Klebsiella_variicola,IBD,0.0,0.0
Klebsiella_variicola,rCDI,0.08823529411764706,0.2864551724137931
Klebsiella_variicola,MetS,0.20689655172413793,0.25443076923076924
Klebsiella_variicola,MDR,0.0,0.0
Klebsiella_variicola,ICI,0.0,0.0
Lachnospira_pectinoschiza,IBD,0.0,0.1598
Lachnospira_pectinoschiza,rCDI,0.01020408163265306,0.3117388888888889
Lachnospira_pectinoschiza,MetS,0.15,0.20483636363636365
Lachnospira_pectinoschiza,MDR,0.10526315789473684,0.21703
Lachnospira_pectinoschiza,ICI,0.09433962264150944,0.26815
Lactobacillus_delbrueckii,IBD,0.0,0.0
Lactobacillus_delbrueckii,rCDI,0.0,0.0
Lactobacillus_delbrueckii,MetS,0.0,0.0
Lactobacillus_delbrueckii,MDR,0.0,0.0
Lactobacillus_delbrueckii,ICI,0.0,0.0
Lactobacillus_rogosae,IBD,0.0,0.0
Lactobacillus_rogosae,rCDI,0.0,0.24185
Lactobacillus_rogosae,MetS,0.0,0.2585
Lactobacillus_rogosae,MDR,0.0,0.0
Lactobacillus_rogosae,ICI,0.0,0.0
Lactobacillus_ruminis,IBD,0.0,0.0
Lactobacillus_ruminis,rCDI,0.07017543859649122,0.2037193548387097
Lactobacillus_ruminis,MetS,0.1,0.20072142857142855
Lactobacillus_ruminis,MDR,0.0,0.0
Lactobacillus_ruminis,ICI,0.0,0.0
Lactococcus_lactis,IBD,0.0,0.0
Lactococcus_lactis,rCDI,0.12727272727272726,0.2152137931034483
Lactococcus_lactis,MetS,0.0,0.0
Lactococcus_lactis,MDR,0.0,0.0
Lactococcus_lactis,ICI,0.0,0.0
Lawsonibacter_asaccharolyticus,IBD,0.0,0.1838
Lawsonibacter_asaccharolyticus,rCDI,0.0,0.20800555555555553
Lawsonibacter_asaccharolyticus,MetS,0.0,0.1792
Lawsonibacter_asaccharolyticus,MDR,0.0,0.2079875
Lawsonibacter_asaccharolyticus,ICI,0.0,0.20608000000000004
Megamonas_funiformis,IBD,0.0,0.0
Megamonas_funiformis,rCDI,0.0,0.0
Megamonas_funiformis,MetS,0.0,0.2883
Megamonas_funiformis,MDR,0.0,0.0
Megamonas_funiformis,ICI,0.0,0.0
Megamonas_funiformis_CAG_377,IBD,0.0,0.0
Megamonas_funiformis_CAG_377,rCDI,0.0,0.0
Megamonas_funiformis_CAG_377,MetS,0.0,0.0
Megamonas_funiformis_CAG_377,MDR,0.0,0.0
Megamonas_funiformis_CAG_377,ICI,0.0,0.0
Megamonas_hypermegale,IBD,0.0,0.0
Megamonas_hypermegale,rCDI,0.0,0.0
Megamonas_hypermegale,MetS,0.0,0.24757777777777776
Megamonas_hypermegale,MDR,0.0,0.0
Megamonas_hypermegale,ICI,0.0,0.0
Megasphaera_elsdenii,IBD,0.0,0.0
Megasphaera_elsdenii,rCDI,0.0,0.0
Megasphaera_elsdenii,MetS,0.16216216216216217,0.20781764705882352
Megasphaera_elsdenii,MDR,0.0,0.0
Megasphaera_elsdenii,ICI,0.0,0.0
Methanobrevibacter_smithii,IBD,0.0,0.205325
Methanobrevibacter_smithii,rCDI,0.0,0.0
Methanobrevibacter_smithii,MetS,0.10714285714285714,0.21715714285714288
Methanobrevibacter_smithii,MDR,0.0,0.0
Methanobrevibacter_smithii,ICI,0.0625,0.20826875
Mitsuokella_jalaludinii,IBD,0.0,0.0
Mitsuokella_jalaludinii,rCDI,0.0,0.0
Mitsuokella_jalaludinii,MetS,0.0,0.0
Mitsuokella_jalaludinii,MDR,0.0,0.0
Mitsuokella_jalaludinii,ICI,0.0,0.0
Monoglobus_pectinilyticus,IBD,0.0,0.0
Monoglobus_pectinilyticus,rCDI,0.07692307692307693,0.22469999999999998
Monoglobus_pectinilyticus,MetS,0.0,0.0
Monoglobus_pectinilyticus,MDR,0.0,0.0
Monoglobus_pectinilyticus,ICI,0.0,0.23166
Odoribacter_splanchnicus,IBD,0.06896551724137931,0.28753793103448283
Odoribacter_splanchnicus,rCDI,0.011494252873563218,0.32683999999999996
Odoribacter_splanchnicus,MetS,0.05,0.307472972972973
Odoribacter_splanchnicus,MDR,0.08,0.2197
Odoribacter_splanchnicus,ICI,0.04918032786885246,0.26916666666666667
Olsenella_scatoligenes,IBD,0.0,0.0
Olsenella_scatoligenes,rCDI,0.0,0.0
Olsenella_scatoligenes,MetS,0.06666666666666667,0.18416
Olsenella_scatoligenes,MDR,0.0,0.0
Olsenella_scatoligenes,ICI,0.0,0.0
Oscillibacter_sp_57_20,IBD,0.05555555555555555,0.2218
Oscillibacter_sp_57_20,rCDI,0.010101010101010102,0.2880536585365854
Oscillibacter_sp_57_20,MetS,0.043478260869565216,0.2953318181818182
Oscillibacter_sp_57_20,MDR,0.05714285714285714,0.2588214285714286
Oscillibacter_sp_57_20,ICI,0.04081632653061224,0.30364499999999994
Oscillibacter_sp_CAG_241,IBD,0.0,0.184275
Oscillibacter_sp_CAG_241,rCDI,0.0,0.33173793103448274
Oscillibacter_sp_CAG_241,MetS,0.04819277108433735,0.2722657894736841
Oscillibacter_sp_CAG_241,MDR,0.09090909090909091,0.22535000000000002
Oscillibacter_sp_CAG_241,ICI,0.04081632653061224,0.29780000000000006
Parabacteroides_distasonis,IBD,0.075,0.28661764705882353
Parabacteroides_distasonis,rCDI,0.012987012987012988,0.3439151515151515
Parabacteroides_distasonis,MetS,0.06976744186046512,0.26
Parabacteroides_distasonis,MDR,0.0,0.2306166666666666
Parabacteroides_distasonis,ICI,0.08163265306122448,0.2710863636363637
Parabacteroides_goldsteinii,IBD,0.0,0.0
Parabacteroides_goldsteinii,rCDI,0.0,0.0
Parabacteroides_goldsteinii,MetS,0.0,0.0
Parabacteroides_goldsteinii,MDR,0.0,0.0
Parabacteroides_goldsteinii,ICI,0.0,0.0
Parabacteroides_johnsonii,IBD,0.0,0.0
Parabacteroides_johnsonii,rCDI,0.0,0.0
Parabacteroides_johnsonii,MetS,0.0,0.0
Parabacteroides_johnsonii,MDR,0.0,0.0
Parabacteroides_johnsonii,ICI,0.0,0.20276153846153847
Parabacteroides_merdae,IBD,0.06818181818181818,0.2836888888888888
Parabacteroides_merdae,rCDI,0.01,0.3384461538461539
Parabacteroides_merdae,MetS,0.06153846153846154,0.2988111111111111
Parabacteroides_merdae,MDR,0.0,0.25761111111111107
Parabacteroides_merdae,ICI,0.05263157894736842,0.26687999999999995
Paraprevotella_xylaniphila,IBD,0.16666666666666666,0.18164285714285716
Paraprevotella_xylaniphila,rCDI,0.0,0.0
Paraprevotella_xylaniphila,MetS,0.23076923076923078,0.1938375
Paraprevotella_xylaniphila,MDR,0.18181818181818182,0.27627999999999997
Paraprevotella_xylaniphila,ICI,0.11764705882352941,0.272276
Parasutterella_excrementihominis,IBD,0.08695652173913043,0.21934166666666668
Parasutterella_excrementihominis,rCDI,0.0,0.2386523809523809
Parasutterella_excrementihominis,MetS,0.0,0.279375
Parasutterella_excrementihominis,MDR,0.12222222222222223,0.25171523809523805
Parasutterella_excrementihominis,ICI,0.05128205128205128,0.3158590909090909
Phascolarctobacterium_faecium,IBD,0.0,0.0
Phascolarctobacterium_faecium,rCDI,0.0,0.345230303030303
Phascolarctobacterium_faecium,MetS,0.06666666666666667,0.18521875
Phascolarctobacterium_faecium,MDR,0.043478260869565216,0.25713333333333327
Phascolarctobacterium_faecium,ICI,0.0,0.2504238095238095
Phascolarctobacterium_sp_CAG_266,IBD,0.0,0.0
Phascolarctobacterium_sp_CAG_266,rCDI,0.0,0.0
Phascolarctobacterium_sp_CAG_266,MetS,0.0,0.0
Phascolarctobacterium_sp_CAG_266,MDR,0.0,0.0
Phascolarctobacterium_sp_CAG_266,ICI,0.0,0.0
Prevotella_copri,IBD,0.15625,0.24151428571428574
Prevotella_copri,rCDI,0.0,0.33629615384615386
Prevotella_copri,MetS,0.05555555555555555,0.2626631578947368
Prevotella_copri,MDR,0.02702702702702703,0.28636
Prevotella_copri,ICI,0.09615384615384616,0.314448
Prevotella_sp_885,IBD,0.0,0.0
Prevotella_sp_885,rCDI,0.04,0.21986666666666665
Prevotella_sp_885,MetS,0.0,0.0
Prevotella_sp_885,MDR,0.0,0.0
Prevotella_sp_885,ICI,0.0,0.0
Prevotella_sp_CAG_279,IBD,0.0,0.0
Prevotella_sp_CAG_279,rCDI,0.0,0.0
Prevotella_sp_CAG_279,MetS,0.0,0.0
Prevotella_sp_CAG_279,MDR,0.0,0.0
Prevotella_sp_CAG_279,ICI,0.0,0.0
Prevotella_sp_CAG_520,IBD,0.0,0.0
Prevotella_sp_CAG_520,rCDI,0.0,0.0
Prevotella_sp_CAG_520,MetS,0.0,0.0
Prevotella_sp_CAG_520,MDR,0.0,0.0
Prevotella_sp_CAG_520,ICI,0.0,0.0
Prevotella_sp_CAG_5226,IBD,0.0,0.0
Prevotella_sp_CAG_5226,rCDI,0.0,0.0
Prevotella_sp_CAG_5226,MetS,0.0,0.0
Prevotella_sp_CAG_5226,MDR,0.0,0.0
Prevotella_sp_CAG_5226,ICI,0.0,0.0
Prevotella_stercorea,IBD,0.0,0.0
Prevotella_stercorea,rCDI,0.0,0.0
Prevotella_stercorea,MetS,0.0,0.0
Prevotella_stercorea,MDR,0.0,0.0
Prevotella_stercorea,ICI,0.0,0.0
Propionibacterium_freudenreichii,IBD,0.0,0.0
Propionibacterium_freudenreichii,rCDI,0.0,0.0
Propionibacterium_freudenreichii,MetS,0.0,0.0
Propionibacterium_freudenreichii,MDR,0.0,0.0
Propionibacterium_freudenreichii,ICI,0.0,0.0
Proteobacteria_bacterium_CAG_139,IBD,0.09090909090909091,0.23520666666666667
Proteobacteria_bacterium_CAG_139,rCDI,0.13333333333333333,0.31101666666666666
Proteobacteria_bacterium_CAG_139,MetS,0.0,0.24076666666666666
Proteobacteria_bacterium_CAG_139,MDR,0.0,0.0
Proteobacteria_bacterium_CAG_139,ICI,0.05333333333333334,0.3208463414634146
Roseburia_faecis,IBD,0.0,0.188975
Roseburia_faecis,rCDI,0.010101010101010102,0.2737581395348837
Roseburia_faecis,MetS,0.10344827586206896,0.20126
Roseburia_faecis,MDR,0.058823529411764705,0.29330399999999995
Roseburia_faecis,ICI,0.07792207792207792,0.3208588235294117
Roseburia_hominis,IBD,0.0,0.18489999999999998
Roseburia_hominis,rCDI,0.00909090909090909,0.29143829787234043
Roseburia_hominis,MetS,0.07692307692307693,0.23170833333333332
Roseburia_hominis,MDR,0.045454545454545456,0.21077857142857143
Roseburia_hominis,ICI,0.12244897959183673,0.251395652173913
Roseburia_intestinalis,IBD,0.2222222222222222,0.18425
Roseburia_intestinalis,rCDI,0.014492753623188406,0.2679594594594595
Roseburia_intestinalis,MetS,0.11764705882352941,0.21570555555555554
Roseburia_intestinalis,MDR,0.0,0.219275
Roseburia_intestinalis,ICI,0.12195121951219512,0.2463666666666667
Roseburia_inulinivorans,IBD,0.0,0.2609
Roseburia_inulinivorans,rCDI,0.009708737864077669,0.342405
Roseburia_inulinivorans,MetS,0.08163265306122448,0.225032
Roseburia_inulinivorans,MDR,0.0,0.20933333333333334
Roseburia_inulinivorans,ICI,0.10909090909090909,0.2582083333333333
Roseburia_sp_CAG_182,IBD,0.0,0.0
Roseburia_sp_CAG_182,rCDI,0.0,0.0
Roseburia_sp_CAG_182,MetS,0.0,0.0
Roseburia_sp_CAG_182,MDR,0.0,0.0
Roseburia_sp_CAG_182,ICI,0.0,0.0
Roseburia_sp_CAG_303,IBD,0.0,0.0
Roseburia_sp_CAG_303,rCDI,0.0,0.0
Roseburia_sp_CAG_303,MetS,0.0,0.0
Roseburia_sp_CAG_303,MDR,0.0,0.0
Roseburia_sp_CAG_303,ICI,0.0,0.0
Roseburia_sp_CAG_309,IBD,0.0,0.0
Roseburia_sp_CAG_309,rCDI,0.0,0.0
Roseburia_sp_CAG_309,MetS,0.0,0.0
Roseburia_sp_CAG_309,MDR,0.0,0.0
Roseburia_sp_CAG_309,ICI,0.0,0.0
Roseburia_sp_CAG_471,IBD,0.0,0.0
Roseburia_sp_CAG_471,rCDI,0.04878048780487805,0.22157999999999997
Roseburia_sp_CAG_471,MetS,0.0,0.0
Roseburia_sp_CAG_471,MDR,0.0,0.0
Roseburia_sp_CAG_471,ICI,0.0,0.0
Ruminococcaceae_bacterium_D16,IBD,0.08333333333333333,0.19491666666666665
Ruminococcaceae_bacterium_D16,rCDI,0.08333333333333333,0.19491666666666665
Ruminococcaceae_bacterium_D16,MetS,0.08333333333333333,0.19491666666666665
Ruminococcaceae_bacterium_D16,MDR,0.08333333333333333,0.19491666666666665
Ruminococcaceae_bacterium_D16,ICI,0.08333333333333333,0.19491666666666665
Ruminococcus_bicirculans,IBD,0.07692307692307693,0.1803625
Ruminococcus_bicirculans,rCDI,0.009615384615384616,0.32875750000000004
Ruminococcus_bicirculans,MetS,0.05263157894736842,0.21659047619047622
Ruminococcus_bicirculans,MDR,0.08571428571428572,0.24096842105263155
Ruminococcus_bicirculans,ICI,0.10638297872340426,0.24419
Ruminococcus_bromii,IBD,0.0,0.16346666666666668
Ruminococcus_bromii,rCDI,0.0,0.21422799999999997
Ruminococcus_bromii,MetS,0.0,0.19163333333333332
Ruminococcus_bromii,MDR,0.06521739130434782,0.252775
Ruminococcus_bromii,ICI,0.043478260869565216,0.27150416666666666
Ruminococcus_callidus,IBD,0.0,0.0
Ruminococcus_callidus,rCDI,0.0,0.0
Ruminococcus_callidus,MetS,0.0,0.1903
Ruminococcus_callidus,MDR,0.0,0.0
Ruminococcus_callidus,ICI,0.0,0.0
Ruminococcus_gnavus,IBD,0.15789473684210525,0.22414
Ruminococcus_gnavus,rCDI,0.08333333333333333,0.2618129032258064
Ruminococcus_gnavus,MetS,0.08333333333333333,0.2393048780487805
Ruminococcus_gnavus,MDR,0.10204081632653061,0.309368
Ruminococcus_gnavus,ICI,0.021739130434782608,0.2503875
Ruminococcus_lactaris,IBD,0.0,0.0
Ruminococcus_lactaris,rCDI,0.010752688172043012,0.3240243243243243
Ruminococcus_lactaris,MetS,0.06666666666666667,0.17729999999999999
Ruminococcus_lactaris,MDR,0.0,0.196125
Ruminococcus_lactaris,ICI,0.0,0.19861999999999996
Ruminococcus_sp_CAG_330,IBD,0.0,0.0
Ruminococcus_sp_CAG_330,rCDI,0.0,0.0
Ruminococcus_sp_CAG_330,MetS,0.0,0.0
Ruminococcus_sp_CAG_330,MDR,0.0,0.0
Ruminococcus_sp_CAG_330,ICI,0.0,0.0
Ruminococcus_sp_CAG_403,IBD,0.0,0.0
Ruminococcus_sp_CAG_403,rCDI,0.0,0.0
Ruminococcus_sp_CAG_403,MetS,0.0,0.0
Ruminococcus_sp_CAG_403,MDR,0.0,0.0
Ruminococcus_sp_CAG_403,ICI,0.0,0.0
Ruminococcus_sp_CAG_563,IBD,0.0,0.0
Ruminococcus_sp_CAG_563,rCDI,0.0,0.0
Ruminococcus_sp_CAG_563,MetS,0.0,0.0
Ruminococcus_sp_CAG_563,MDR,0.0,0.0
Ruminococcus_sp_CAG_563,ICI,0.0,0.0
Ruminococcus_sp_CAG_624,IBD,0.0,0.0
Ruminococcus_sp_CAG_624,rCDI,0.0,0.0
Ruminococcus_sp_CAG_624,MetS,0.0,0.0
Ruminococcus_sp_CAG_624,MDR,0.0,0.0
Ruminococcus_sp_CAG_624,ICI,0.0,0.0
Ruminococcus_torques,IBD,0.12,0.2701642857142857
Ruminococcus_torques,rCDI,0.01,0.366825
Ruminococcus_torques,MetS,0.04,0.26214375
Ruminococcus_torques,MDR,0.06060606060606061,0.22569999999999998
Ruminococcus_torques,ICI,0.07407407407407407,0.26664230769230773
Ruthenibacterium_lactatiformans,IBD,0.058823529411764705,0.18817
Ruthenibacterium_lactatiformans,rCDI,0.01282051282051282,0.24712727272727275
Ruthenibacterium_lactatiformans,MetS,0.04,0.21476071428571425
Ruthenibacterium_lactatiformans,MDR,0.15625,0.24151764705882356
Ruthenibacterium_lactatiformans,ICI,0.02857142857142857,0.26786315789473686
Sellimonas_intestinalis,IBD,0.0,0.0
Sellimonas_intestinalis,rCDI,0.061224489795918366,0.2290086956521739
Sellimonas_intestinalis,MetS,0.15,0.19390000000000002
Sellimonas_intestinalis,MDR,0.14285714285714285,0.27941363636363636
Sellimonas_intestinalis,ICI,0.0,0.0
Slackia_isoflavoniconvertens,IBD,0.0,0.2124
Slackia_isoflavoniconvertens,rCDI,0.0,0.266354054054054
Slackia_isoflavoniconvertens,MetS,0.08695652173913043,0.22407500000000002
Slackia_isoflavoniconvertens,MDR,0.0,0.0
Slackia_isoflavoniconvertens,ICI,0.1111111111111111,0.237175
Streptococcus_downei,IBD,0.0,0.0
Streptococcus_downei,rCDI,0.0,0.0
Streptococcus_downei,MetS,0.0,0.0
Streptococcus_downei,MDR,0.0,0.0
Streptococcus_downei,ICI,0.0,0.0
Streptococcus_parasanguinis,IBD,0.16666666666666666,0.2619473684210526
Streptococcus_parasanguinis,rCDI,0.0898876404494382,0.268652
Streptococcus_parasanguinis,MetS,0.08695652173913043,0.2620342105263158
Streptococcus_parasanguinis,MDR,0.034482758620689655,0.30095000000000005
Streptococcus_parasanguinis,ICI,0.0,0.21413749999999998
Streptococcus_parauberis,IBD,0.0,0.0
Streptococcus_parauberis,rCDI,0.0,0.0
Streptococcus_parauberis,MetS,0.0,0.0
Streptococcus_parauberis,MDR,0.0,0.0
Streptococcus_parauberis,ICI,0.0,0.0
Streptococcus_salivarius,IBD,0.16216216216216217,0.259021052631579
Streptococcus_salivarius,rCDI,0.08860759493670886,0.2528674418604651
Streptococcus_salivarius,MetS,0.07317073170731707,0.28902000000000005
Streptococcus_salivarius,MDR,0.027777777777777776,0.3028
Streptococcus_salivarius,ICI,0.023255813953488372,0.23297500000000002
Streptococcus_thermophilus,IBD,0.16666666666666666,0.23261000000000004
Streptococcus_thermophilus,rCDI,0.10606060606060606,0.225669696969697
Streptococcus_thermophilus,MetS,0.0,0.0
Streptococcus_thermophilus,MDR,0.05263157894736842,0.2013909090909091
Streptococcus_thermophilus,ICI,0.0,0.1696
Sutterella_parvirubra,IBD,0.0,0.0
Sutterella_parvirubra,rCDI,0.0,0.0
Sutterella_parvirubra,MetS,0.12903225806451613,0.1968
Sutterella_parvirubra,MDR,0.0,0.0
Sutterella_parvirubra,ICI,0.0,0.0
Turicibacter_sanguinis,IBD,0.0,0.0
Turicibacter_sanguinis,rCDI,0.0,0.20581666666666668
Turicibacter_sanguinis,MetS,0.0,0.0
Turicibacter_sanguinis,MDR,0.0,0.0
Turicibacter_sanguinis,ICI,0.0,0.0
Turicimonas_muris,IBD,0.0,0.0
Turicimonas_muris,rCDI,0.18518518518518517,0.23677692307692308
Turicimonas_muris,MetS,0.0,0.30845
Turicimonas_muris,MDR,0.0,0.0
Turicimonas_muris,ICI,0.0625,0.29313142857142854
Tyzzerella_nexilis,IBD,0.0,0.0
Tyzzerella_nexilis,rCDI,0.1891891891891892,0.19435333333333332
Tyzzerella_nexilis,MetS,0.0,0.0
Tyzzerella_nexilis,MDR,0.0,0.0
Tyzzerella_nexilis,ICI,0.0,0.0
Veillonella_atypica,IBD,0.12666666666666668,0.29390912698412697
Veillonella_atypica,rCDI,0.09183673469387756,0.265036
Veillonella_atypica,MetS,0.0,0.25289999999999996
Veillonella_atypica,MDR,0.12666666666666668,0.29390912698412697
Veillonella_atypica,ICI,0.12666666666666668,0.29390912698412697
Veillonella_dispar,IBD,0.1169453734671126,0.30724830917874396
Veillonella_dispar,rCDI,0.10112359550561797,0.26324545454545456
Veillonella_dispar,MetS,0.15384615384615385,0.23221666666666665
Veillonella_dispar,MDR,0.1169453734671126,0.30724830917874396
Veillonella_dispar,ICI,0.1169453734671126,0.30724830917874396
Veillonella_parvula,IBD,0.21739130434782608,0.2767846153846154
Veillonella_parvula,rCDI,0.09090909090909091,0.2615716981132075
Veillonella_parvula,MetS,0.15,0.2299444444444444
Veillonella_parvula,MDR,0.03571428571428571,0.26755882352941174
Veillonella_parvula,ICI,0.0,0.19746666666666668
